,Academic Reputation,Citations Per Paper,Employer Reputation,H-Index Citations,Name,Overall Score,Rank,URL
0,100,90.5,99.7,97.4,Massachusetts Institute of Technology (MIT) ,98.1,1,https://www.topuniversities.com/universities/massachusetts-institute-technology-mit
1,96.5,92.1,96.8,95,Stanford University,95.7,2,https://www.topuniversities.com/universities/stanford-university
2,94.9,91.8,90,96.1,"University of California, Berkeley (UCB)",93.1,3,https://www.topuniversities.com/universities/university-california-berkeley-ucb
3,99.4,88.9,86.2,87.9,"University of California, Los Angeles (UCLA)",92.1,4,https://www.topuniversities.com/universities/university-california-los-angeles-ucla
4,91.4,87.4,98.7,83.4,University of Cambridge,91.8,5,https://www.topuniversities.com/universities/university-cambridge
5,89,90.8,88,98.1,"Nanyang Technological University, Singapore (NTU)",90.3,6,https://www.topuniversities.com/universities/nanyang-technological-university-singapore-ntu
6,84.7,83.9,96.1,98.3,Tsinghua University,90,7,https://www.topuniversities.com/universities/tsinghua-university
7,85.6,91.5,100,79,Harvard University,89.8,8,https://www.topuniversities.com/universities/harvard-university
8,88.6,89.9,89.7,92.4,Imperial College London,89.7,9,https://www.topuniversities.com/universities/imperial-college-london
9,89.5,89.5,87.8,92.1,ETH Zurich - Swiss Federal Institute of Technology,89.4,10,https://www.topuniversities.com/universities/eth-zurich-swiss-federal-institute-technology
10,85.4,90.7,97.7,80.8,University of Oxford,89.2,11,https://www.topuniversities.com/universities/university-oxford
11,84.6,90.5,90.2,94.7,National University of Singapore (NUS),88.7,12,https://www.topuniversities.com/universities/national-university-singapore-nus
12,87.9,76.4,98.4,79.9,The University of Tokyo,88.1,13,https://www.topuniversities.com/universities/university-tokyo
13,94.2,90.4,78.3,87.2,Ecole Polytechnique Fédérale de Lausanne (EPFL),87.8,14,https://www.topuniversities.com/universities/ecole-polytechnique-f%C3%A9d%C3%A9rale-de-lausanne-epfl
14,91,83.9,88.6,80.8,California Institute of Technology (Caltech),87.7,15,https://www.topuniversities.com/universities/california-institute-technology-caltech
15,86.2,88.2,85.3,95.5,Georgia Institute of Technology,87.6,16,https://www.topuniversities.com/universities/georgia-institute-technology
16,83.7,86.1,86.9,91.2,KAIST - Korea Advanced Institute of Science & Technology,86.1,17,https://www.topuniversities.com/universities/kaist-korea-advanced-institute-science-technology
17,86.5,89,80.2,86.1,University of Illinois at Urbana-Champaign,84.9,18,https://www.topuniversities.com/universities/university-illinois-urbana-champaign
18,83.5,80.4,88.5,83.8,Tokyo Institute of Technology,84.6,19,https://www.topuniversities.com/universities/tokyo-institute-technology
19,79.2,85.7,90,86.1,Seoul National University,84.5,20,https://www.topuniversities.com/universities/seoul-national-university
20,80.4,90.3,81,92.4,University of Texas at Austin,83.9,21,https://www.topuniversities.com/universities/university-texas-austin
21,78,81.7,92.5,84.2,Peking University,83.8,22,https://www.topuniversities.com/universities/peking-university
22,83.7,85.8,85.4,78.5,Carnegie Mellon University,83.7,=23,https://www.topuniversities.com/universities/carnegie-mellon-university
23,75.9,96.9,79.2,100,Universiti Malaya (UM),83.7,=23,https://www.topuniversities.com/universities/universiti-malaya-um
24,82.5,86.7,81.6,87.2,University of Michigan,83.6,25,https://www.topuniversities.com/universities/university-michigan
25,85.2,84.9,78.2,86.5,KTH Royal Institute of Technology ,83.3,26,https://www.topuniversities.com/universities/kth-royal-institute-technology
26,82.7,83.7,83,83.8,National Taiwan University (NTU),83.1,=27,https://www.topuniversities.com/universities/national-taiwan-university-ntu
27,82.3,88.1,83,80.4,Princeton University,83.1,=27,https://www.topuniversities.com/universities/princeton-university
28,80.4,86.3,85.6,79.9,The Hong Kong University of Science and Technology,82.8,29,https://www.topuniversities.com/universities/hong-kong-university-science-technology
29,79.1,84.6,85.2,84.2,National Tsing Hua University,82.5,=30,https://www.topuniversities.com/universities/national-tsing-hua-university
30,80.8,87.6,81.8,83,University of Toronto,82.5,=30,https://www.topuniversities.com/universities/university-toronto
31,81.8,91,77.5,82.1,Columbia University,81.9,=32,https://www.topuniversities.com/universities/columbia-university
32,83.6,86.7,79.4,77.5,The Chinese University of Hong Kong (CUHK),81.9,=32,https://www.topuniversities.com/universities/chinese-university-hong-kong-cuhk
33,75.1,89.7,84.8,85.7,The University of Hong Kong,81.8,34,https://www.topuniversities.com/universities/university-hong-kong
34,77.5,86.7,86.6,77,The University of Melbourne,81.5,35,https://www.topuniversities.com/universities/university-melbourne
35,81.1,92.8,68.3,96.8,Aalborg University,81.4,36,https://www.topuniversities.com/universities/aalborg-university
36,73.5,82.2,87.3,89.3,Shanghai Jiao Tong University,81.3,37,https://www.topuniversities.com/universities/shanghai-jiao-tong-university
37,86.4,86.8,69.3,85.3,"University of California, San Diego (UCSD)",81.2,38,https://www.topuniversities.com/universities/university-california-san-diego-ucsd
38,79.8,89.1,80,78.5,Cornell University,81.1,=39,https://www.topuniversities.com/universities/cornell-university
39,81,84.3,75,90.6,Delft University of Technology,81.1,=39,https://www.topuniversities.com/universities/delft-university-technology
40,80.6,81.1,80.9,82.1,Technical University of Munich,81,41,https://www.topuniversities.com/universities/technical-university-munich
41,78.8,83,80.7,83.4,Purdue University,80.7,42,https://www.topuniversities.com/universities/purdue-university
42,78.9,81.3,80.2,83,National Chiao Tung University,80.3,43,https://www.topuniversities.com/universities/national-chiao-tung-university
43,82.1,84.4,77.3,73.2,The Australian National University,79.7,44,https://www.topuniversities.com/universities/australian-national-university
44,74.1,89,76.8,85.3,University of British Columbia,78.8,45,https://www.topuniversities.com/universities/university-british-columbia
45,80.3,87.7,71,80.8,University of Southern California,78.7,=46,https://www.topuniversities.com/universities/university-southern-california
46,66.8,85.9,81.7,97.1,Zhejiang University,78.7,=46,https://www.topuniversities.com/universities/zhejiang-university
47,72.1,89.3,78.3,86.1,The University of New South Wales (UNSW Sydney),78.6,48,https://www.topuniversities.com/universities/university-new-south-wales-unsw-sydney
48,74.4,88,76.5,83,Indian Institute of Technology Delhi (IITD),78.4,49,https://www.topuniversities.com/universities/indian-institute-technology-delhi-iitd
49,74.1,81.2,81.3,80.4,Politecnico di Milano,78.3,50,https://www.topuniversities.com/universities/politecnico-di-milano
50,74.4,85.7,69.2,82.5,Chalmers University of Technology,,51-100,https://www.topuniversities.com/universities/chalmers-university-technology
51,71.9,91.4,68.6,89.6,City University of Hong Kong,,51-100,https://www.topuniversities.com/universities/city-university-hong-kong
52,64.4,85.5,85.7,79.9,Fudan University,,51-100,https://www.topuniversities.com/universities/fudan-university
53,63.3,83.8,84.8,80.8,Hanyang University,,51-100,https://www.topuniversities.com/universities/hanyang-university
54,76.1,83,64.1,78.5,Indian Institute of Science (IISc) Bangalore,,51-100,https://www.topuniversities.com/universities/indian-institute-science-iisc-bangalore
55,72.8,81.9,79.1,70.2,Indian Institute of Technology Bombay (IITB),,51-100,https://www.topuniversities.com/universities/indian-institute-technology-bombay-iitb
56,69.5,84.2,73.6,73.8,Indian Institute of Technology Madras (IITM),,51-100,https://www.topuniversities.com/universities/indian-institute-technology-madras-iitm
57,77.7,86.6,69.5,87.2,KU Leuven,,51-100,https://www.topuniversities.com/universities/ku-leuven
58,68.5,80.3,74.2,79.4,"KIT, Karlsruhe Institute of Technology",,51-100,https://www.topuniversities.com/universities/kit-karlsruhe-institute-technology
59,65.6,84.1,85.6,79.4,Korea University,,51-100,https://www.topuniversities.com/universities/korea-university
60,71.3,78.1,89.7,71.4,Kyoto University,,51-100,https://www.topuniversities.com/universities/kyoto-university
61,74.3,88.6,68,79,Lund University,,51-100,https://www.topuniversities.com/universities/lund-university
62,72.9,79.9,75.4,72.6,McGill University,,51-100,https://www.topuniversities.com/universities/mcgill-university
63,62.5,89.1,81.6,79.4,Monash University,,51-100,https://www.topuniversities.com/universities/monash-university
64,67.9,84.6,80.6,85,National Cheng Kung University (NCKU),,51-100,https://www.topuniversities.com/universities/national-cheng-kung-university-ncku
65,68.8,87.3,69.6,85,The Ohio State University,,51-100,https://www.topuniversities.com/universities/ohio-state-university
66,72.9,73.3,79.2,70.2,Osaka University,,51-100,https://www.topuniversities.com/universities/osaka-university
67,66.2,85,73,82.5,Pennsylvania State University,,51-100,https://www.topuniversities.com/universities/pennsylvania-state-university
68,68.7,89.2,82,79,Pohang University of Science And Technology (POSTECH),,51-100,https://www.topuniversities.com/universities/pohang-university-science-technology-postech
69,70.9,86,69.1,77.5,Politécnica de Madrid,,51-100,https://www.topuniversities.com/universities/polit%C3%A9cnica-de-madrid
70,76.4,80.8,77.7,77,Politecnico di Torino,,51-100,https://www.topuniversities.com/universities/politecnico-di-torino
71,72.8,85.8,78.8,82.5,RWTH Aachen University,,51-100,https://www.topuniversities.com/universities/rwth-aachen-university
72,68.9,89.6,73.7,76,RMIT University,,51-100,https://www.topuniversities.com/universities/rmit-university
73,71.6,83.9,68.8,76,Sapienza University of Rome,,51-100,https://www.topuniversities.com/universities/sapienza-university-rome
74,64.1,85.3,87,80.8,Sungkyunkwan University (SKKU),,51-100,https://www.topuniversities.com/universities/sungkyunkwan-university-skku
75,64.3,87.6,69.2,88.9,Technical University of Denmark,,51-100,https://www.topuniversities.com/universities/technical-university-denmark
76,75,87.2,77.9,78,Technische Universität Berlin (TU Berlin),,51-100,https://www.topuniversities.com/universities/technische-universit%C3%A4t-berlin-tu-berlin
77,72.4,82.9,74.7,87.2,Texas A&M University,,51-100,https://www.topuniversities.com/universities/texas-am-university
78,66.8,88.8,72.9,86.1,The Hong Kong Polytechnic University,,51-100,https://www.topuniversities.com/universities/hong-kong-polytechnic-university
79,68.2,86.9,80.5,78.5,The University of Auckland,,51-100,https://www.topuniversities.com/universities/university-auckland
80,78.2,84.7,74.4,79.4,The University of Manchester,,51-100,https://www.topuniversities.com/universities/university-manchester
81,73.7,84.5,77.5,77.5,The University of Sydney,,51-100,https://www.topuniversities.com/universities/university-sydney
82,68.5,76.9,78.7,71.4,Tohoku University,,51-100,https://www.topuniversities.com/universities/tohoku-university
83,75.5,83,70.3,74.3,UCL (University College London),,51-100,https://www.topuniversities.com/universities/ucl-university-college-london
84,66.8,89.1,67,89.9,Universitat Politècnica de Catalunya ,,51-100,https://www.topuniversities.com/universities/universitat-polit%C3%A8cnica-de-catalunya
85,69.4,84,71.2,83,Universiti Kebangsaan Malaysia (UKM),,51-100,https://www.topuniversities.com/universities/universiti-kebangsaan-malaysia-ukm
86,65.2,88.4,75.4,81.7,Universiti Sains Malaysia (USM),,51-100,https://www.topuniversities.com/universities/universiti-sains-malaysia-usm
87,70.3,86.3,73.8,87.9,Universiti Teknologi Malaysia ,,51-100,https://www.topuniversities.com/universities/universiti-teknologi-malaysia
88,82.9,90.4,60.8,80.4,"University of California, Santa Barbara (UCSB)",,51-100,https://www.topuniversities.com/universities/university-california-santa-barbara-ucsb
89,72.7,90.4,72.3,82.5,The University of Edinburgh,,51-100,https://www.topuniversities.com/universities/university-edinburgh
90,69.4,86.2,70.4,81.3,"University of Maryland, College Park",,51-100,https://www.topuniversities.com/universities/university-maryland-college-park
91,73.4,87.2,73.2,76.5,University of Pennsylvania,,51-100,https://www.topuniversities.com/universities/university-pennsylvania
92,68.2,84.4,73.5,84.2,University of Science and Technology of China,,51-100,https://www.topuniversities.com/universities/university-science-technology-china
93,79.2,82.1,65.6,83,University of Southampton,,51-100,https://www.topuniversities.com/universities/university-southampton
94,73.5,91.9,68.3,83.4,University of Washington,,51-100,https://www.topuniversities.com/universities/university-washington
95,67.8,91.2,77.4,89.3,University of Waterloo,,51-100,https://www.topuniversities.com/universities/university-waterloo
96,69,100,68.6,84.6,University of Wisconsin-Madison,,51-100,https://www.topuniversities.com/universities/university-wisconsin-madison
97,77,90.9,65.6,91.5,Virginia Polytechnic Institute and State University,,51-100,https://www.topuniversities.com/universities/virginia-polytechnic-institute-state-university
98,76.4,76.8,80.9,63.7,Yale University,,51-100,https://www.topuniversities.com/universities/yale-university
99,65.2,83.2,85.7,79.9,Yonsei University,,51-100,https://www.topuniversities.com/universities/yonsei-university
100,71.4,82.8,58.8,81.3,Aalto University,,101-150,https://www.topuniversities.com/universities/aalto-university
101,69.2,86.5,54,83.8,Arizona State University,,101-150,https://www.topuniversities.com/universities/arizona-state-university
102,64.8,79.2,69.2,81.3,Beijing Institute of Technology,,101-150,https://www.topuniversities.com/universities/beijing-institute-technology
103,65.3,77.9,70.7,63.7,Boston University,,101-150,https://www.topuniversities.com/universities/boston-university
104,62.4,80.4,82.8,69.5,CentraleSupélec,,101-150,https://www.topuniversities.com/universities/centralesup%C3%A9lec
105,69.1,84.2,71.3,71.4,Duke University,,101-150,https://www.topuniversities.com/universities/duke-university
106,70.9,84.2,65.6,80.4,Eindhoven University of Technology,,101-150,https://www.topuniversities.com/universities/eindhoven-university-technology
107,67.8,78,73.1,67.5,Indian Institute of Technology Kanpur (IITK),,101-150,https://www.topuniversities.com/universities/indian-institute-technology-kanpur-iitk
108,69.3,79.2,68,68.2,Indian Institute of Technology Kharagpur (IIT-KGP),,101-150,https://www.topuniversities.com/universities/indian-institute-technology-kharagpur-iit-kgp
109,69.6,82.3,71,73.2,Johns Hopkins University,,101-150,https://www.topuniversities.com/universities/johns-hopkins-university
110,66.2,68.2,76.2,61.2,Keio University,,101-150,https://www.topuniversities.com/universities/keio-university
111,58.7,81.7,71.9,70.8,King Fahd University of Petroleum & Minerals,,101-150,https://www.topuniversities.com/universities/king-fahd-university-petroleum-minerals
112,72.8,80.3,67.1,66.7,King's College London,,101-150,https://www.topuniversities.com/universities/kings-college-london
113,56.9,77,79.9,67.5,Kyushu University,,101-150,https://www.topuniversities.com/universities/kyushu-university
114,62.2,92.1,62.4,75.4,Linköping University,,101-150,https://www.topuniversities.com/universities/link%C3%B6ping-university
115,59.4,89.1,66.5,79.9,Michigan State University,,101-150,https://www.topuniversities.com/universities/michigan-state-university
116,61.4,83.9,76.1,76.5,Nanjing University,,101-150,https://www.topuniversities.com/universities/nanjing-university
117,64.2,80.7,69.5,70.2,National Central University,,101-150,https://www.topuniversities.com/universities/national-central-university
118,65.1,81.1,70.5,70.8,National Sun Yat-sen University,,101-150,https://www.topuniversities.com/universities/national-sun-yat-sen-university
119,68.3,81.3,73.5,72.6,National Taiwan University of Science and Technology (Taiwan Tech),,101-150,https://www.topuniversities.com/universities/national-taiwan-university-science-technology-taiwan-tech
120,59.5,87,69.1,83.4,National Technical University of Athens,,101-150,https://www.topuniversities.com/universities/national-technical-university-athens
121,70.9,75.2,71.7,58.4,New York University (NYU),,101-150,https://www.topuniversities.com/universities/new-york-university-nyu
122,66.5,87.4,66.5,85,North Carolina State University,,101-150,https://www.topuniversities.com/universities/north-carolina-state-university
123,54,91.2,74.7,77,Northwestern University,,101-150,https://www.topuniversities.com/universities/northwestern-university
124,66.9,85.5,59,72,Rice University,,101-150,https://www.topuniversities.com/universities/rice-university
125,71,83.4,63.7,69.5,Technion - Israel Institute of Technology,,101-150,https://www.topuniversities.com/universities/technion-israel-institute-technology
126,62.5,78.3,73.4,68.2,Technische Universität Darmstadt,,101-150,https://www.topuniversities.com/universities/technische-universit%C3%A4t-darmstadt
127,66.7,78.6,71.6,73.2,Technische Universität Dresden,,101-150,https://www.topuniversities.com/universities/technische-universit%C3%A4t-dresden
128,67.5,80,67.4,76,Vienna University of Technology,,101-150,https://www.topuniversities.com/universities/vienna-university-technology
129,58.1,85,71,76,The University of Adelaide,,101-150,https://www.topuniversities.com/universities/university-adelaide
130,61.1,88.2,62.8,82.5,The University of Nottingham,,101-150,https://www.topuniversities.com/universities/university-nottingham
131,60.5,89.2,75.9,79,The University of Queensland,,101-150,https://www.topuniversities.com/universities/university-queensland
132,59.1,84.2,68.7,77,The University of Warwick,,101-150,https://www.topuniversities.com/universities/university-warwick
133,63.5,80.5,70,70.2,The University of Western Australia,,101-150,https://www.topuniversities.com/universities/university-western-australia
134,65.6,76.2,69.2,62.9,Universidad Nacional Autónoma de México  (UNAM),,101-150,https://www.topuniversities.com/universities/universidad-nacional-aut%C3%B3noma-de-m%C3%A9xico-unam
135,68,75.5,71,71.4,Universidade de São Paulo,,101-150,https://www.topuniversities.com/universities/universidade-de-s%C3%A3o-paulo
136,73.8,79.6,66.6,66.7,Universidade Estadual de Campinas (Unicamp),,101-150,https://www.topuniversities.com/universities/universidade-estadual-de-campinas-unicamp
137,68.8,84.8,68.3,78.5,Alma Mater Studiorum - University of Bologna,,101-150,https://www.topuniversities.com/universities/alma-mater-studiorum-university-bologna
138,65.3,83.9,68.8,75.4,Universiti Putra Malaysia (UPM),,101-150,https://www.topuniversities.com/universities/universiti-putra-malaysia-upm
139,57.9,83.4,73.2,75.4,University College Dublin,,101-150,https://www.topuniversities.com/universities/university-college-dublin
140,63.2,88.9,63.3,87.2,University of Alberta,,101-150,https://www.topuniversities.com/universities/university-alberta
141,62.5,85.6,65.2,73.2,University of Birmingham,,101-150,https://www.topuniversities.com/universities/university-birmingham
142,62.7,87.2,62,83.8,University of Colorado Boulder,,101-150,https://www.topuniversities.com/universities/university-colorado-boulder
143,66.3,86.2,59.3,77,University of Florida,,101-150,https://www.topuniversities.com/universities/university-florida
144,60.9,83.5,65.1,82.5,University of Lisbon ,,101-150,https://www.topuniversities.com/universities/university-lisbon
145,58.7,88.4,66.4,83.4,University of Minnesota,,101-150,https://www.topuniversities.com/universities/university-minnesota
146,65.7,84.6,59,79,University of Strathclyde,,101-150,https://www.topuniversities.com/universities/university-strathclyde
147,71.9,86.1,58,76.5,University of Surrey,,101-150,https://www.topuniversities.com/universities/university-surrey
148,59.3,85.6,72.6,76,University of Technology Sydney,,101-150,https://www.topuniversities.com/universities/university-technology-sydney
149,59.6,70.6,81.3,66,Waseda University,,101-150,https://www.topuniversities.com/universities/waseda-university
150,62,72,64.4,76,Beijing University of Posts and Telecommunications,,151-200,https://www.topuniversities.com/universities/beijing-university-posts-telecommunications
151,61,73.4,70.3,63.7,Chulalongkorn University,,151-200,https://www.topuniversities.com/universities/chulalongkorn-university
152,53.6,85.2,64.2,75.4,Concordia University,,151-200,https://www.topuniversities.com/universities/concordia-university
153,49.8,86.4,69.5,73.2,Curtin University,,151-200,https://www.topuniversities.com/universities/curtin-university
154,63.5,68.6,69.8,58.4,Czech Technical University in Prague,,151-200,https://www.topuniversities.com/universities/czech-technical-university-prague
155,61.9,62.6,76.4,49.4,Ecole Polytechnique,,151-200,https://www.topuniversities.com/universities/ecole-polytechnique
156,65.2,77.7,60.6,61.2,Institut polytechnique de Grenoble - Grenoble Institute of Technology,,151-200,https://www.topuniversities.com/universities/institut-polytechnique-de-grenoble-grenoble-institute-technology
157,57,82.1,63,92.1,Harbin Institute of Technology,,151-200,https://www.topuniversities.com/universities/harbin-institute-technology
158,56.8,79.1,75.3,64.5,Hokkaido University,,151-200,https://www.topuniversities.com/universities/hokkaido-university
159,51,83.9,64.1,94.7,Huazhong University of Science and Technology,,151-200,https://www.topuniversities.com/universities/huazhong-university-science-technology
160,56.6,84.4,62.7,77.5,Indian Institute of Technology Roorkee (IITR),,151-200,https://www.topuniversities.com/universities/indian-institute-technology-roorkee-iitr
161,63.5,74.1,66.4,66.7,Instituto Politécnico Nacional (IPN),,151-200,https://www.topuniversities.com/universities/instituto-polit%C3%A9cnico-nacional-ipn
162,54.6,82.9,69.6,70.2,Istanbul Technical University,,151-200,https://www.topuniversities.com/universities/istanbul-technical-university
163,49.2,84.7,74.8,72,Kyung Hee University,,151-200,https://www.topuniversities.com/universities/kyung-hee-university
164,56.9,82.3,68.8,70.8,Middle East Technical University,,151-200,https://www.topuniversities.com/universities/middle-east-technical-university
165,62.2,67.5,67,63.7,Multimedia University (MMU),,151-200,https://www.topuniversities.com/universities/multimedia-university-mmu
166,61.5,75.5,73.2,63.7,Nagoya University,,151-200,https://www.topuniversities.com/universities/nagoya-university
167,57.1,85.4,64.8,82.1,Norwegian University of Science And Technology,,151-200,https://www.topuniversities.com/universities/norwegian-university-science-technology
168,47.3,87.4,70.5,78,Queen's University at Kingston,,151-200,https://www.topuniversities.com/universities/queens-university-kingston
169,61.3,79.1,67.1,65.3,Queensland University of Technology (QUT),,151-200,https://www.topuniversities.com/universities/queensland-university-technology-qut
170,58.7,89.1,58.5,81.7,Rensselaer Polytechnic Institute,,151-200,https://www.topuniversities.com/universities/rensselaer-polytechnic-institute
171,56.2,78.8,63.2,74.3,Shanghai University,,151-200,https://www.topuniversities.com/universities/shanghai-university
172,59,78.9,61.6,73.2,Tampere University of Technology ,,151-200,https://www.topuniversities.com/universities/tampere-university-technology
173,59.7,86.2,62.8,80.4,The University of Sheffield,,151-200,https://www.topuniversities.com/universities/university-sheffield
174,59.3,81.8,63.6,70.8,Universidad Carlos III de Madrid (UC3M),,151-200,https://www.topuniversities.com/universities/universidad-carlos-iii-de-madrid-uc3m
175,72.4,76.5,52.8,66.7,Universidade Federal de Santa Catarina ,,151-200,https://www.topuniversities.com/universities/universidade-federal-de-santa-catarina
176,65.3,77.7,56.1,66,Universidade Federal do Rio de Janeiro,,151-200,https://www.topuniversities.com/universities/universidade-federal-do-rio-de-janeiro
177,61.6,84.3,59.6,80.4,Università di Padova,,151-200,https://www.topuniversities.com/universities/universit%C3%A0%C2%A0di-padova
178,61.2,83,60,72.6,University of Pisa,,151-200,https://www.topuniversities.com/universities/university-pisa
179,58,80,62.8,71.4,Friedrich-Alexander-Universität Erlangen-Nürnberg,,151-200,https://www.topuniversities.com/universities/friedrich-alexander-universit%C3%A4t-erlangen-n%C3%BCrnberg
180,56,82.2,72.4,73.8,Universität Stuttgart,,151-200,https://www.topuniversities.com/universities/universit%C3%A4t-stuttgart
181,66.9,76.6,61.7,63.7,Université catholique de Louvain (UCL),,151-200,https://www.topuniversities.com/universities/universit%C3%A9-catholique-de-louvain-ucl
182,58.1,83.6,66.3,73.8,Université de Montréal ,,151-200,https://www.topuniversities.com/universities/universit%C3%A9-de-montr%C3%A9al
183,61.2,70.2,69.5,58.4,Universiti Teknologi Petronas (Petronas),,151-200,https://www.topuniversities.com/universities/universiti-teknologi-petronas-petronas
184,55.1,84.8,69.6,72,University College Cork,,151-200,https://www.topuniversities.com/universities/university-college-cork
185,63.1,81,65.4,70.8,University of Bristol,,151-200,https://www.topuniversities.com/universities/university-bristol
186,58.9,83.2,62.9,78,University of Calgary,,151-200,https://www.topuniversities.com/universities/university-calgary
187,51.8,90.3,61.3,77.5,"University of California, Davis",,151-200,https://www.topuniversities.com/universities/university-california-davis
188,60,87.8,58.3,79,"University of California, Irvine",,151-200,https://www.topuniversities.com/universities/university-california-irvine
189,58.2,77.6,59.5,84.6,University of Electronic Science and Technology of China,,151-200,https://www.topuniversities.com/universities/university-electronic-science-technology-china
190,58.9,83.8,58.4,79,Ghent University,,151-200,https://www.topuniversities.com/universities/ghent-university
191,56.6,84.1,63.1,72,University of Leeds,,151-200,https://www.topuniversities.com/universities/university-leeds
192,57.4,83.7,60.5,72.6,University of Notre Dame,,151-200,https://www.topuniversities.com/universities/university-notre-dame
193,60.5,87.7,54.3,83.8,"The University of Tennessee, Knoxville",,151-200,https://www.topuniversities.com/universities/university-tennessee-knoxville
194,61.5,84.6,53.8,77.5,University of Texas Dallas,,151-200,https://www.topuniversities.com/universities/university-texas-dallas
195,58.2,87.2,54.6,77,University of Twente,,151-200,https://www.topuniversities.com/universities/university-twente
196,64.1,85.4,59.5,71.4,Uppsala University,,151-200,https://www.topuniversities.com/universities/uppsala-university
197,64.9,70.6,68,66,Warsaw University of Technology,,151-200,https://www.topuniversities.com/universities/warsaw-university-technology
198,45.8,80.2,76.5,81.3,Wuhan University,,151-200,https://www.topuniversities.com/universities/wuhan-university
199,55.7,80.5,66.7,86.8,Xi’an Jiaotong University,,151-200,https://www.topuniversities.com/universities/xi%E2%80%99-jiaotong-university
200,74.4,28.7,87.2,23.5,Bauman Moscow State Technical University,,201-250,https://www.topuniversities.com/universities/bauman-moscow-state-technical-university
201,44.1,78.3,64.8,83.8,Beihang University (former BUAA),,201-250,https://www.topuniversities.com/universities/beihang-university-former-buaa
202,55.1,73.7,64.4,60.3,Bilkent University,,201-250,https://www.topuniversities.com/universities/bilkent-university
203,54.6,72.2,66.9,63.7,Bogaziçi Üniversitesi,,201-250,https://www.topuniversities.com/universities/bogazi%C3%A7i-%C3%BCniversitesi
204,52.9,74.2,70.2,65.3,Brown University,,201-250,https://www.topuniversities.com/universities/brown-university
205,54.7,83.7,54.2,72,Brunel University London,,201-250,https://www.topuniversities.com/universities/brunel-university-london
206,56,80.1,58.3,70.2,Cardiff University,,201-250,https://www.topuniversities.com/universities/cardiff-university
207,57.4,76.1,61.6,68.8,Durham University,,201-250,https://www.topuniversities.com/universities/durham-university
208,48.3,81.5,68.5,70.2,Heriot-Watt University,,201-250,https://www.topuniversities.com/universities/heriot-watt-university
209,61.8,82.7,50.7,73.2,Illinois Institute of Technology,,201-250,https://www.topuniversities.com/universities/illinois-institute-technology
210,52.2,84.8,63,77,King Abdullah University of Science & Technology,,201-250,https://www.topuniversities.com/universities/king-abdullah-university-science-technology
211,47.5,82.5,69.7,75.4,King Saud University,,201-250,https://www.topuniversities.com/universities/king-saud-university
212,50,78.8,70.7,68.2,Kyungpook National University,,201-250,https://www.topuniversities.com/universities/kyungpook-national-university
213,51,82.9,58.8,72,Loughborough University,,201-250,https://www.topuniversities.com/universities/loughborough-university
214,55.4,82.1,62.5,70.2,McMaster University,,201-250,https://www.topuniversities.com/universities/mcmaster-university
215,63.9,50.1,80.8,31.8,Moscow Institute of Physics and Technology (MIPT / Moscow Phystech),,201-250,https://www.topuniversities.com/universities/moscow-institute-physics-technology-mipt-moscow-phystech
216,55.8,78.1,62.7,61.2,National Chung Hsing University,,201-250,https://www.topuniversities.com/universities/national-chung-hsing-university
217,50.8,81.4,64.9,73.8,National Taipei University of Technology,,201-250,https://www.topuniversities.com/universities/national-taipei-university-technology
218,49.2,86.7,58.6,75.4,Newcastle University,,201-250,https://www.topuniversities.com/universities/newcastle-university
219,57.2,81.7,62.4,66,Northeastern University,,201-250,https://www.topuniversities.com/universities/northeastern-university
220,63,53.9,75.6,51.9,Peter the Great Saint-Petersburg Polytechnic University,,201-250,https://www.topuniversities.com/universities/peter-great-saint-petersburg-polytechnic-university
221,63.7,57.8,65.9,51.9,Pontificia Universidad Católica de Chile (UC),,201-250,https://www.topuniversities.com/universities/pontificia-universidad-cat%C3%B3lica-de-chile-uc
222,50.2,80.9,69.1,67.5,Pusan National University,,201-250,https://www.topuniversities.com/universities/pusan-national-university
223,57.6,81.2,58.9,73.2,Queen Mary University of London,,201-250,https://www.topuniversities.com/universities/queen-mary-university-london
224,57.2,84.1,60.6,68.8,Queen's University Belfast,,201-250,https://www.topuniversities.com/universities/queens-university-belfast
225,51.1,69.9,76.3,57.4,Sogang University,,201-250,https://www.topuniversities.com/universities/sogang-university
226,48.5,83.1,57.5,89.9,Southeast University,,201-250,https://www.topuniversities.com/universities/southeast-university
227,48.3,84.1,71,70.8,Sun Yat-sen University,,201-250,https://www.topuniversities.com/universities/sun-yat-sen-university
228,56.1,69.1,66.3,57.4,TU Dortmund University,,201-250,https://www.topuniversities.com/universities/tu-dortmund-university
229,54.1,86.7,53.9,76,Universidad de Sevilla,,201-250,https://www.topuniversities.com/universities/universidad-de-sevilla
230,55.8,74.6,65.5,60.3,Universidad Nacional de Colombia,,201-250,https://www.topuniversities.com/universities/universidad-nacional-de-colombia
231,53.3,83.1,61.9,72.6,Universitat Politècnica de València,,201-250,https://www.topuniversities.com/universities/universitat-polit%C3%A8cnica-de-val%C3%A8ncia
232,62.4,75.8,54.5,65.3,UNESP,,201-250,https://www.topuniversities.com/universities/unesp
233,48.7,81.5,65.7,79,University of Naples - Federico II,,201-250,https://www.topuniversities.com/universities/university-naples-federico-ii
234,57.1,76.8,58.5,66,Universitat Autònoma de Barcelona,,201-250,https://www.topuniversities.com/universities/universitat-aut%C3%B2noma-de-barcelona
235,57.3,78.3,66.1,62.9,Universitat de Barcelona,,201-250,https://www.topuniversities.com/universities/universitat-de-barcelona
236,51.5,83,59.9,68.2,Université Pierre et Marie Curie (UPMC),,201-250,https://www.topuniversities.com/universities/universit%C3%A9-pierre-et-marie-curie-upmc
237,59.9,70.7,67.4,59.4,Universiti Teknologi MARA - UiTM,,201-250,https://www.topuniversities.com/universities/universiti-teknologi-mara-uitm
238,58,80.2,49.6,74.9,Universiti Tenaga Nasional (UNITEN),,201-250,https://www.topuniversities.com/universities/universiti-tenaga-nasional-uniten
239,59.6,76.4,50.8,70.8,The University of Arizona,,201-250,https://www.topuniversities.com/universities/university-arizona
240,56.7,68.9,66.5,58.4,University of Canterbury,,201-250,https://www.topuniversities.com/universities/university-canterbury
241,67.3,73,55.9,61.2,University of Glasgow,,201-250,https://www.topuniversities.com/universities/university-glasgow
242,60.9,74,63.6,60.3,"University of Illinois, Chicago (UIC)",,201-250,https://www.topuniversities.com/universities/university-illinois-chicago-uic
243,58.2,76.1,61.9,63.7,University of Liverpool,,201-250,https://www.topuniversities.com/universities/university-liverpool
244,56.2,82.9,50.8,73.8,University of Massachusetts Amherst,,201-250,https://www.topuniversities.com/universities/university-massachusetts-amherst
245,51.7,83.2,65.6,70.8,"The University of Newcastle, Australia (UON)",,201-250,https://www.topuniversities.com/universities/university-newcastle-australia-uon
246,53.6,83.4,60.9,72,University of Ottawa,,201-250,https://www.topuniversities.com/universities/university-ottawa
247,52.1,84.3,63.3,74.9,University of Porto,,201-250,https://www.topuniversities.com/universities/university-porto
248,53.8,83.3,59.3,75.4,University of South Australia,,201-250,https://www.topuniversities.com/universities/university-south-australia
249,52.5,86.1,64.1,70.8,University of Wollongong,,201-250,https://www.topuniversities.com/universities/university-wollongong
250,58,80.5,53.5,68.8,Washington State University,,201-250,https://www.topuniversities.com/universities/washington-state-university
251,51.2,73.8,67.6,59.4,Aarhus University,,251-300,https://www.topuniversities.com/universities/aarhus-university
252,46.5,84.6,57.9,76.5,Aristotle University of Thessaloniki,,251-300,https://www.topuniversities.com/universities/aristotle-university-thessaloniki
253,50.7,78.6,57,77.5,Beijing Jiaotong University,,251-300,https://www.topuniversities.com/universities/beijing-jiaotong-university
254,46.1,74.3,66.2,64.5,Beijing University of Technology,,251-300,https://www.topuniversities.com/universities/beijing-university-technology
255,51.5,73.4,64.7,66,Brno University of Technology,,251-300,https://www.topuniversities.com/universities/brno-university-technology
256,56,70.6,55.8,58.4,Budapest University of Technology and Economics,,251-300,https://www.topuniversities.com/universities/budapest-university-technology-economics
257,46.9,82.4,58.2,72.6,Chonbuk National University,,251-300,https://www.topuniversities.com/universities/chonbuk-national-university
258,43.5,76,71.9,61.2,Chung-Ang University (CAU),,251-300,https://www.topuniversities.com/universities/chung-ang-university-cau
259,48.1,75.7,64.5,63.7,Deakin University,,251-300,https://www.topuniversities.com/universities/deakin-university
260,54.1,84,56.3,66.7,Gwangju Institute of Science and Technology (GIST),,251-300,https://www.topuniversities.com/universities/gwangju-institute-science-technology-gist
261,56,71.3,55,58.4,Indian Institute of Technology Guwahati (IITG),,251-300,https://www.topuniversities.com/universities/indian-institute-technology-guwahati-iitg
262,56,85.2,48.6,74.3,Iowa State University,,251-300,https://www.topuniversities.com/universities/iowa-state-university
263,41.1,84.5,62,72.6,King Abdulaziz University (KAU),,251-300,https://www.topuniversities.com/universities/king-abdulaziz-university-kau
264,51.2,71.6,59.8,62.9,Macquarie University,,251-300,https://www.topuniversities.com/universities/macquarie-university
265,50.8,77.4,54.9,66,National Chung Cheng University,,251-300,https://www.topuniversities.com/universities/national-chung-cheng-university
266,64.2,46.2,78.3,31.8,National Research Nuclear University MEPhI (Moscow Engineering Physics Institute),,251-300,https://www.topuniversities.com/universities/national-research-nuclear-university-mephi-moscow-engineering-physics-institute
267,57.8,68.7,61.3,53.1,National Taiwan Normal University,,251-300,https://www.topuniversities.com/universities/national-taiwan-normal-university
268,49.5,70.6,64.1,62.9,National University of Ireland Galway,,251-300,https://www.topuniversities.com/universities/national-university-ireland-galway
269,57.2,64.3,68.8,50.7,National University of Sciences And Technology (NUST) Islamabad,,251-300,https://www.topuniversities.com/universities/national-university-sciences-technology-nust-islamabad
270,50.1,82.3,42.8,87.2,North China Electric Power University,,251-300,https://www.topuniversities.com/universities/north-china-electric-power-university
271,44.8,86.2,54.8,79.9,Ryerson University,,251-300,https://www.topuniversities.com/universities/ryerson-university
272,52.1,71.3,60.3,58.4,Scuola Superiore Sant'Anna Pisa di Studi Universitari e di Perfezionamento,,251-300,https://www.topuniversities.com/universities/scuola-superiore-santanna-pisa-di-studi-universitari-e-di-perfezionamento
273,45.8,67.9,71.8,56.4,Sejong University ,,251-300,https://www.topuniversities.com/universities/sejong-university
274,58.4,71.6,50.9,62.9,Syracuse University,,251-300,https://www.topuniversities.com/universities/syracuse-university
275,52.1,73.5,57.7,63.7,Graz University of Technology,,251-300,https://www.topuniversities.com/universities/graz-university-technology
276,61.1,55.8,70.1,46.7,Instituto Tecnológico y de Estudios Superiores de Monterrey,,251-300,https://www.topuniversities.com/universities/instituto-tecnol%C3%B3gico-y-de-estudios-superiores-de-monterrey
277,55.3,76.1,58.6,62,Tel Aviv University,,251-300,https://www.topuniversities.com/universities/tel-aviv-university
278,62.4,63.5,63.4,50.7,TELECOM ParisTech,,251-300,https://www.topuniversities.com/universities/telecom-paristech
279,67.5,37,76.2,29.3,National Research Tomsk Polytechnic University,,251-300,https://www.topuniversities.com/universities/national-research-tomsk-polytechnic-university
280,39.8,84,72.3,64.5,"Trinity College Dublin, The University of Dublin",,251-300,https://www.topuniversities.com/universities/trinity-college-dublin-university-dublin
281,58,57.8,67.6,46.7,Universidad de Buenos Aires (UBA),,251-300,https://www.topuniversities.com/universities/universidad-de-buenos-aires-uba
282,43.3,88.9,53.6,78,Universidad de Zaragoza,,251-300,https://www.topuniversities.com/universities/universidad-de-zaragoza
283,51.7,77.7,54.3,67.5,Universidad Técnica Federico Santa María (USM),,251-300,https://www.topuniversities.com/universities/universidad-t%C3%A9cnica-federico-santa-mar%C3%ADa-usm
284,62.3,69.1,52.7,53.1,Universidade Federal de Minas Gerais      ,,251-300,https://www.topuniversities.com/universities/universidade-federal-de-minas-gerais
285,62.9,75,50.7,61.2,Universidade Federal do Rio Grande Do Sul ,,251-300,https://www.topuniversities.com/universities/universidade-federal-do-rio-grande-do-sul
286,51.3,83.3,50.5,70.8,University of Genoa,,251-300,https://www.topuniversities.com/universities/university-genoa
287,52.9,79.7,56.5,70.2,Università degli Studi di Pavia,,251-300,https://www.topuniversities.com/universities/universit%C3%A0-degli-studi-di-pavia
288,57.8,76.3,56.3,60.3,"University of Rome ""Tor Vergata""",,251-300,https://www.topuniversities.com/universities/university-rome-tor-vergata
289,52.7,83.5,54.4,74.3,University of Trento,,251-300,https://www.topuniversities.com/universities/university-trento
290,54.5,81.9,48.3,70.8,Albert-Ludwigs-Universitaet Freiburg,,251-300,https://www.topuniversities.com/universities/albert-ludwigs-universitaet-freiburg
291,47.5,84,54.5,79,Université du Québec,,251-300,https://www.topuniversities.com/universities/universit%C3%A9-du-qu%C3%A9bec
292,50.9,79.6,54.2,67.5,Université Grenoble-Alpes,,251-300,https://www.topuniversities.com/universities/universit%C3%A9-grenoble-alpes
293,51.1,75.3,62,61.2,University of Bath,,251-300,https://www.topuniversities.com/universities/university-bath
294,46.4,78.5,61.1,71.4,University of Coimbra,,251-300,https://www.topuniversities.com/universities/university-coimbra
295,56,82.5,44,68.8,University of Pittsburgh,,251-300,https://www.topuniversities.com/universities/university-pittsburgh
296,45.8,81.5,56.8,72.6,University of Virginia,,251-300,https://www.topuniversities.com/universities/university-virginia
297,51.3,65.6,62.4,63.7,University Politehnica of Bucharest,,251-300,https://www.topuniversities.com/universities/university-politehnica-bucharest
298,43.3,87.7,61.3,75.4,The University of Western Ontario,,251-300,https://www.topuniversities.com/universities/university-western-ontario
299,46.5,80.1,51.8,86.1,Xidian University,,251-300,https://www.topuniversities.com/universities/xidian-university
300,56.8,66.5,60.1,54.3,Yokohama National University,,251-300,https://www.topuniversities.com/universities/yokohama-national-university
301,38.4,76.2,64.1,66,Ajou University ,,301-350,https://www.topuniversities.com/universities/ajou-university
302,35.8,84.6,58.4,77,Anna University,,301-350,https://www.topuniversities.com/universities/anna-university
303,45.5,68.6,59.2,66,"Asian Institute of Technology, Thailand",,301-350,https://www.topuniversities.com/universities/asian-institute-technology-thailand
304,57.4,49.9,67.6,48.1,Bandung Institute of Technology (ITB),,301-350,https://www.topuniversities.com/universities/bandung-institute-technology-itb
305,40,77.5,59.9,67.5,Ben Gurion University of The Negev,,301-350,https://www.topuniversities.com/universities/ben-gurion-university-negev
306,44.6,74.2,59,60.3,Cairo University,,301-350,https://www.topuniversities.com/universities/cairo-university
307,45.7,81.3,50.3,69.5,Carleton University,,301-350,https://www.topuniversities.com/universities/carleton-university
308,58.2,68.4,51.3,57.4,Chiba University,,301-350,https://www.topuniversities.com/universities/chiba-university
309,39.8,79.1,55.1,84.2,Chongqing University,,301-350,https://www.topuniversities.com/universities/chongqing-university
310,47.2,68.4,61.1,64.5,Dartmouth College,,301-350,https://www.topuniversities.com/universities/dartmouth-college
311,51.7,81.1,46.2,68.8,Drexel University,,301-350,https://www.topuniversities.com/universities/drexel-university
312,46.5,65.9,67.2,57.4,Dublin City University,,301-350,https://www.topuniversities.com/universities/dublin-city-university
313,46.4,66.2,66,59.4,Dublin Institute of Technology,,301-350,https://www.topuniversities.com/universities/dublin-institute-technology
314,50.8,74.5,54.7,62,Griffith University,,301-350,https://www.topuniversities.com/universities/griffith-university
315,37.8,80.1,64,65.3,Inha University,,301-350,https://www.topuniversities.com/universities/inha-university
316,53.6,73.9,49.6,65.3,King Mongkut's Institute of Technology Ladkrabang,,301-350,https://www.topuniversities.com/universities/king-mongkuts-institute-technology-ladkrabang
317,47.8,75.6,53.3,65.3,Leibniz Universität Hannover,,301-350,https://www.topuniversities.com/universities/leibniz-universit%C3%A4t-hannover
318,40.9,89.4,51.3,76,Nankai University,,301-350,https://www.topuniversities.com/universities/nankai-university
319,59.4,56.7,55,48.1,Pontifícia Universidade Católica do Rio de Janeiro,,301-350,https://www.topuniversities.com/universities/pontif%C3%ADcia-universidade-cat%C3%B3lica-do-rio-de-janeiro
320,50.2,74.2,59.1,59.4,Ruhr-Universität Bochum,,301-350,https://www.topuniversities.com/universities/ruhr-universit%C3%A4t-bochum
321,45.9,81.9,55.3,70.2,Rutgers University - New Brunswick,,301-350,https://www.topuniversities.com/universities/rutgers-university-new-brunswick
322,46.1,82.6,44.5,76.5,Sharif University of Technology,,301-350,https://www.topuniversities.com/universities/sharif-university-technology
323,46.9,77.3,56.6,66,Simon Fraser University,,301-350,https://www.topuniversities.com/universities/simon-fraser-university
324,40.4,83.7,54.9,86.8,South China University of Technology,,301-350,https://www.topuniversities.com/universities/south-china-university-technology
325,46.7,71.7,63.6,54.3,Technische Universität Braunschweig,,301-350,https://www.topuniversities.com/universities/technische-universit%C3%A4t-braunschweig
326,38.4,80.8,58.7,83,Tianjin University,,301-350,https://www.topuniversities.com/universities/tianjin-university
327,48.2,61.3,64.6,53.1,Tokyo Metropolitan University,,301-350,https://www.topuniversities.com/universities/tokyo-metropolitan-university
328,46.4,69.4,61,56.4,Universidad Autónoma de Madrid,,301-350,https://www.topuniversities.com/universities/universidad-aut%C3%B3noma-de-madrid
329,57.5,60.6,62.4,48.1,Universidad de Chile,,301-350,https://www.topuniversities.com/universities/universidad-de-chile
330,43.8,69.5,65,58.4,Universidade Nova de Lisboa,,301-350,https://www.topuniversities.com/universities/universidade-nova-de-lisboa
331,51,76.3,48.7,64.5,University of Florence,,301-350,https://www.topuniversities.com/universities/university-florence
332,48.4,68.1,64.6,53.1,University of Milan,,301-350,https://www.topuniversities.com/universities/university-milan
333,49.2,70.3,62.4,59.4,"Université Lille 1, Sciences et Technologies",,301-350,https://www.topuniversities.com/universities/universit%C3%A9-lille-1-sciences-et-technologies
334,56.8,72.3,44.3,60.3,Universiti Malaysia Perlis,,301-350,https://www.topuniversities.com/universities/universiti-malaysia-perlis
335,46.8,75,56.5,62,University of Belgrade,,301-350,https://www.topuniversities.com/universities/university-belgrade
336,49.3,64.4,63.5,50.7,University of Cape Town,,301-350,https://www.topuniversities.com/universities/university-cape-town
337,43.8,82.5,59.1,68.8,University of Houston,,301-350,https://www.topuniversities.com/universities/university-houston
338,58.2,70.9,45.9,57.4,University of Oulu,,301-350,https://www.topuniversities.com/universities/university-oulu
339,44.8,80.3,55.3,67.5,University of Patras,,301-350,https://www.topuniversities.com/universities/university-patras
340,42.2,74.6,62.7,62.9,University of Pretoria,,301-350,https://www.topuniversities.com/universities/university-pretoria
341,49.3,70.5,54.9,65.3,University of Reading,,301-350,https://www.topuniversities.com/universities/university-reading
342,55.1,76.8,47.1,60.3,University of Rochester,,301-350,https://www.topuniversities.com/universities/university-rochester
343,47,80.7,50.1,74.9,University of Tehran,,301-350,https://www.topuniversities.com/universities/university-tehran
344,48.3,71.7,61.6,54.3,University of Tsukuba,,301-350,https://www.topuniversities.com/universities/university-tsukuba
345,53.1,69.4,56.9,57.4,University of York,,301-350,https://www.topuniversities.com/universities/university-york
346,46.4,79.3,60.6,62.9,Vanderbilt University,,301-350,https://www.topuniversities.com/universities/vanderbilt-university
347,44.6,74.9,58.9,61.2,Vrije Universiteit Brussel (VUB),,301-350,https://www.topuniversities.com/universities/vrije-universiteit-brussel-vub
348,54,75.5,52.9,60.3,Washington University in St. Louis,,301-350,https://www.topuniversities.com/universities/washington-university-st-louis
349,52.2,73,56.9,58.4,Wroclaw University of Technology,,301-350,https://www.topuniversities.com/universities/wroclaw-university-technology
350,43.4,73.5,56.2,62,AGH University of Science and Technology,,351-400,https://www.topuniversities.com/universities/agh-university-science-technology
351,49.3,70.6,50.2,58.4,Aston University,,351-400,https://www.topuniversities.com/universities/aston-university
352,49.4,50.5,68.8,43.6,Auckland University of Technology (AUT),,351-400,https://www.topuniversities.com/universities/auckland-university-technology-aut
353,51,59.5,56.4,49.4,Chiang Mai University,,351-400,https://www.topuniversities.com/universities/chiang-mai-university
354,35,80.9,58.6,69.5,Chonnam National University,,351-400,https://www.topuniversities.com/universities/chonnam-national-university
355,50,59.1,64.8,48.1,"City, University of London",,351-400,https://www.topuniversities.com/universities/city-university-london
356,35.8,82.1,61.8,69.5,Colorado School of Mines,,351-400,https://www.topuniversities.com/universities/colorado-school-mines
357,45.6,73.8,53.1,62,Colorado State University,,351-400,https://www.topuniversities.com/universities/colorado-state-university
358,43.3,69.9,60.9,63.7,COMSATS Institute of Information Technology ,,351-400,https://www.topuniversities.com/universities/comsats-institute-information-technology
359,38,81.9,51,78,Dalian University of Technology,,351-400,https://www.topuniversities.com/universities/dalian-university-technology
360,41.2,70.2,65.3,56.4,Ewha Womans University,,351-400,https://www.topuniversities.com/universities/ewha-womans-university
361,45.8,79.4,45.8,70.8,Florida State University,,351-400,https://www.topuniversities.com/universities/florida-state-university
362,42,70.3,53.7,68.8,Harbin Engineering University,,351-400,https://www.topuniversities.com/universities/harbin-engineering-university
363,44.9,68.4,56.3,55.3,Hiroshima University,,351-400,https://www.topuniversities.com/universities/hiroshima-university
364,53.2,58,59.2,48.1,International Islamic University Malaysia (IIUM),,351-400,https://www.topuniversities.com/universities/international-islamic-university-malaysia-iium
365,52.9,81.7,37.3,70.2,Jadavpur University,,351-400,https://www.topuniversities.com/universities/jadavpur-university
366,40.1,82,53.9,73.2,Jilin University,,351-400,https://www.topuniversities.com/universities/jilin-university
367,47.6,70.6,51.5,59.4,Johannes Kepler University Linz,,351-400,https://www.topuniversities.com/universities/johannes-kepler-university-linz
368,35.9,66.2,67.9,59.4,Kobe University,,351-400,https://www.topuniversities.com/universities/kobe-university
369,47.2,68.8,54.3,62,Kyushu Institute of Technology,,351-400,https://www.topuniversities.com/universities/kyushu-institute-technology
370,40.8,73.7,55.6,62,Laval University,,351-400,https://www.topuniversities.com/universities/laval-university
371,47.3,60,64.7,50.7,Massey University,,351-400,https://www.topuniversities.com/universities/massey-university
372,34.8,68.8,69.1,61.2,"Mines, ParisTech",,351-400,https://www.topuniversities.com/universities/mines-paristech
373,67,32.8,63.1,26.6,National Research University Moscow Power Engineering Institute (MPEI),,351-400,https://www.topuniversities.com/universities/national-research-university-moscow-power-engineering-institute-mpei
374,60.1,35.5,75.6,23.5,Novosibirsk State Technical University,,351-400,https://www.topuniversities.com/universities/novosibirsk-state-technical-university
375,38.5,78.4,60.2,66.7,Politecnico di Bari,,351-400,https://www.topuniversities.com/universities/politecnico-di-bari
376,62.8,34.4,61.7,31.8,Saint-Petersburg Electrotechnical University,,351-400,https://www.topuniversities.com/universities/saint-petersburg-electrotechnical-university
377,45.5,72.1,52.9,62.9,Stevens Institute of Technology,,351-400,https://www.topuniversities.com/universities/stevens-institute-technology
378,38.8,70.9,62.6,62,Swinburne University of Technology,,351-400,https://www.topuniversities.com/universities/swinburne-university-technology
379,34.3,77.6,60.7,73.2,Tongji University,,351-400,https://www.topuniversities.com/universities/tongji-university
380,55.6,68.8,41.1,61.2,Universidade Federal de Pernambuco (UFPE),,351-400,https://www.topuniversities.com/universities/universidade-federal-de-pernambuco-ufpe
381,39.3,79.7,52.4,66.7,Université de Montpellier ,,351-400,https://www.topuniversities.com/universities/universit%C3%A9-de-montpellier
382,54.3,63,55.1,50.7,Universite libre de Bruxelles,,351-400,https://www.topuniversities.com/universities/universite-libre-de-bruxelles
383,56.6,66.7,49,53.1,Université Nice Sophia Antipolis,,351-400,https://www.topuniversities.com/universities/universit%C3%A9-nice-sophia-antipolis
384,43.2,78.2,54.6,68.2,Université Paris-Sud,,351-400,https://www.topuniversities.com/universities/universit%C3%A9-paris-sud
385,51.3,52.5,61.2,45.2,Universiti Tun Hussein Onn  Malaysia (UTHM),,351-400,https://www.topuniversities.com/universities/universiti-tun-hussein-onn-malaysia-uthm
386,43.3,59.1,63.8,55.3,Universiti Tunku Abdul Rahman (UTAR),,351-400,https://www.topuniversities.com/universities/universiti-tunku-abdul-rahman-utar
387,43.7,68.7,61,54.3,University of Aberdeen,,351-400,https://www.topuniversities.com/universities/university-aberdeen
388,43.9,78.2,50.6,66.7,University of Aveiro,,351-400,https://www.topuniversities.com/universities/university-aveiro
389,39.8,87.1,46.4,74.9,"University of California, Riverside",,351-400,https://www.topuniversities.com/universities/university-california-riverside
390,29.7,94.9,52,79,University of Delaware,,351-400,https://www.topuniversities.com/universities/university-delaware
391,47.7,65.7,60.4,51.9,University of Delhi,,351-400,https://www.topuniversities.com/universities/university-delhi
392,53.1,61.8,56.1,49.4,University of Engineering & Technology (UET) Lahore,,351-400,https://www.topuniversities.com/universities/university-engineering-technology-uet-lahore
393,46.6,79.3,46.1,67.5,University of Groningen,,351-400,https://www.topuniversities.com/universities/university-groningen
394,46,74.5,57.7,57.4,Université de Liège,,351-400,https://www.topuniversities.com/universities/universit%C3%A9-de-li%C3%A8ge
395,53.6,76.6,36.7,62.9,University of New Mexico,,351-400,https://www.topuniversities.com/universities/university-new-mexico
396,48.3,80.8,45.4,68.2,University of South Carolina,,351-400,https://www.topuniversities.com/universities/university-south-carolina
397,43.3,82,51.5,70.2,University of Victoria,,351-400,https://www.topuniversities.com/universities/university-victoria
398,63,42.4,63.4,31.8,Ural Federal University,,351-400,https://www.topuniversities.com/universities/ural-federal-university
399,43.5,81,51.4,70.8,Victoria University ,,351-400,https://www.topuniversities.com/universities/victoria-university
400,48.7,57.1,64.3,50.7,Victoria University of Wellington,,351-400,https://www.topuniversities.com/universities/victoria-university-wellington
401,47.1,71.2,50.1,64.5,Worcester Polytechnic Institute,,351-400,https://www.topuniversities.com/universities/worcester-polytechnic-institute
