2015 Rank,2016 Rank,2017 Rank,3 Year Average,Aims Achieved,Career Progress Rank,Careers Service Rank,Country,Employment,Female Faculty %,Female Student %,Internships,Intl. Faculty,Intl. Students,Intl. board,Intl. course,Intl. mobility,Languages,Max. Course Fee (Local Currency),Num. enrolled 16/17,PHD Faculty,Prog length,Programme Name,Relevant degree,Salary Percentage Inc,Salary Today US$,School Name,Value,Weighted Salary US$,Woman Board,Programme Name,School Name,academic requirements,application deadline,application procedure,begin,language,length,program length:,reqired:,teaching language:,teaching mode,teaching mode:,tuition fees,
1,1,1,1,92,67,1,Switzerland,97 (100),16,40,100,80,91,50,2,2,1,"SFr9,978",55,100,26,MA in Strategy and International Management,Yes,67,114449,University of St Gallen,13,114449,38,Master of Arts in Strategy and International Management (SIM-HSG),"University of St.Gallen, IfB",academic background in business or economics,30 april,,september,english,1.5 years,1.5 years,academic background in business or economics,english,,full time,tuition fees for master’s programmeschf 1426 for matriculated domestic students in a regular semesterchf 3326 for matriculated foreign students in a regular semester,
2,2,2,2,92,32,4,France,96 (91),19,39,96,71,41,67,9,3,2,36000,534,100,18,HEC MSc in Management,No,73,100696,HEC Paris,34,99145,13,Grande École - Master in Management,HEC Paris School of Management,no academic background in business or economics required,"october, january, march and april",,september,"english, french",18 months,18 months,no academic background in business or economics required,"english, french",,full time,"tuition fees: eu: € 32,400 – non eu: €37,000",
10,7,3,7,91,7,45,Spain,93 (87),38,44,27,62,70,84,58,13,1,32200,548,98,10,Master in Management,No,78,90613,IE Business School,51,91189,46,Master in Management,IE Business School,no academic background in business or economics required,"ie business school has a rolling admissions process. thus, there are no application deadlines for any particular intake or program. however, given the limited number of places available in each intake, we recommend that you present your application one year prior to program commencement.","please note that no academic background in business or economics is required and that the maximum allowed full time working experience is 2 years by the start of the program.the application should be completed in the language (english or spanish) in which you plan to study the core part of the program.should the admissions committee grant you an interview upon the review of your application and supporting documents, you will be contacted to schedule an interview.it is recommended that the interview be conducted in person, as it is an integral part of the admissions process. interviews may be scheduled on campus, with one of our offices, in coordination with an ie event, or by phone or skype should you be unable to meet us in person.it will take roughly 2-3 weeks for the admissions committee to review your file after the interview and provide you with a final decision.admission is valid for two intakes, the intake you apply to and the following.apply now!",february and september,"english, spanish","the program has a duration of 10 to 13 months, depending on if you choose to complete the optional beyond borders experience (bbe) of the program or not.","the program has a duration of 10 to 13 months, depending on if you choose to complete the optional beyond borders experience (bbe) of the program or not.",no academic background in business or economics required,"english, spanish",,full time,"program fees for the master in management total €35,000 (prices are reviewed annually and are subject to change). if candidates choose to study the optional beyond borders experience (bbe), there is an additional fee of €5,000.fees for the master in management include:expenses related to learning activities, including, but not limited to: access to relevant technology, multimedia learning tools, conferences, access to physical and digital library resources, language training courses (english/spanish), pre-program classes before the start of the program, and access to the various ie centers of excellencea contribution to the ie foundationie business school - financial aid",
6,6,4,5,92,49,8,UK,95 (99),24,41,50,85,97,72,59,1,1,28900,241,100,12,Masters in Management,No,63,86896,London Business School,57,85262,39,Masters in Management,"University of London, London Business School (LBS)",no academic background in business or economics required,"applicants are encouraged to apply as early as possible for the best chance of achieving a place, and in most cases you will receive a final decision within six to eight weeks of submitting your completed application. offers are made throughout the year.","to join the programme, you will have a good undergraduate degree from any study discipline; excelled in non-academic areas such as sports or the arts, or shown your leadership potential in community activities; less than one year of full-time, postgraduate work experience.you will need to submit all of the following before we are able to review your application:completed online application formessay questionscvundergraduate degree equivalent to a uk 2:1 or above (or expected grades if your degree is not yet completed)gmat (range of 600-800) / greielts, toefl, cambridge cpe, cae or pte academic score (if applicable)two references (academic or professional)application fee",september,english,1 year,1 year,no academic background in business or economics required,english,,full time,for details on fees and financing please visit the lbs mim fees & financing page.,
3,3,5,4,91,75,12,France / Singapore,93 (68),31,52,100,55,36,62,11,11,1,38000,831,99,21,MSc in Management,No,54,90106,Essec Business School,47,89067,38,Master of Science in Management,Essec Business School,no academic background in business or economics required,,,august,,msc in management is an 18 month course + 18 month traineeship.,msc in management is an 18 month course + 18 month traineeship.,no academic background in business or economics required,english,,full time,,
7,4,6,6,88,39,23,FR / UK / DE / ES / IT,97 (91),38,51,100,76,83,52,6,14,2,35800,870,98,18,ESCP Europe Master in Management,No,50,78332,ESCP Europe,55,78215,30,Master in Management,ESCP Europe,no academic background in business or economics required,,,september,,2 years,2 years,no academic background in business or economics required,"english, french, german, spanish",,full time,,
8,9,7,8,92,79,2,Germany,96 (99),25,36,100,31,27,12,38,55,0,23600,100,100,20,MSc in Management,Yes,58,108590,WHU Beisheim,30,106172,12,Master in Management (MSc),WHU Otto Beisheim School of Management,academic background in business or economics,"the application deadline for the next term beginning in september 2017 will be in early may, 2017.","besides a bachelor’s degree in a business administration- or finance-related field of study with at least 180 ects (or equivalent credit points), the admission requirements include:gmat score of at least 600 (whu code: fbr-fh-93), or gre of at least 155 verbal and 155 quantitative, or tm-base of at least 103toefl (min. score: 100 ibt) or ielts (min. score 7.0)practical experience (five months internship/s or equivalent)international experience (study or internship abroad)completion of whu's application formspassing of whu's admissions test",early september each year,english,"17-21 months, depending on the chosen track","17-21 months, depending on the chosen track",academic background in business or economics,english,full time,full time,"tuition for the master in management program is eur 19,500 (90 credit track) or eur 24,000 (120 credit track). this fee includes the tuition for the capstone module abroad in the 90 credit track or the semester abroad in the 120 credit track. a non-refundable fee of €90 is charged for processing the application. taking part in a double degree program involves additional costs that depend on the partner’s tuition fees.",
12,9,8,10,89,9,18,Spain,94 (90),37,34,38,39,92,84,47,4,1,25800,130,92,13,MSc in International Management,Yes,74,74544,Esade Business School,45,74869,32,Master in International Management,ESADE Business School,no academic background in business or economics required,every month until june. for cems applicants last deadline is may.,application proceduresubmit your admission application onlineyou can do this at www.esade.edu/msc from september until june (may for cems mim candidates).take the gmat or greit is essential to take one of these two tests for admission. send us the required documentation- your university academic record- english level certificate- gmat or gre score- 2 letters of recommendation- essays- cvinterviewan interview is mandatory for all candidatesentry requirementsgraduates in business management or a similar discipline. graduates with a different academic background are required to take the management immersion programmefluent in english. no knowledge of spanish requiredprofessional experience not required,september,english,1 year,1 year,no academic background in business or economics required,english,,full time,"€26,100 - €35,100",
4,-,9,-,90,23,16,See table note,98 (60),34,49,100,36,50,95,4,6,2,11365,1243,93,12,Cems Masters in International Management,No,41,76102,Cems,29,76333,34,Master’s in International Management (MIM),CEMS,no academic background in business or economics required,,"to study the cems master in management you need to be enrolled in a master in management at a cems partner university first. usually you study the first year in that program before you join the cems master. ""joining the cems master"" means that you get special lectures in the second year:either one semester of your second master's year at your home university and the second semester at a cems partner universityor both semesters of the second master's year at a cems partner university",depends on the partner institution,,,,no academic background in business or economics required,english,,full time,,
9,11,10,10,89,14,5,Italy,98 (52),39,40,100,35,36,73,17,10,1,25412,143,97,28,MSc in International Management,No,57,74888,Università Bocconi,48,75423,23,MSc in International Management,Bocconi University,no academic background in business or economics required,,,,,2 years (120 ects),2 years (120 ects),no academic background in business or economics required,english,,full time,,
5,5,11,7,89,22,30,Netherlands,87 (94),22,52,60,52,66,30,15,9,2,24900,65,100,19,MSc in International Management,Yes,40,79248,"Rotterdam School of Management, Erasmus University",20,79248,26,MSc in International Management / CEMS,"RSM - Rotterdam School of Management, Erasmus University",academic background in business or economics,31 january,"to join our international management / cems programme, you must have a university bachelor’s degree – equal to a bachelor’s degree from a dutch research university – in business administration containing qualitative and quantitative research methods and statistics.you will also need a solid grounding in mathematics, statistics and english as well as good results obtained in your bachelor programme. for the im / cems programme, additional language requirements apply. you will be assessed on the basis of a dossier containing your academic background, grade point average (gpa), motivation and relevant test scores such as gmat and/or toefl / ielts.for im / cems an interview and an assessment will be part of the selection procedure. non-rsm bachelor graduates must apply for admission through our online application system (olaf). information about the entry requirements and application process can be obtained by visiting rsm.nl/masteradmissions",september,english,18 months,18 months,academic background in business or economics,english,,full time,"for academic year 2015-2016non-eea students: €16,400 per yeareea/eu students €1,951 per year",
14,14,12,13,91,48,17,Germany,96 (81),34,45,93,24,28,20,27,63,0,557,308,85,32,Mannheim Master in Management,No,59,93881,University of Mannheim,11,93478,20,Mannheim Master in Management (MMM),University of Mannheim,academic background in business or economics,,,,"english, german",2 years,2 years,academic background in business or economics,"english, german",,full time,,
13,8,13,11,91,34,24,Austria,95 (100),38,45,100,28,59,58,13,12,2,2907,71,96,24,Master in International Management,Yes,40,71005,WU (Vienna University of Economics and Business),18,71005,42,MSc in International Management/CEMS,WU - Vienna University of Economics & Business,academic background in business or economics,,,october,,2 years,2 years,academic background in business or economics,english,,full time,,
19,20,14,18,88,12,22,UK,93 (86),31,53,33,94,85,67,72,20,0,26000,178,100,14,MSc in Management,No,63,66454,Imperial College Business School,83,66276,40,MSc Management,Imperial College Business School,no academic background in business or economics required,,entry requirements: uk first or upper second class honours degree (or international equivalent). general business or management degrees may be ineligible.,october,,1 year,1 year,no academic background in business or economics required,english,,full time,,
-,22,15,-,91,77,19,Ireland,86 (73),38,42,100,50,81,56,23,7,2,17900,43,100,13,MSc in International Management,Yes,34,68905,University College Dublin: Smurfit,33,68905,22,MSc in International Management / CEMS MIM,UCD Michael Smurfit Graduate Business School,academic background in business or economics,31 may,"you are welcome to submit your application for any of our application deadlines. however, the school accepts applications for its programs on a daily basis. once it receives your complete application, ucd michael smurfit aims to get back to you with a decision within a few weeks. the school advises you to apply as early as possible.",september,english,16 months,16 months,academic background in business or economics,english,,full time,"€12,900 eu €14,500 non eu",
18,15,16,16,86,54,13,France,97 (87),39,49,100,47,44,84,18,19,2,27800,979,90,28,Edhec Master in Management,No,47,69675,Edhec Business School,61,68708,42,Master in Management,Edhec Business School,no academic background in business or economics required,,,,english,2 years,2 years,no academic background in business or economics required,english,,full time,,
31,17,17,22,88,13,34,Portugal,92 (99),35,50,66,33,69,29,16,15,2,16300,159,100,20,International Masters in Management,No,53,54386,Nova School of Business and Economics,35,56067,29,Masters in Management,"Nova School of Business and Economics, FEUNL",no academic background in business or economics required,,,,,,,no academic background in business or economics required,english,,full time,,
24,38,18,27,85,11,54,UK,73 (87),25,53,0,71,95,50,77,38,0,23000,131,94,13,MSc in Management,No,95,71201,City University: Cass,68,71201,50,MSc in Management,"City University, Cass",no academic background in business or economics required,,,september,,11 months,11 months,no academic background in business or economics required,english,,full time,,
21,30,19,23,84,16,73,Switzerland,91 (80),23,44,86,80,62,44,61,26,1,"SFr2,520",184,100,24,MSc in Management,Yes,52,74710,HEC Lausanne,9,74710,22,Master of Science in Management,"University of Lausanne, HEC Lausanne",academic background in business or economics,,,september,,2 years,2 years,academic background in business or economics,"english, french",,full time,,
17,21,20,19,91,63,7,Germany,91 (97),20,25,100,17,42,47,35,79,1,25000,55,100,22,MSc in Management,Yes,44,99047,HHL Leipzig Graduate School of Management,39,99047,32,Master Program in Management (M.Sc.),HHL Leipzig Graduate School of Management,academic background in business or economics,the application deadline is june 20 for the program start in september of the same year. the application deadline for the march intake is january 15. the application forms are already open one year before start of studies.,admission to the m.sc. program at hhl is highly competitive. to become a member of the next class you need to take the first step now. we invite you to set the course for your future as an international business leader by becoming a true hhler.your online application should contain the following documents:curriculum vitaeletter of motivationcopy of general qualification for university entrancecurrent / final transcript of an above-average bachelor’s degree in business administration from a university with a minimum of 180 ects-credits or equivalent degreeproof of a minimum of 3 months relevant practical work experience*proof of very good skills in english (e.g. toefl of 96+ ibt) and basic knowledge in a second modern foreign language besides mother tongue*2 letters of recommendation*gmat result*passport photo*these documents can be handed in after the application deadline.several admission test dates are offered at hhl throughout the year. you will find the current schedule at http://www.hhl.de/msc/admission,"march, september",english,"the program starts in march or september of each year and lasts for 21-24 months. due to the flexible structure, up to two internships (one is required) can be integrated into the program. a mandatory study abroad term is included.","the program starts in march or september of each year and lasts for 21-24 months. due to the flexible structure, up to two internships (one is required) can be integrated into the program. a mandatory study abroad term is included.",academic background in business or economics,english,,full time,"the tuition fees for the all-english flexible 21-24 month master of science program at hhl amount to 25,000 €. for german tax payers this fee is tax deductable.financial aidhhl offers scholarships and loan programs. among the most interesting scholarships are the two hhl scholarships for effective and responsible leadership. each of these scholarshipsprovides you with a tuition fee reduction of 10,000 €.",
15,16,21,17,85,27,3,India,100 (97),20,21,100,3,1,0,60,91,0,"Rs1,950,000",396,100,22,Post Graduate Programme in Management,No,47,118151,Indian Institute of Management Ahmedabad,89,116476,0,Post-Graduate Programme in Management (PGP),Indian Institute of Management in Ahmedabad (IIMA),no academic background in business or economics required,,,,,2 years,2 years,no academic background in business or economics required,english,,full time,,
23,36,21,27,85,2,21,UK,97 (95),35,63,0,79,95,22,89,71,1,26500,131,100,14,MSc in Management,No,84,60970,Warwick Business School,72,60970,33,MSc Management,Warwick Business School,no academic background in business or economics required,"none, though places are limited and early application is advised","this program is explicitly focussed on graduates from non-business disciplines.there is a £30 application fee. please note, if you have already studied management and business, or have more than 18 months work of experience, you will not be eligible to apply.",september,english,12 months,12 months,no academic background in business or economics required,english,,full time,"£18,500",
44,28,23,32,90,88,36,Sweden,100 (98),27,43,100,35,79,26,3,49,2,"SKr300,000",42,99,22,MSc in International Business,No,47,65854,Stockholm School of Economics,21,65854,35,Master in Management - MIM,"St Petersburg State University, GSOM",no academic background in business or economics required,,,fall,,2 years,2 years,no academic background in business or economics required,english,,full time,,
46,39,23,36,89,4,37,Russia,90 (85),54,54,100,4,23,26,36,35,1,"Rub880,000",109,90,24,Master in Management,No,82,57982,St Petersburg State University Graduate School of Management,15,57935,11,International Business (& CEMS MIM),Stockholm School of Economics,academic background in business or economics,,,fall,,2 years,2 years,academic background in business or economics,english,,full time,,
39,44,25,36,85,1,60,Australia,83 (87),37,55,100,33,78,40,50,16,0,"A$63,000",167,86,15,Master of Management,No,69,65312,University of Sydney Business School,50,65312,50,Master of Management,University of Sydney,no academic background in business or economics required,,,spring,,12 months,12 months,no academic background in business or economics required,english,,full time,,
26,19,26,24,82,30,14,India,100 (100),22,28,100,6,0,7,57,87,0,"Rs1,870,000",407,99,21,Post Graduate Programme in Management,No,40,116001,Indian Institute of Management Bangalore,88,116094,36,Post-Graduate Programme in Management (PGP),Indian Institute of Management Bangalore (IIMB),no academic background in business or economics required,,,,,2 years,2 years,no academic background in business or economics required,english,,full time,,
30,26,27,28,86,66,29,France,91 (86),34,50,100,47,47,89,12,24,1,35000,1073,95,30,MSc in Management,No,39,66844,EMLyon Business School,79,67059,33,MSc in Management,emlyon business school,no academic background in business or economics required,emlyon business school offers several application deadlines throughout the year. the ultimate deadline is mid of july.,bachelor’s degreegmat/gre/tage-mage/cat scoreenglish proficiency score,september,"english, french",full-time 2-year programme,full-time 2-year programme,no academic background in business or economics required,"english, french",,full time,"17,500 euros per yearpricing is for the academic year of 2016/2017 and may be subject to change. all indicated fees include tuition, enrolment fees and lifelong membership of emlyon business school forever alumni network.",
16,23,28,22,84,19,6,India,100 (100),23,16,100,1,0,0,69,85,0,"Rs1,900,000",463,100,22,Post Graduate Programme in Management,No,47,113668,Indian Institute of Management Calcutta,80,113659,14,Post Graduate Diploma in Management (PGDM),Indian Institute of Management Calcutta (IIMC),no academic background in business or economics required,,,,,2 years,2 years,no academic background in business or economics required,english,,full time,,
28,24,29,27,87,57,20,France,94 (100),46,29,100,47,9,57,33,33,2,17950,105,87,16,MSc in Management-Engineering,No,55,70050,Audencia Business School,32,70050,21,Master of Science in Management-Engineering,Audencia Nantes School of Management,no academic background in business or economics required,,,,,18 months,18 months,no academic background in business or economics required,english,,full time,,
34,29,30,31,87,10,46,Belgium,100 (95),33,38,100,38,72,64,43,36,0,10950,80,98,10,Master of Global Management,No,50,61164,Antwerp Management School,41,61164,27,Master of Global Management,Antwerp Management School,no academic background in business or economics required,the deadline to apply for eu citizens is september 1st and for non-eu citizens july 1 st.,"candidates should hold a degree that represent 4 years of full-time study at university level, resulting in a master’s degree or an equivalent bachelor’s degree (a full time, 4-year curriculum, excluding orientation or preparatory years). it is possible to apply before you have completed your studies. in this case, the selection procedure will take place under the assumption that you graduate from your present studies before starting the program. fluency in english, both written and spoken is required.procedure1. complete the online application form and upload the following documents:motivation essaytoefl / ielts scores (except for native english speakers or applicants who have completed their undergraduate studies in a native english speaking country)resume/cv 2. take the on-line numerical and verbal assessment which will be send to you upon completion of the application form. 3. be invited for a skype interview in which we’ll focus on your motivation, perseverance, personality, leadership skills, as well as your knowledge of english.",monday september 1st,,10 months,10 months,no academic background in business or economics required,english,,full time,"€ 10,750 excluded: books, cost of living, housing and travel.",
21,17,31,23,84,45,51,France,96 (52),46,52,100,86,27,70,10,23,2,18751,788,100,24,MSc in Management,Yes,44,54522,Iéseg School of Management,82,54129,10,MSc in Management,Iéseg School of Management,academic background in business or economics,,,,,2 years,2 years,academic background in business or economics,english,,full time,,
36,33,32,34,86,21,11,China,100 (100),31,69,93,3,3,32,64,95,1,"Rmb72,250",29,93,36,Master of Management Science and Engineering,No,101,66153,Shanghai Jiao Tong University: Antai,1,66153,13,Master of International Business (MIB),"Shanghai Jiao Tong University, Antai",no academic background in business or economics required,,,,,,,no academic background in business or economics required,english,,full time,,
20,13,33,22,84,40,81,France / UK / Singapore,93 (70),43,50,80,46,89,53,37,8,1,20200,232,84,22,Master in International Business,No,44,60290,Grenoble Ecole de Management,44,59376,53,MSc in International Business,Maastricht University School of Business and Economics,academic background in business or economics,,,february and september,"dutch, english",12 months,12 months,academic background in business or economics,"dutch, english",,full time,,
28,25,33,29,87,43,66,Netherlands,96 (99),23,41,18,56,66,90,70,29,1,13000,517,99,16,MSc in International Business,No,39,65677,Maastricht University School of Business and Economics,10,65516,50,Master in International Business (MIB),Grenoble Graduate School of Business,no academic background in business or economics required,,,september and january,,,,no academic background in business or economics required,english,,full time,,
25,26,35,29,86,44,52,France / US / China / Brazil,90 (80),40,60,100,44,49,67,7,18,2,22500,495,80,24,Global MSc in Management,No,46,62339,Skema Business School,65,62188,39,MSc in Management,SKEMA Business School,no academic background in business or economics required,,,,"english, french",3 years,3 years,no academic background in business or economics required,"english, french",,full time,,
52,50,36,46,83,5,15,China,100 (100),38,78,100,5,37,33,32,90,1,"Rmb90,000",86,93,30,MSc in Enterprise Management,Yes,89,59921,Tongji University School of Economics and Management,2,59921,22,Enterprise Management,Tongji University School of Economics and Management,academic background in business or economics,,,,,2 years,2 years,academic background in business or economics,english,,full time,,
27,31,37,32,90,50,31,Spain,94 (91),34,42,100,55,87,38,42,30,1,21400,71,69,12,Master in International Management,No,52,65565,Eada Business School Barcelona,56,65565,38,International Master in Management,EADA Business School,no academic background in business or economics required,rolling deadline,"1. fill in the online application form2. present the requested documents:academic recordcopy of university degreetwo letters of recommendation. the referees can write letters on company/university letterhead or the downloadable form on the web pageletter of motivation (approx. 500 words)photocopy of passport or ida passport size photothe documents can be sent:by e-mail: document.write(""<n uers=\""znvygb:znfgre@rnqn.rqh\"">znfgre@rnqn.rqh<\/n>"".replace(/[a-za-z]/g,function(c){return string.fromcharcode((c<=""z""?90:122)>=(c=c.charcodeat(0)+13)?c:c-26)}))master@nospameada.edu",october,,11 months,11 months,no academic background in business or economics required,english,,full time,"20,500 €",
32,36,38,35,88,25,76,Denmark,81 (82),33,43,1,39,51,9,71,34,0,"Kr93,000",959,86,30,MSc in Economics and Business Administration,Yes,46,68789,Copenhagen Business School,7,68965,36,MSc in Economics & Business Administration - International Business,Copenhagen Business School,academic background in business or economics,,,,english,2 years,2 years,academic background in business or economics,english,,full time,,
59,52,38,50,84,3,32,Portugal,96 (96),36,47,74,43,61,24,34,57,2,13560,72,95,19,International MSc in Management,Yes,62,46564,Católica Lisbon School of Business and Economics,38,46592,24,International MSc in Management,"Catholic University of Portugal, Católica Lisbon School",no academic background in business or economics required,,,,,1.5-2 years,1.5-2 years,no academic background in business or economics required,english,,full time,,
34,34,40,36,83,55,39,France,91 (85),44,51,100,56,28,57,20,58,2,22440,1255,89,22,Master in Management,No,44,58828,Neoma Business School,60,58506,57,Master in Management Grande Ecole,Neoma Business School,"no academic background in business or economics required, academic background in business or economics",,,,,2 years,2 years,"no academic background in business or economics required, academic background in business or economics","english, french",,full time,,
-,-,41,-,88,71,10,Germany,97 (92),18,49,20,23,26,32,48,94,1,32500,69,98,23,Master in Management,No,32,88223,Frankfurt School of Finance and Management,42,88223,21,Master in Management (M.Sc.),Frankfurt School of Finance & Management,no academic background in business or economics required,"31 march early-bird deadline for 3,000 eur tuition discount30 june final deadline","please visit our website to apply via our online application system. to qualify for admission, you will need to fulfil the following eligibility requirements:undergraduate academic degree (bachelor's or equivalent) from a recognised universitygmat or gre test results (or frankfurt school admissions test)excellent written and spoken english (toefl ibt min. score 90 / ielts min. score 6.5)although german language skills are not required for your studies at frankfurt school, strong german is extremely helpful when seeking an internship or a job in germany. we offer german language classes at all levels for our international mba students.",september,english,4 semesters (2 years),4 semesters (2 years),no academic background in business or economics required,english,,full time,"32,000 euros",
40,31,42,38,86,26,9,Belgium,96 (96),29,42,100,32,17,41,40,64,1,14500,189,95,10,Masters in General Management,No,45,64768,Vlerick Business School,24,62633,12,Masters in General Management,Vlerick Business School,no academic background in business or economics required,31 march for non-eu applications , 30 june for eu applicants,"the admissions process is highly selective and strives to build a diverse and ambitious class. applications are processed on a rolling basis through our customised online application system. since the number of places available in each programme is limited, we strongly recommend applying early. to qualify for our masters programmes, you must meet two requirements:hold a university degree you must hold a 4-year degree (minimum 240 ects credits) from a recognised academic institution. a 3-year university degree is also accepted if you have at least one year of relevant work experience or an additional 1-year degree (minimum 60 ects credits). in some cases a gmat may be required as well. note that you do not have to wait for your final examination results to apply.pass the admissions process you can apply for admission in one of two equivalent ways: an on-campus assessment or a distance assessment.",september,english,10 months,10 months,no academic background in business or economics required,english,,full time,"14,000 €"
38,45,43,42,86,62,33,Belgium,93 (76),25,36,100,38,11,52,31,47,2,9360,207,94,25,Master in Business Engineering,Yes,51,58437,Solvay Brussels School of Economics and Management,4,58491,52,Master in Business Engineering,Solvay Brussels School Economics & Management (SBS-EM),no academic background in business or economics required,june 30th,,september,,2 years,2 years,no academic background in business or economics required,"english, french",,full time,,
58,77,43,59,87,24,75,Spain / Taiwan / US,100 (70),37,55,100,13,75,13,1,21,1,27000,40,93,12,Master in Global Entrepreneurship Management,No,42,51268,IQS/FJU/USF,94,51268,33,Global Entrepreneurship and Management,IQS,academic background in business or economics,,,,,12 months,12 months,academic background in business or economics,english,,full time,,
54,51,45,50,84,69,68,Finland,89 (93),35,44,36,24,22,43,39,86,2,232,513,97,24,MSc in Economics and Business Administration,No,49,61532,Aalto University,3,61363,43,Master of Science in Economics and Business Administration,Aalto University School of Business,academic background in business or economics,,,,english,2 years,2 years,academic background in business or economics,english,,full time,,
-,59,46,-,82,31,78,Canada,73 (73),31,46,5,49,82,44,44,22,0,"C$73,382",96,99,12,Master of International Business,Yes,39,60097,Queen's University: Smith,40,60097,29,Master of International Business,"Queen's University, Smith",academic background in business or economics,,,,,12 months,12 months,academic background in business or economics,english,,full time,,
57,56,47,53,86,60,41,UK,96 (54),37,63,0,67,86,53,78,62,0,19000,311,97,12,MSc in Management,No,76,54306,Durham University Business School,52,54306,20,MSc Management,Durham Business School,no academic background in business or economics required,,"normal entry requirements are:the equivalent of a uk first or upper second class honours degreean intention to work in business, finance and/or managementevidence of competence in written and spoken english if your first language is not english. the minimum toefl requirement is 100 ibt (no element under 25).we ask for an ielts score of 7.0 overall with no element under 6.0.",september,english,1 year,1 year,no academic background in business or economics required,english,,full time,"eu £8,000; non-eu £14,000we strongly advise you to apply by the end of may. although places on the programme may be available after that time, it will be very difficult to secure university accommodation after mid-june.",
36,40,48,41,83,70,70,France,90 (74),40,49,100,43,23,30,26,44,2,22300,681,90,20,Master in Management,No,40,58562,Toulouse Business School,69,58809,40,Master in Management,"Toulouse Business School, ESC Toulouse",no academic background in business or economics required,,,,,2 years for the master or 3 years if you want to combine an undergraduate and graduate cycle,2 years for the master or 3 years if you want to combine an undergraduate and graduate cycle,no academic background in business or economics required,english,,full time,,
-,-,49,-,80,6,49,UK,90 (53),31,44,43,64,84,33,89,17,0,22000,62,95,12,Masters in Management,No,56,54175,Cranfield School of Management,70,54175,19,MSc in Management,Cranfield School of Management,no academic background in business or economics required,"we do not have a formal deadline for receiving applications, although to secure your place on the course and in on-campus accommodation, we advise that you apply as early as possible as places are limited.","we welcome applications from talented candidates of all backgrounds and each application is considered on its individual merit. usually candidates must:hold a relevant, recognised qualificationeither a 1st or 2nd class uk honours degree (or equivalent bachelors degree)or a professional qualification and relevant work experienceto make your application you will need to register to use our online system. once you have set up an account you will be able to create, save and amend your application form before submitting it to cranfield.as on-campus accommodation is allocated on a first-come, first-served basis and is in high demand, we advise you to apply as early as possible if you plan to live on-campus.please include the following with your application:transcriptsdegree certificategmat/gre scores if takentwo referencesenglish language test score if required",september,english,13 months,13 months,no academic background in business or economics required,english,,full time,"uk/eu students: £17,500international students: £21,500",
55,46,50,50,85,41,47,France,94 (86),37,56,100,18,34,17,46,43,1,4255,505,92,16,MSc in Management,No,43,53180,IAE Aix-Marseille Graduate School of Management,16,53464,70,MSc General Management,IAE Aix Graduate School of Management,no academic background in business or economics required,,,,,1 year,1 year,no academic background in business or economics required,"english, french",,full time,,
45,53,51,50,80,59,53,France,93 (87),28,50,100,49,37,41,19,39,2,25000,1102,96,30,Master in Management,No,37,54249,Kedge Business School,75,54356,45,Master in Management Programme Grande Ecoles,Kedge Business School,no academic background in business or economics required,,,september,,2 years,2 years,no academic background in business or economics required,english,,full time,,
62,54,52,56,85,17,61,UK,84 (48),41,66,4,62,90,39,84,50,0,21350,61,94,12,MSc in Management,No,60,52744,University of Edinburgh Business School,78,52744,39,MSc in Management,University of Edinburgh Business School,no academic background in business or economics required,,,september,english,1 year,1 year,no academic background in business or economics required,english,,full time,,
41,46,53,47,79,81,71,France,98 (92),47,53,100,53,31,33,24,52,2,21000,475,98,30,Master in Management,No,37,50115,Montpellier Business School,90,50145,47,Master programme - ESC Montpellier,Montpellier Business School (ESC Montpellier),academic background in business or economics,,,,,5 years,5 years,academic background in business or economics,french,,,,
50,43,54,49,82,86,56,France,88 (73),45,52,100,50,32,12,8,45,2,20500,491,88,34,Master in Management,No,34,52947,ICN Business School,77,52663,22,Master in Management,ICN Business School,no academic background in business or economics required,june 30,"requirementsadmission for international students:students holding a bachelor degree or a recognized foreign 3-year degree:admission on to 1st year for 2 years of study (master in management program)admission on to 1st year for 1 year of study (ipm program)to get more information with the admission process (application deadlines, documents to provide, languages tests...): visit the ‘application files’ section of the school website or contact the icn international relations office via document.write(""<n uers=\""znvygb:fghqlnoebnq@vpa-tebhcr.se\"">fghqlnoebnq@vpa-tebhcr.se<\/n>"".replace(/[a-za-z]/g,function(c){return string.fromcharcode((c<=""z""?90:122)>=(c=c.charcodeat(0)+13)?c:c-26)}))studyabroad@nospamicn-groupe.fr",september,english,2 years,2 years,no academic background in business or economics required,english,,full time,"€9,200 for the 1st year program; €8,700 for the 2nd year program (fees 2015, given for information)",
-,35,55,-,80,46,80,France,92 (72),33,49,100,90,16,40,22,41,0,21500,526,87,28,Master in Management,No,36,54364,ESC Rennes,71,54689,60,Master in Management - Grande Ecole Programme,ESC Rennes,no academic background in business or economics required,,,,,"the master in management is a 3 year programme for french students (basically) with 2 previous undergraduate years of studies. in that case the pge1 (first year) is dedicated to fundamentals. however, for the international students it as a two year progra","the master in management is a 3 year programme for french students (basically) with 2 previous undergraduate years of studies. in that case the pge1 (first year) is dedicated to fundamentals. however, for the international students it as a two year progra",no academic background in business or economics required,english,,full time,,
65,61,56,61,86,53,50,Netherlands,91 (94),23,44,33,43,47,20,56,31,0,19900,102,90,14,International MSc in Business Administration,No,49,54471,Tias Business School,43,54471,30,MSc in International Business Administration,TIAS School for Business and Society,no academic background in business or economics required,,,september,english,12 months,12 months,no academic background in business or economics required,english,,full time,,
60,61,57,59,90,90,40,Netherlands,85 (92),28,37,19,15,17,12,62,74,0,20500,115,95,14,MSc in Management,No,56,65342,Nyenrode Business Universiteit,54,65342,25,Master in Management (MSc),Nyenrode Business Universiteit,no academic background in business or economics required,,,august,,16 months,16 months,no academic background in business or economics required,english,,full time,,
52,55,58,55,83,93,27,Canada,90 (98),23,58,0,77,51,31,76,32,0,"C$42,006",55,100,11,Master of Management,No,51,51559,University of British Columbia: Sauder,46,51559,21,Master of Management - Early Career Masters (MM-ECM),"University of British Columbia, Sauder",no academic background in business or economics required,"february 28, 2012: early decision deadline. may 15, 2012: regular decision deadline.","applications are evaluated in the order which they are completed. once we receive all supporting documentation, your file will be sent to the admissions committee for review. conditional offers will made beginning in january once term 1 grades are available. in order for a conditional offer to be made, at least 15 credits of senior-level work must be completed and all other application requirements must be fulfilled. the admissions committee carefully evaluates the entire applicant profile as presented through academic records, gmat/gre scores, life experiences, essays and letters of recommendations.",september 2012.,english,9 months.,9 months.,no academic background in business or economics required,english,,full time,"$25,777.00 cad for canadian citizens, permanent residents (landed immigrants) and international students. tuition fees are payable in three equal installments in the first week of the following months of the program: september, january, may.",
33,46,59,46,85,92,59,France,88 (93),48,50,100,51,20,28,28,56,1,16740,305,75,31,Integrated Master in Management,No,28,55596,Télécom Business School,23,56154,22,Integrated Master's in Management,Telecom Business School (Ecole de Management),no academic background in business or economics required,,,,,3 years,3 years,no academic background in business or economics required,"english, french",,full time,,
43,41,60,48,83,78,77,Belgium,89 (95),38,35,100,22,11,50,29,54,2,8350,206,100,23,Master in Business Engineering,Yes,26,56988,Louvain School of Management,12,57321,33,Masters in Business Engineering,Louvain School of Management (IAG),no academic background in business or economics required,,,,,2 years,2 years,no academic background in business or economics required,"english, french",,full time,,
63,64,61,63,90,20,26,UK,95 (61),41,59,16,44,85,17,83,65,0,24000,186,86,14,MSc in International Business,No,54,41837,Leeds University Business School,92,42842,58,MSc International Business,Leeds University Business School,no academic background in business or economics required,,you should have a good first degree (2:1 or higher) and an interest in the subject but prior experience or qualification in this area are not required.,september,english,12 months,12 months,no academic background in business or economics required,english,,full time,"uk/eu £9,500 international £17,000 (2013 fees).there are numerous scholarships available for uk, eu and international students. further details can be found on our website.",
51,49,62,54,83,74,35,France,90 (85),38,50,100,53,12,60,41,83,2,18500,611,92,22,Essca Master in Management,No,35,53916,Essca School of Management,67,53457,60,ESSCA Master in Management,ESSCA École de Management,no academic background in business or economics required,,,,,,,no academic background in business or economics required,english,,part time,,
-,89,63,-,81,15,84,UK,70 (39),47,63,0,49,87,29,89,76,0,19200,71,88,12,MSc in Management,No,76,54452,Henley Business School,49,54452,36,MSc International Management,"University of Reading, Henley Business School",no academic background in business or economics required,,,october,,12 months,12 months,no academic background in business or economics required,english,,full time,,
49,58,64,57,87,35,85,UK,94 (81),36,45,23,49,94,47,68,81,0,17000,51,81,12,Strathclyde MSc in Business and Management,No,62,49727,University of Strathclyde Business School,74,49727,35,MSc in Business and Management,University of Strathclyde Business School,no academic background in business or economics required,,,,english,1 year,1 year,no academic background in business or economics required,english,,full time,,
64,65,65,65,84,85,94,Norway,82 (49),26,40,10,30,12,18,49,75,1,"NKr2,360",616,99,22,MSc in Economics and Business Administration,No,43,67864,NHH,14,67544,45,Master in International Business,NHH - Norwegian School of Economics,academic background in business or economics,,,august,,2 years,2 years,academic background in business or economics,english,,full time,,
66,66,66,66,85,37,88,Germany,77 (25),21,48,20,8,11,10,73,84,0,1044,275,100,24,MSc in Business Administration,No,35,75736,University of Cologne Faculty of Management,25,76680,60,MSc Business Administration,University of Cologne,no academic background in business or economics required,,,october,,2 years,2 years,no academic background in business or economics required,"english, german",,full time,,
69,63,67,66,81,52,57,France,86 (64),47,50,100,31,24,27,30,37,1,18380,585,76,28,EM Normandie Master in Management,No,42,50310,EM Normandie,81,50824,40,MSc Supply Chain Management,EM Normandie,no academic background in business or economics required,,,,,1 year,1 year,no academic background in business or economics required,english,,full time,,
-,-,68,-,85,91,38,France,n/a,41,72,100,21,23,75,67,28,1,1315,167,94,24,Master in Management,No,24,56985,Université Paris-Dauphine,8,56985,62,Dauphine Master - Management international,Université Paris-Dauphine,no academic background in business or economics required,,,,,2 years,2 years,no academic background in business or economics required,english,,full time,,
75,73,68,72,83,29,86,Poland,93 (29),44,62,3,1,16,0,75,70,1,Zloty 0,198,98,23,Master in Management,No,89,48090,Warsaw School of Economics,19,48090,43,Master's in International Business,Warsaw School of Economics (SGH),no academic background in business or economics required,,,,,2 years,2 years,no academic background in business or economics required,english,,full time,,
68,70,70,69,82,51,65,Hungary,96 (63),44,55,21,8,10,61,45,67,1,"Ft1,580,000",249,83,21,MSc in Management and Leadership,No,69,45853,Corvinus University of Budapest,6,45632,11,MSc in Management & Leadership,Corvinus University of Budapest,no academic background in business or economics required,,,,,,,no academic background in business or economics required,czech,,full time,,
-,-,71,-,80,65,83,Canada,72 (79),40,58,100,58,67,67,14,40,1,"C$29,597",52,88,14,Master of Global Business,Yes,43,46179,University of Victoria: Gustavson,63,46179,22,Master of Global Business (MGB) program,"University of Victoria, Gustavson",no academic background in business or economics required,,,,,1 year,1 year,no academic background in business or economics required,english,,full time,,
67,69,71,69,82,72,82,Finland,97 (93),35,54,49,18,16,10,52,66,0,240,398,92,26,MSc in Economics and Business Administration,No,33,52233,Hanken School of Economics,5,51772,60,Master's in General Management,Hanken School of Economics,no academic background in business or economics required,,,,,2 years,2 years,no academic background in business or economics required,english,,full time,,
74,72,73,73,87,56,28,UK,79 (48),31,54,43,54,63,42,79,77,0,17000,46,95,12,MSc in Management,No,51,44148,Lancaster University Management School,66,44148,42,Masters in Management,Lancaster University Management School (LUMS),no academic background in business or economics required,,,october,,1 year,1 year,no academic background in business or economics required,english,,full time,,
71,83,74,76,83,38,89,UK,96 (83),32,62,0,64,63,29,82,78,0,15750,86,100,12,MSc in Management,No,51,47040,University of Bath School of Management,86,47040,29,MSc in Management,University of Bath School of Management,no academic background in business or economics required,,,september,english,12 months,12 months,no academic background in business or economics required,english,,full time,,
48,60,75,61,80,82,67,France,85 (68),56,63,100,50,18,50,5,60,2,21500,305,69,24,La Rochelle Master in Management,No,37,50866,La Rochelle Business School,73,50690,33,ESC Grande Ecole Programme-Master in Management,ESC La Rochelle / La Rochelle Business School,no academic background in business or economics required,,,,,3 years,3 years,no academic background in business or economics required,english,,full time,,
-,-,76,-,81,84,69,Singapore,69 (94),22,60,0,66,93,53,81,25,0,"S$39,500",127,95,12,MSc in Management,No,36,55346,Singapore Management University: Lee Kong Chian,91,55346,24,Master of Science in Management,"Singapore Management University (SMU), Lee Kong Chian",no academic background in business or economics required,we practice a rolling admission. candidates are advised to apply as early as possible.30 apr (jul intake) / 15 oct (jan intake),good undergraduate degreea good score in gmat or smu admissions testa valid toefl/ ielts is required if the medium of instruction of your undergraduate studies was not in english.2 reference lettersshortlisted candidates may be invited for an interview by the admissions committee to ensure possession of the intellectual capabilities and motivation required to succeed in the programme.start your application online.,jan / july every year,english,12 months,12 months,no academic background in business or economics required,english,,full time,"s$41,081",
73,71,77,74,85,87,58,Norway,98 (97),27,43,18,25,18,12,53,93,0,"NKr168,000",347,75,24,MSc in Business,Yes,38,63802,BI Norwegian Business School,36,63618,50,MSc in Business,BI Norwegian School of Management,academic background in business or economics,,,,,2 years,2 years,academic background in business or economics,english,,full time,,
-,-,78,-,88,28,48,UK,n/a,34,58,3,56,94,0,87,48,0,15400,98,95,16,MSc in Management,No,61,44623,Brunel Business School,93,44623,25,Management MSc,Brunel University,academic background in business or economics,,,september,english,1 year,1 year,academic background in business or economics,english,,full time,,
61,74,79,71,80,47,87,UK,100 (40),44,43,0,28,83,43,89,27,0,14950,86,86,12,MSc in Management,No,44,41990,University of Bradford School of Management,64,41990,29,Master of Science in Management,Bradford University School of Management,no academic background in business or economics required,,,september,english,12 months,12 months,no academic background in business or economics required,english,,full time,,
-,76,80,-,80,76,79,France,69 (75),59,53,100,23,13,25,21,42,2,17000,441,77,36,MSc in Management,No,38,49440,EM Strasbourg Business School,58,49552,28,Grande école Master degree,EM Strasbourg Business School,academic background in business or economics,,,,,2 years,2 years,academic background in business or economics,english,,full time,,
76,67,81,75,77,83,62,France,92 (92),44,54,100,40,22,22,25,61,2,19000,499,75,32,Master in Management,Yes,31,48081,Burgundy School of Business,76,47876,24,Master in Management - Grande Ecole Programme,Burgundy School of Business,no academic background in business or economics required,,,,,2 years,2 years,no academic background in business or economics required,"english, french",,full time,,
72,81,82,78,81,36,93,Czech Republic,95 (82),45,56,9,7,19,35,63,68,1,"Kc97,200",402,85,28,Master in Management,No,70,38356,"University of Economics, Prague",26,38542,20,Master in Business Economics and Management,"University of Economics, Prague",academic background in business or economics,,,,,2 years,2 years,academic background in business or economics,czech,,full time,,
80,80,83,81,86,68,44,UK,40 (14),34,51,0,49,80,24,85,80,0,19000,105,86,11,MSc in International Management,No,43,48152,University of Exeter Business School,59,48152,18,MSc International Management,Exeter Business School,no academic background in business or economics required,,,,english,9 months or 12 months (as your prefer),9 months or 12 months (as your prefer),no academic background in business or economics required,english,,full time,,
-,-,84,-,83,73,55,Portugal,75 (49),47,52,0,9,26,78,74,92,0,9800,61,98,23,MSc in Business Administration,No,48,39738,ISCTE Business School,22,39738,50,MSc in International Management,ISCTE Business School,academic background in business or economics,,,,,1.5 years,1.5 years,academic background in business or economics,english,,full time,,
78,78,84,80,76,18,43,Italy,96 (71),37,34,50,9,27,59,65,72,0,6717,693,77,25,MSc in Management Engineering,No,55,44169,Politecnico di Milano School of Management,27,42734,41,Master of Science in Management Engineering,"Politecnico di Milano, School of Management",no academic background in business or economics required,,,,,2 years,2 years,no academic background in business or economics required,english,,full time,,
-,86,86,-,85,63,91,Ireland,93 (75),49,28,0,13,44,17,89,51,0,14000,64,80,12,MSc in Management,No,34,46013,DCU Business School,31,46013,42,M.Sc. in Management (Business),"Dublin City University, DCU Business School",academic background in business or economics,,,,,12 months,12 months,academic background in business or economics,english,,full time,,
-,82,87,-,76,95,74,US,51 (100),24,41,0,30,28,2,89,5,0,43682,39,90,9,MSc in Management,No,40,56500,Arizona State University: Carey,53,56500,12,Master of Science in Management,"Arizona State University, Carey",no academic background in business or economics required,,,august,,9 months,9 months,no academic background in business or economics required,english,,full time,,
-,-,88,-,81,33,63,UK,73 (68),36,79,91,44,96,12,86,53,0,21000,95,90,14,MSc in Business Analysis and Strategic Management,No,40,43755,Alliance Manchester Business School,85,43755,44,MSc International Business and Management,Alliance Manchester Business School,no academic background in business or economics required,rolling admission - please apply as early as possible.,"entry requirementsplease note: there is a non-refundable application fee of £60. we normally look for a first or upper second class honours (2:1) degree from a uk university or the overseas equivalent, in any discipline.application detailswe’re delighted that you are considering applying for one of our postgraduate courses. please view the most up-to-date admission information on the mbs website and follow the how to apply guide to submit an online application. our guide is designed to make the application process as straightforward as possible for you, and to ensure that your application is correct and submitted in plenty of time. all courses start on 21 september 2015.english language requirementsif english is not your first language, you are required to take an english language test to prove your level of proficiency.",21 september 2015,english,1 year,1 year,no academic background in business or economics required,english,,full time,"home/eu £11,000overseas £18,500financial aidplease find information about financial aid in our manchester business school profile.",
-,84,89,-,76,42,95,Netherlands,77 (51),19,43,16,41,21,0,80,46,0,14000,98,83,14,MSc in International Management,Yes,33,55838,Tilburg University,17,55838,40,MSc International Management,"Tilburg University, School of Economics and Management",academic background in business or economics,,,,,1 year,1 year,academic background in business or economics,english,,full time,,
-,87,90,-,80,80,64,Taiwan,89 (100),26,55,41,9,5,38,66,82,1,"NT$216,560",42,99,27,Master of Business Administration,No,30,41205,National Sun Yat-sen University,37,41205,38,Business Administration,National Sun Yat-Sen University,no academic background in business or economics required,,,,,2 years,2 years,no academic background in business or economics required,english,,full time,,
-,88,91,-,82,61,42,UK,100 (2),40,66,0,60,97,10,89,89,0,19500,67,73,12,MSc in Management,No,59,33822,"Adam Smith Business School, University of Glasgow",95,33822,30,Management MSc,"University of Glasgow, Smith",no academic background in business or economics required,,,,,1 year,1 year,no academic background in business or economics required,english,,full time,,
77,78,92,82,77,89,72,France,83 (74),58,36,100,34,21,0,51,59,2,23250,177,68,24,Master in Management,No,32,47098,ESC Clermont,62,46942,11,Grand Ecole Master in Management,ESC Clermont,no academic background in business or economics required,,,,english,12 months,12 months,no academic background in business or economics required,english,,full time,,
-,-,93,-,82,57,25,UK,87 (60),46,43,100,32,88,26,88,69,0,14250,150,60,13,MSc in Management,No,30,32316,Nottingham Business School at NTU,87,32316,26,MSc Management,"Nottingham Trent University, Nottingham Business School",no academic background in business or economics required,"application deadlines – 31 july for a september start, 30 november for a january start",entry requirementsyou will need an undergraduate degree equivalent to a uk undergraduate honours degree (2.2 or above).one academic or vocational reference is required.english language requirements apply.,september or january (selected routes),english,1 year,1 year,no academic background in business or economics required,english,,full time,,
-,-,94,-,80,8,90,Italy,55 (67),26,45,100,11,10,89,55,73,0,20500,267,49,25,Master in Management,Yes,69,44827,Luiss University,84,44827,33,Master in Management,Luiss University,no academic background in business or economics required,,,,,2 years,2 years,no academic background in business or economics required,english,,full time,,
-,-,95,-,85,94,92,Belgium,98 (40),38,39,3,9,1,0,54,88,0,1750,210,88,24,MSc in Business Engineering,Yes,24,45894,KU Leuven Faculty of Economics and Business,28,45894,11,Master of Business Engineering,KU Leuven,academic background in business or economics,,,,,2 years,2 years,academic background in business or economics,english,,full time,,
