,Academic Reputation,Citations Per Paper,Employer Reputation,H-Index Citations,International Faculty,Name,Number of Internal Students,Overall Score,Percent International PostGrad,Percent International UnderGrad,Percent Post Grad Students,Percent Undergraduate Students,Rank,Total Academic Faculty,Total Number of Students,URL
0,100,92.9,98.8,95.1,"1,679",Massachusetts Institute of Technology (MIT) ,"3,717",97.4,83%,17%,60%,40%,1,"2,982","11,067",https://www.topuniversities.com/universities/massachusetts-institute-technology-mit
1,93.6,98.6,98,100,"1,311",Harvard University,"5,266",96.8,85%,15%,69%,31%,2,"4,350","22,429",https://www.topuniversities.com/universities/harvard-university
2,88.6,91.3,95.7,93,"2,042",Stanford University,"3,611",91.4,83%,17%,56%,44%,3,"4,285","15,878",https://www.topuniversities.com/universities/stanford-university
3,92,81,98.1,89.8,246,Princeton University,"1,793",90.6,65%,35%,34%,66%,=4,"1,007","8,069",https://www.topuniversities.com/universities/princeton-university
4,88.2,84.1,97.9,94.4,"1,395","University of California, Berkeley (UCB)","6,086",90.6,39%,61%,27%,73%,=4,"3,321","36,703",https://www.topuniversities.com/universities/university-california-berkeley-ucb
5,88.5,80.1,100,95.9,635,University of Chicago,"3,379",90.6,76%,24%,57%,43%,=4,"2,449","13,557",https://www.topuniversities.com/universities/university-chicago
6,89.1,93.7,91.1,88,687,London School of Economics and Political Science (LSE),"6,748",90.2,66%,34%,53%,47%,7,"1,088","9,760",https://www.topuniversities.com/universities/london-school-economics-political-science-lse
7,86.7,100,87.9,86.7,"2,964",University of Oxford,"7,353",89.6,74%,26%,44%,56%,8,"6,750","19,720",https://www.topuniversities.com/universities/university-oxford
8,86.3,86.1,95.7,90.6,"1,708",Yale University,"2,469",89,76%,24%,56%,44%,9,"4,940","12,402",https://www.topuniversities.com/universities/yale-university
9,85.3,99.7,88.2,84.2,"2,278",University of Cambridge,"6,699",88.5,64%,36%,37%,63%,10,"5,490","18,770",https://www.topuniversities.com/universities/university-cambridge
10,82.7,84.2,93.5,92.7,913,Columbia University,"8,105",87.2,85%,15%,69%,31%,11,"6,189","25,045",https://www.topuniversities.com/universities/columbia-university
11,81.5,82.7,94,87.3,662,"University of California, Los Angeles (UCLA)","6,887",85.4,44%,56%,29%,71%,=12,"2,859","40,114",https://www.topuniversities.com/universities/university-california-los-angeles-ucla
12,81.1,82,93.5,89.2,"1,383",University of Pennsylvania,"4,250",85.4,72%,28%,52%,48%,=12,"5,499","20,639",https://www.topuniversities.com/universities/university-pennsylvania
13,80.7,78.3,94.2,91.7,604,New York University (NYU),"11,593",85.1,64%,36%,43%,57%,14,"7,717","43,860",https://www.topuniversities.com/universities/new-york-university-nyu
14,81.8,70,94.5,88.3,"1,141",Northwestern University,"3,422",83.3,79%,21%,55%,45%,15,"4,231","18,675",https://www.topuniversities.com/universities/northwestern-university
15,78,81.3,90.1,83.5,"2,554",UCL (University College London),"14,854",82.2,55%,45%,48%,52%,16,"6,345","31,080",https://www.topuniversities.com/universities/ucl-university-college-london
16,74.6,88.3,90.6,81,103,Bocconi University,"1,597",81.8,41%,59%,43%,57%,17,802,"13,377",https://www.topuniversities.com/universities/bocconi-university
17,80.8,88.4,82.4,71.9,"3,086",National University of Singapore (NUS),"8,917",80.9,48%,52%,18%,82%,18,"5,106","32,728",https://www.topuniversities.com/universities/national-university-singapore-nus
18,75.2,73.7,91.2,86.7,"1,920",University of Michigan,"7,527",80.4,64%,36%,34%,66%,19,"6,809","43,147",https://www.topuniversities.com/universities/university-michigan
19,80.1,63.5,94,82.7,200,Universitat Pompeu Fabra,"1,349",80.1,69%,31%,20%,80%,20,742,"10,537",https://www.topuniversities.com/universities/universitat-pompeu-fabra
20,72.6,71.5,94.3,87,226,Duke University,"2,864",79.6,77%,23%,58%,42%,=21,"2,938","15,320",https://www.topuniversities.com/universities/duke-university
21,77.3,63.1,95.4,85,870,"University of California, San Diego (UCSD)","6,644",79.6,31%,69%,19%,81%,=21,"3,694","32,237",https://www.topuniversities.com/universities/university-california-san-diego-ucsd
22,74.6,76.8,88.4,83.1,"3,905",University of Toronto,"21,910",79.5,21%,79%,22%,78%,23,"9,581","72,207",https://www.topuniversities.com/universities/university-toronto
23,73.8,78,86.6,83.1,970,Cornell University,"5,411",79.1,61%,39%,35%,65%,24,"2,718","21,904",https://www.topuniversities.com/universities/cornell-university
24,77.3,81.2,86.9,71.9,835,The Hong Kong University of Science and Technology,"2,921",78.9,48%,52%,15%,85%,25,"1,150","10,375",https://www.topuniversities.com/universities/hong-kong-university-science-technology
25,77.4,80.4,83.1,75.6,890,The University of Warwick,"7,703",78.8,49%,51%,31%,69%,26,"2,093","19,855",https://www.topuniversities.com/universities/university-warwick
26,68.3,91.3,89.7,76.1,87,London Business School,"1,320",78.7,100%,%,100%,%,27,105,"1,495",https://www.topuniversities.com/universities/london-business-school
27,73.2,76.5,89.6,80.1,"1,635",University of British Columbia,"11,388",78.5,24%,76%,16%,84%,28,"4,648","50,350",https://www.topuniversities.com/universities/university-british-columbia
28,72.6,68.9,94.1,82.3,379,Brown University,"1,825",78.1,49%,51%,29%,71%,29,"1,303","9,251",https://www.topuniversities.com/universities/brown-university
29,77.2,78.6,81.6,75.6,927,The Australian National University,"5,551",78,61%,39%,43%,57%,30,"1,600","14,442",https://www.topuniversities.com/universities/australian-national-university
30,78.4,86,77.3,69,254,The University of Tokyo,"2,639",77.8,89%,11%,49%,51%,31,"4,514","27,279",https://www.topuniversities.com/universities/university-tokyo
31,74.4,86.1,79.7,73.2,"1,477",The University of Melbourne,"18,030",77.6,54%,46%,47%,53%,32,"3,311","42,182",https://www.topuniversities.com/universities/university-melbourne
32,75.3,85.7,80.1,69.7,"1,038",Peking University,"7,090",77.2,48%,52%,61%,39%,33,"5,185","42,136",https://www.topuniversities.com/universities/peking-university
33,73.9,75,85.6,75,37,Stockholm School of Economics,301,76.7,92%,8%,46%,54%,34,113,"2,216",https://www.topuniversities.com/universities/stockholm-school-economics
34,70.8,71.3,90,79.2,379,Boston University,"7,041",76.4,41%,59%,36%,64%,35,"3,157","25,662",https://www.topuniversities.com/universities/boston-university
35,69.4,81.5,85,75.6,"1,886",ETH Zurich - Swiss Federal Institute of Technology,"7,563",76.2,72%,28%,53%,47%,36,"2,477","19,815",https://www.topuniversities.com/universities/eth-zurich-swiss-federal-institute-technology
36,71.2,83,83.7,71.2,"2,085",The University of Hong Kong,"8,230",76.1,54%,46%,35%,65%,37,"3,012","20,214",https://www.topuniversities.com/universities/university-hong-kong
37,73.9,82.3,79.8,69,433,Seoul National University,"2,331",75.8,47%,53%,42%,58%,=38,"3,930","28,064",https://www.topuniversities.com/universities/seoul-national-university
38,71.1,84.1,79.3,73.2,"1,612",The University of New South Wales (UNSW Sydney),"14,292",75.8,51%,49%,28%,72%,=38,"2,924","39,784",https://www.topuniversities.com/universities/university-new-south-wales-unsw-sydney
39,70.9,77.7,83.5,75.6,458,Erasmus University Rotterdam,"5,229",75.7,48%,52%,40%,60%,40,"2,011","23,273",https://www.topuniversities.com/universities/erasmus-university-rotterdam
40,70.8,71.6,84.5,78.7,707,University of Amsterdam,"3,785",75.3,66%,34%,37%,63%,41,"2,600","25,967",https://www.topuniversities.com/universities/university-amsterdam
41,72.4,71.6,86.7,72.5,350,California Institute of Technology (Caltech),647,75.1,87%,13%,56%,44%,=42,953,"2,255",https://www.topuniversities.com/universities/california-institute-technology-caltech
42,74.3,56,88.8,81.9,195,University of Minnesota,"6,542",75.1,39%,61%,24%,76%,=42,"4,919","59,742",https://www.topuniversities.com/universities/university-minnesota
43,71.4,83.3,80.5,68.2,932,Tsinghua University,"4,072",75,49%,51%,59%,41%,44,"5,506","36,300",https://www.topuniversities.com/universities/tsinghua-university
44,69.5,80.8,80.3,73.8,"1,679",Monash University,"20,578",74.8,43%,57%,25%,75%,45,"3,204","57,433",https://www.topuniversities.com/universities/monash-university
45,69.3,77.6,85.2,71.2,"1,074",The Chinese University of Hong Kong (CUHK),"4,824",74.5,35%,65%,15%,85%,46,"2,208","18,037",https://www.topuniversities.com/universities/chinese-university-hong-kong-cuhk
46,73.1,58.4,86.1,80.1,170,Tilburg University,"1,725",74.2,58%,42%,42%,58%,47,563,"11,524",https://www.topuniversities.com/universities/tilburg-university
47,67.7,63,89.1,82.7,"1,151",University of Wisconsin-Madison,"4,920",74,51%,49%,27%,73%,=48,"5,722","38,985",https://www.topuniversities.com/universities/university-wisconsin-madison
48,66.9,68.3,88,79.7,"2,617",University of Zurich,"5,036",74,71%,29%,48%,52%,=48,"4,997","26,065",https://www.topuniversities.com/universities/university-zurich
49,72.9,69.1,82.1,71.9,323,Universidad Carlos III de Madrid (UC3M),488,73.8,%,100%,20%,80%,=50,"2,204","17,618",https://www.topuniversities.com/universities/universidad-carlos-iii-de-madrid-uc3m
50,67.2,67.6,89.6,77.2,88,Universität Mannheim,"1,342",73.8,53%,47%,32%,68%,=50,651,"10,155",https://www.topuniversities.com/universities/universit%C3%A4t-mannheim
51,58.4,72.7,85.8,78.2,602,Aarhus University,"3,762",,73%,27%,48%,52%,51-100,"2,316","26,226",https://www.topuniversities.com/universities/aarhus-university
52,57.1,63.2,88.5,75,378,Boston College,"1,269",,56%,44%,29%,71%,51-100,996,"13,278",https://www.topuniversities.com/universities/boston-college
53,64.1,70.6,90,75.6,425,Carnegie Mellon University,"6,385",,71%,29%,51%,49%,51-100,"1,342","13,356",https://www.topuniversities.com/universities/carnegie-mellon-university
54,55.3,66.6,94.8,81.9,27,Dartmouth College,945,,62%,38%,32%,68%,51-100,939,"6,224",https://www.topuniversities.com/universities/dartmouth-college
55,57.4,79.7,83.7,68.2,259,Ecole Polytechnique,924,,69%,31%,65%,35%,51-100,649,"3,126",https://www.topuniversities.com/universities/ecole-polytechnique
56,62.4,80.4,81.3,64.7,"1,178",Fudan University,"4,680",,37%,63%,50%,50%,51-100,"4,037","29,135",https://www.topuniversities.com/universities/fudan-university
57,57.2,67.4,89,73.8,193,Georgetown University,"2,770",,70%,30%,55%,45%,51-100,"1,859","15,690",https://www.topuniversities.com/universities/georgetown-university
58,71.6,65,74.1,60.5,60,Hitotsubashi University,745,,70%,30%,31%,69%,51-100,543,"6,341",https://www.topuniversities.com/universities/hitotsubashi-university
59,62,64.1,84.6,74.4,"1,061",Johns Hopkins University,"4,105",,79%,21%,63%,37%,51-100,"4,462","16,146",https://www.topuniversities.com/universities/johns-hopkins-university
60,62.9,70.5,84.1,77.2,784,KU Leuven,"6,926",,78%,22%,52%,48%,51-100,"2,515","45,538",https://www.topuniversities.com/universities/ku-leuven
61,68.1,77.7,78.1,65.6,339,Korea University,"3,638",,18%,82%,23%,77%,51-100,"3,745","25,892",https://www.topuniversities.com/universities/korea-university
62,73.1,78.8,73.5,61.6,293,Kyoto University,"1,990",,89%,11%,42%,58%,51-100,"4,060","22,974",https://www.topuniversities.com/universities/kyoto-university
63,63.8,71.2,86.8,76.1,674,Ludwig-Maximilians-Universität München,"5,084",,44%,56%,36%,64%,51-100,"3,274","35,055",https://www.topuniversities.com/universities/ludwig-maximilians-universit%C3%A4t-m%C3%BCnchen
64,58.9,62.5,87.7,76.7,502,Maastricht University ,"8,234",,33%,67%,37%,63%,51-100,"1,277","16,385",https://www.topuniversities.com/universities/maastricht-university
65,60.9,77.5,81.5,67.4,"1,220",McGill University,"9,540",,32%,68%,23%,77%,51-100,"3,646","28,837",https://www.topuniversities.com/universities/mcgill-university
66,59.6,63.7,85.3,75.6,653,Michigan State University,"7,427",,29%,71%,19%,81%,51-100,"2,884","44,951",https://www.topuniversities.com/universities/michigan-state-university
67,64,81,83,68.2,"2,993","Nanyang Technological University, Singapore (NTU)","7,251",,46%,54%,18%,82%,51-100,"4,338","25,738",https://www.topuniversities.com/universities/nanyang-technological-university-singapore-ntu
68,66.3,74.9,77.7,67.4,220,National Taiwan University (NTU),"3,152",,45%,55%,46%,54%,51-100,"2,807","32,195",https://www.topuniversities.com/universities/national-taiwan-university-ntu
69,56.4,60.2,90.1,78.2,"1,696",The Ohio State University,"6,874",,36%,64%,25%,75%,51-100,"5,911","43,156",https://www.topuniversities.com/universities/ohio-state-university
70,61.2,67.7,84.8,75.6,211,Pennsylvania State University,"7,081",,35%,65%,12%,88%,51-100,"3,509","45,612",https://www.topuniversities.com/universities/pennsylvania-state-university
71,69,79.2,71.6,59.3,198,Pontificia Universidad Católica de Chile (UC),991,,70%,30%,16%,84%,51-100,"2,260","27,003",https://www.topuniversities.com/universities/pontificia-universidad-cat%C3%B3lica-de-chile-uc
72,70.4,59.8,89.1,76.7,300,Rheinische Friedrich-Wilhelms-Universität Bonn,"4,522",,53%,47%,29%,71%,51-100,"3,670","35,619",https://www.topuniversities.com/universities/rheinische-friedrich-wilhelms-universit%C3%A4t-bonn
73,58,71,85.5,68.2,341,Sciences Po ,"3,890",,55%,45%,56%,44%,51-100,"1,496","10,369",https://www.topuniversities.com/universities/sciences-po
74,56.9,80.8,79.8,67.4,887,Shanghai Jiao Tong University,"2,858",,33%,67%,54%,46%,51-100,"3,544","38,931",https://www.topuniversities.com/universities/shanghai-jiao-tong-university
75,61.7,69.2,82.1,67.4,372,Singapore Management University,"1,796",,45%,55%,13%,87%,51-100,603,"8,637",https://www.topuniversities.com/universities/singapore-management-university
76,59,64.9,89,75.6,646,Stockholm University,"2,636",,50%,50%,24%,76%,51-100,"2,154","28,281",https://www.topuniversities.com/universities/stockholm-university
77,57.9,71.5,88.3,69,"1,275",The Hong Kong Polytechnic University,"5,251",,63%,37%,27%,73%,51-100,"2,447","20,972",https://www.topuniversities.com/universities/hong-kong-polytechnic-university
78,64.1,77.6,83.4,64.7,645,The University of Auckland,"8,568",,29%,71%,17%,83%,51-100,"2,047","29,641",https://www.topuniversities.com/universities/university-auckland
79,60.5,81.9,79.2,72.5,"1,653",The University of Manchester,"13,514",,44%,56%,27%,73%,51-100,"4,910","36,670",https://www.topuniversities.com/universities/university-manchester
80,60.4,72.9,85.8,78.2,"1,135",The University of Nottingham,"7,993",,42%,58%,22%,78%,51-100,"3,360","29,165",https://www.topuniversities.com/universities/university-nottingham
81,65.7,76.2,83.5,71.2,"1,870",The University of Queensland,"10,420",,44%,56%,22%,78%,51-100,"3,158","37,497",https://www.topuniversities.com/universities/university-queensland
82,62.8,84.2,83.3,75.6,"1,829",The University of Sydney,"17,030",,58%,42%,38%,62%,51-100,"3,360","46,678",https://www.topuniversities.com/universities/university-sydney
83,64.8,76,71.9,63.7,279,Universidade de São Paulo,"2,086",,83%,17%,46%,54%,51-100,"5,582","65,711",https://www.topuniversities.com/universities/universidade-de-s%C3%A3o-paulo
84,63.8,71.9,81,72.5,153,Alma Mater Studiorum - University of Bologna,"4,195",,50%,50%,43%,57%,51-100,"2,990","63,399",https://www.topuniversities.com/universities/alma-mater-studiorum-university-bologna
85,67.8,61.2,86.4,71.9,230,Universitat Autònoma de Barcelona,"3,848",,69%,31%,25%,75%,51-100,"2,187","31,986",https://www.topuniversities.com/universities/universitat-aut%C3%B2noma-de-barcelona
86,69.4,69.3,83,73.8,406,Université catholique de Louvain (UCL),"4,468",,53%,47%,51%,49%,51-100,"1,219","24,277",https://www.topuniversities.com/universities/universit%C3%A9-catholique-de-louvain-ucl
87,57.4,68.1,85.5,72.5,286,Universite libre de Bruxelles,"7,539",,53%,47%,48%,52%,51-100,810,"23,021",https://www.topuniversities.com/universities/universite-libre-de-bruxelles
88,69.1,78.7,79.8,71.2,143,Université Paris 1 Panthéon-Sorbonne ,"9,184",,58%,42%,44%,56%,51-100,"1,330","38,000",https://www.topuniversities.com/universities/universit%C3%A9-paris-1-panth%C3%A9on-sorbonne
89,68.2,59.7,87.2,77.2,549,"University of California, Davis","4,529",,31%,69%,19%,81%,51-100,"3,843","34,244",https://www.topuniversities.com/universities/university-california-davis
90,59.9,75.1,85.1,74.4,"2,336",University of Copenhagen,"3,683",,61%,39%,49%,51%,51-100,"7,483","32,119",https://www.topuniversities.com/universities/university-copenhagen
91,61.3,79,77.6,63.7,"1,553",The University of Edinburgh,"10,551",,48%,52%,28%,72%,51-100,"4,075","28,040",https://www.topuniversities.com/universities/university-edinburgh
92,62.1,65.5,84.8,75,259,University of Illinois at Urbana-Champaign,"9,483",,47%,53%,25%,75%,51-100,"2,554","42,427",https://www.topuniversities.com/universities/university-illinois-urbana-champaign
93,65.2,55.4,90.7,82.7,473,"University of Maryland, College Park","4,683",,73%,27%,25%,75%,51-100,"3,920","35,504",https://www.topuniversities.com/universities/university-maryland-college-park
94,57.3,64.9,89,78.7,551,University of Southern California,"9,170",,73%,27%,53%,47%,51-100,"3,124","38,749",https://www.topuniversities.com/universities/university-southern-california
95,49.9,78.7,88.3,72.5,239,University of St.Gallen (HSG),"2,749",,60%,40%,47%,53%,51-100,446,"8,232",https://www.topuniversities.com/universities/university-stgallen-hsg
96,59.1,74.6,80.5,69.7,546,University of Technology Sydney,"7,769",,48%,52%,25%,75%,51-100,"1,328","24,207",https://www.topuniversities.com/universities/university-technology-sydney
97,61.9,70.6,87.3,76.1,108,University of Texas at Austin,"4,744",,62%,38%,22%,78%,51-100,"2,833","47,995",https://www.topuniversities.com/universities/university-texas-austin
98,60.3,67.3,84.4,71.2,702,The University of Western Ontario,"4,826",,34%,66%,19%,81%,51-100,"1,546","29,037",https://www.topuniversities.com/universities/university-western-ontario
99,65.8,77.7,76.4,67.4,290,Yonsei University,"3,379",,15%,85%,24%,76%,51-100,"3,621","25,903",https://www.topuniversities.com/universities/yonsei-university
100,54.4,53.1,91.7,80.1,588,Arizona State University,"9,722",,35%,65%,16%,84%,101-150,"2,578","47,503",https://www.topuniversities.com/universities/arizona-state-university
101,58,70.4,82.6,69,"1,027",City University of Hong Kong,"3,273",,66%,34%,30%,70%,101-150,"1,349","9,240",https://www.topuniversities.com/universities/city-university-hong-kong
102,58,63.9,87.5,70.5,305,Freie Universitaet Berlin,"5,735",,54%,46%,38%,62%,101-150,"1,375","32,912",https://www.topuniversities.com/universities/freie-universitaet-berlin
103,64.5,61.1,70.7,59.3,,Fundação Getulio Vargas (FGV),,,,,,,101-150,,,https://www.topuniversities.com/universities/funda%C3%A7%C3%A3o-getulio-vargas-fgv
104,48.8,68.7,83.6,71.2,75,Georgia Institute of Technology,"4,761",,68%,32%,34%,66%,101-150,"1,133","21,082",https://www.topuniversities.com/universities/georgia-institute-technology
105,59.8,52.6,86.3,73.2,454,The Hebrew University of Jerusalem,"1,034",,60%,40%,43%,57%,101-150,"2,249","16,531",https://www.topuniversities.com/universities/hebrew-university-jerusalem
106,63.6,67.7,75.9,63.7,407,Humboldt-Universität zu Berlin,"4,805",,59%,41%,37%,63%,101-150,"1,966","33,198",https://www.topuniversities.com/universities/humboldt-universit%C3%A4t-zu-berlin
107,51.9,57.9,89,77.2,766,Indiana University Bloomington,"7,434",,39%,61%,21%,79%,101-150,"4,907","65,397",https://www.topuniversities.com/universities/indiana-university-bloomington
108,60.8,72.5,66.6,56.7,261,Keio University,"2,178",,48%,52%,14%,86%,101-150,"3,905","33,500",https://www.topuniversities.com/universities/keio-university
109,70.4,82.5,49.8,46,373,Lomonosov Moscow State University ,"5,098",,16%,84%,35%,65%,101-150,"6,709","30,233",https://www.topuniversities.com/universities/lomonosov-moscow-state-university
110,55.9,72.3,78.7,67.4,"1,002",Lund University,"6,408",,55%,45%,31%,69%,101-150,"3,031","27,786",https://www.topuniversities.com/universities/lund-university
111,67.8,73.7,68.3,59.3,219,"National Research University Higher School of Economics (HSE, Moscow)","1,861",,41%,59%,26%,74%,101-150,"4,390","26,408",https://www.topuniversities.com/universities/national-research-university-higher-school-economics-hse-moscow
112,67.4,70.6,68.5,59.3,296,Osaka University,"2,106",,71%,29%,34%,66%,101-150,"2,814","22,760",https://www.topuniversities.com/universities/osaka-university
113,56.4,63.8,84,71.9,"1,334",Purdue University,"8,787",,41%,59%,23%,77%,101-150,"3,247","38,143",https://www.topuniversities.com/universities/purdue-university
114,62.7,66.3,78.2,66.5,309,Queen's University at Kingston,"2,589",,46%,54%,18%,82%,101-150,"1,161","23,065",https://www.topuniversities.com/universities/queens-university-kingston
115,50,69.5,80.4,68.2,756,Ruprecht-Karls-Universitaet Heidelberg,"5,298",,48%,52%,27%,73%,101-150,"3,908","28,852",https://www.topuniversities.com/universities/ruprecht-karls-universitaet-heidelberg
116,63.1,84.2,68,56.7,324,Sungkyunkwan University (SKKU),"2,818",,24%,76%,24%,76%,101-150,"3,556","23,921",https://www.topuniversities.com/universities/sungkyunkwan-university-skku
117,62.9,53.3,84.7,71.9,136,Tel Aviv University,"1,088",,63%,37%,38%,62%,101-150,"1,028","21,841",https://www.topuniversities.com/universities/tel-aviv-university
118,54.5,62.3,82.4,70.5,206,Texas A&M University,"4,900",,89%,11%,21%,79%,101-150,"3,446","60,294",https://www.topuniversities.com/universities/texas-am-university
119,58.2,71.4,73,60.5,633,The University of Adelaide,"8,114",,39%,61%,23%,77%,101-150,"1,729","21,240",https://www.topuniversities.com/universities/university-adelaide
120,61.1,68,78,63.7,809,The University of Western Australia,"4,575",,48%,52%,34%,66%,101-150,"1,420","18,531",https://www.topuniversities.com/universities/university-western-australia
121,54.9,71.1,80.8,68.2,544,"Trinity College Dublin, The University of Dublin","4,311",,33%,67%,23%,77%,101-150,"1,249","14,961",https://www.topuniversities.com/universities/trinity-college-dublin-university-dublin
122,61.6,71.7,71.1,62.7,148,Universidad de los Andes,293,,33%,67%,17%,83%,101-150,"1,089","16,665",https://www.topuniversities.com/universities/universidad-de-los-andes
123,56,79.4,77.3,66.5,137,Università Cattolica del Sacro Cuore,"2,360",,29%,71%,41%,59%,101-150,"1,600","30,263",https://www.topuniversities.com/universities/universit%C3%A0%C2%A0cattolica-del-sacro-cuore
124,58,61.5,78,66.5,89,"University of Rome ""Tor Vergata""","3,790",,38%,59%,14%,86%,101-150,"1,694","36,930",https://www.topuniversities.com/universities/university-rome-tor-vergata
125,59.4,69.4,75.2,62.7,108,Universitat de Barcelona,"6,134",,39%,61%,18%,82%,101-150,"3,863","46,002",https://www.topuniversities.com/universities/universitat-de-barcelona
126,55.5,60.5,84.7,71.9,288,Universität Frankfurt am Main,"6,562",,31%,69%,27%,73%,101-150,"3,430","45,427",https://www.topuniversities.com/universities/universit%C3%A4t-frankfurt-am-main
127,56.7,65.1,80.2,68.2,"1,400",University of Vienna,"14,468",,44%,56%,40%,60%,101-150,"3,411","45,967",https://www.topuniversities.com/universities/university-vienna
128,59.7,65.9,81.7,69,"1,037",Université de Montréal ,"9,688",,44%,56%,34%,66%,101-150,"2,961","39,112",https://www.topuniversities.com/universities/universit%C3%A9-de-montr%C3%A9al
129,76.6,43.9,67.2,58,70,Université Toulouse 1 Capitole,"4,534",,57%,43%,43%,57%,101-150,430,"20,543",https://www.topuniversities.com/universities/universit%C3%A9-toulouse-1-capitole
130,48.9,70.1,86.6,70.5,627,University College Dublin,"3,876",,48%,52%,24%,76%,101-150,"1,604","19,833",https://www.topuniversities.com/universities/university-college-dublin
131,50.3,69.4,82,66.5,440,University of Bath,"4,213",,37%,63%,19%,81%,101-150,"1,165","14,370",https://www.topuniversities.com/universities/university-bath
132,54,71.7,80.2,69,"1,028",University of Birmingham,"7,795",,57%,43%,30%,70%,101-150,"2,962","28,660",https://www.topuniversities.com/universities/university-birmingham
133,53.1,73.8,79.4,67.4,942,University of Bristol,"5,099",,47%,53%,21%,79%,101-150,"2,870","20,630",https://www.topuniversities.com/universities/university-bristol
134,54.6,53.1,87.8,75,267,"University of California, Santa Barbara (UCSB)","2,128",,32%,68%,12%,88%,101-150,"1,449","23,149",https://www.topuniversities.com/universities/university-california-santa-barbara-ucsb
135,61.2,57.8,85.9,72.5,484,University of Essex,"5,600",,33%,67%,22%,78%,101-150,982,"12,720",https://www.topuniversities.com/universities/university-essex
136,57.8,69.5,76,65.6,956,University of Glasgow,"8,149",,50%,50%,28%,72%,101-150,"2,775","23,815",https://www.topuniversities.com/universities/university-glasgow
137,54.1,52.9,85,77.7,"1,137",University of Groningen,"10,780",,50%,50%,36%,64%,101-150,"3,351","27,549",https://www.topuniversities.com/universities/university-groningen
138,57.9,68.2,82.8,69.7,"1,031",University of Lausanne,"3,337",,59%,41%,47%,53%,101-150,"2,173","13,435",https://www.topuniversities.com/universities/university-lausanne
139,57.6,56.4,83.5,69.7,148,University of Massachusetts Amherst,"1,921",,54%,46%,15%,85%,101-150,"1,654","25,111",https://www.topuniversities.com/universities/university-massachusetts-amherst
140,52.1,54.3,95.9,76.7,524,"University of North Carolina, Chapel Hill","1,934",,52%,48%,30%,70%,101-150,"4,083","25,373",https://www.topuniversities.com/universities/university-north-carolina-chapel-hill
141,57,58.5,85.4,71.9,711,University of Oslo,"3,667",,62%,38%,49%,51%,101-150,"2,509","24,304",https://www.topuniversities.com/universities/university-oslo
142,66.1,41.5,84.4,70.5,488,University of Rochester,"2,805",,55%,45%,38%,62%,101-150,"2,569","9,636",https://www.topuniversities.com/universities/university-rochester
143,55.9,57.1,90.3,78.7,487,University of Virginia,"1,899",,61%,39%,29%,71%,101-150,"2,509","21,560",https://www.topuniversities.com/universities/university-virginia
144,57.2,61.8,88.6,71.9,550,University of Washington,"8,373",,37%,63%,32%,68%,101-150,"2,484","56,973",https://www.topuniversities.com/universities/university-washington
145,59.3,64.2,82.3,68.2,636,University of York,"3,364",,53%,47%,22%,78%,101-150,"1,833","15,999",https://www.topuniversities.com/universities/university-york
146,60.7,56.6,81.6,73.8,331,Vrije Universiteit Amsterdam,"1,805",,75%,25%,42%,58%,101-150,"2,095","23,278",https://www.topuniversities.com/universities/vrije-universiteit-amsterdam
147,60,75.2,67.1,55.2,492,Waseda University,"6,230",,47%,53%,17%,83%,101-150,"3,850","46,301",https://www.topuniversities.com/universities/waseda-university
148,59.1,53,88.2,73.2,784,Washington University in St. Louis,"2,706",,80%,20%,48%,52%,101-150,"2,699","13,474",https://www.topuniversities.com/universities/washington-university-st-louis
149,57.8,68.7,82.7,67.4,,WU (Vienna University of Economics and Business),,,,,,,101-150,,,https://www.topuniversities.com/universities/wu-vienna-university-economics-business
150,49.8,62,79.5,66.5,370,Aalto University,"1,831",,92%,8%,54%,46%,151-200,"1,257","12,147",https://www.topuniversities.com/universities/aalto-university
151,51.7,62.7,79,64.7,46,American University,"1,588",,50%,50%,39%,61%,151-200,"1,026","12,313",https://www.topuniversities.com/universities/american-university
152,49.5,64.6,79.2,65.6,2,Athens University of Economics and Business,427,,11%,89%,15%,85%,151-200,262,"9,959",https://www.topuniversities.com/universities/athens-university-economics-business
153,56.3,68.1,73.1,62.7,184,Central European University,924,,98%,2%,98%,2%,151-200,290,"1,213",https://www.topuniversities.com/universities/central-european-university
154,56.9,43.5,82.3,68.2,186,Christian-Albrechts-University zu Kiel,"1,939",,%,%,%,%,151-200,"2,780","24,674",https://www.topuniversities.com/universities/christian-albrechts-university-zu-kiel
155,49.3,69.8,80,68.2,372,"City, University of London","6,958",,44%,56%,35%,65%,151-200,863,"13,808",https://www.topuniversities.com/universities/city-university-london
156,47.2,55.5,84.4,71.9,261,George Washington University,"3,814",,67%,33%,53%,47%,151-200,"1,708","22,884",https://www.topuniversities.com/universities/george-washington-university
157,66.8,65.3,53.9,53.7,68,Instituto Tecnológico Autónomo de México (ITAM),231,,35%,65%,12%,88%,151-200,329,"5,688",https://www.topuniversities.com/universities/instituto-tecnol%C3%B3gico-aut%C3%B3nomo-de-m%C3%A9xico-itam
158,59.3,57,71.7,59.3,102,Kobe University,956,,88%,12%,28%,72%,151-200,"1,926","16,356",https://www.topuniversities.com/universities/kobe-university
159,51.9,60.5,76.2,65.6,"1,170",McMaster University,"3,548",,31%,69%,17%,83%,151-200,"3,231","23,702",https://www.topuniversities.com/universities/mcmaster-university
160,47.9,60.2,81.5,68.2,801,Queen Mary University of London,"6,806",,41%,59%,25%,75%,151-200,"1,885","16,135",https://www.topuniversities.com/universities/queen-mary-university-london
161,47.7,69.2,78.1,63.7,722,Queensland University of Technology (QUT),"5,267",,43%,57%,14%,86%,151-200,"1,755","33,929",https://www.topuniversities.com/universities/queensland-university-technology-qut
162,56.5,64.1,74.7,62.7,115,Renmin (People's) University of China,"1,231",,26%,74%,53%,47%,151-200,"2,273","25,882",https://www.topuniversities.com/universities/renmin-peoples-university-china
163,63.6,72.3,60.8,53.7,98,Saint Petersburg State University,"2,600",,51%,49%,42%,58%,151-200,"4,076","21,596",https://www.topuniversities.com/universities/saint-petersburg-state-university
164,55.3,69.2,71.5,60.5,123,Sapienza University of Rome,"7,650",,47%,53%,50%,50%,151-200,"3,381","108,229",https://www.topuniversities.com/universities/sapienza-university-rome
165,61.4,56.1,75.7,61.6,73,Shanghai University of Finance and Economics,807,,20%,80%,38%,62%,151-200,"1,136","15,661",https://www.topuniversities.com/universities/shanghai-university-finance-economics
166,53.8,58.4,83,67.4,364,Simon Fraser University,"7,573",,18%,82%,13%,87%,151-200,974,"25,108",https://www.topuniversities.com/universities/simon-fraser-university
167,46.1,67.4,81.2,66.5,377,Technische Universität Berlin (TU Berlin),"4,494",,51%,49%,39%,61%,151-200,"2,562","22,176",https://www.topuniversities.com/universities/technische-universit%C3%A4t-berlin-tu-berlin
168,52.1,70,75.5,60.5,181,Universidad Autónoma de Madrid,"2,976",,42%,58%,23%,77%,151-200,"2,738","26,511",https://www.topuniversities.com/universities/universidad-aut%C3%B3noma-de-madrid
169,53,70.9,75.5,60.5,67,University Complutense Madrid,"9,697",,29%,71%,17%,83%,151-200,"4,647","72,654",https://www.topuniversities.com/universities/university-complutense-madrid
170,65.7,73.6,58.1,50.2,949,Universidad Nacional Autónoma de México  (UNAM),"2,173",,78%,22%,20%,80%,151-200,"15,073","141,939",https://www.topuniversities.com/universities/universidad-nacional-aut%C3%B3noma-de-m%C3%A9xico-unam
171,50.6,67.1,81.3,61.6,75,Ca' Foscari University of Venice ,"1,123",,37%,63%,32%,68%,151-200,546,"21,387",https://www.topuniversities.com/universities/ca-foscari-university-venice
172,47.3,63.9,79.1,67.4,171,University of Milan,"3,260",,37%,63%,40%,60%,151-200,"2,454","56,425",https://www.topuniversities.com/universities/university-milan
173,52.6,64,77.2,64.7,31,Università di Padova,"2,693",,48%,52%,42%,58%,151-200,"2,038","61,801",https://www.topuniversities.com/universities/universit%C3%A0%C2%A0di-padova
174,48.8,64.6,81.3,68.2,597,University of Cologne,"4,507",,53%,47%,42%,58%,151-200,"4,860","45,086",https://www.topuniversities.com/universities/university-cologne
175,48.6,66.3,78.2,67.4,125,Université Paris Dauphine,"2,039",,52%,48%,55%,45%,151-200,697,"8,068",https://www.topuniversities.com/universities/universit%C3%A9-paris-dauphine
176,58.8,68.6,68.1,55.2,655,Universiti Malaya (UM),"3,476",,75%,25%,46%,54%,151-200,"2,755","17,902",https://www.topuniversities.com/universities/universiti-malaya-um
177,57.2,61.7,68.2,60.5,401,Universiti Putra Malaysia (UPM),"4,778",,81%,19%,45%,55%,151-200,"2,334","20,924",https://www.topuniversities.com/universities/universiti-putra-malaysia-upm
178,55.5,63.7,72,59.3,288,Universiti Sains Malaysia (USM),"2,462",,71%,29%,33%,67%,151-200,"2,318","20,955",https://www.topuniversities.com/universities/universiti-sains-malaysia-usm
179,48.7,64.2,82,68.2,"1,294",University of Alberta,"8,203",,38%,62%,20%,80%,151-200,"3,561","31,765",https://www.topuniversities.com/universities/university-alberta
180,51.8,62.5,76.3,62.7,628,University of Antwerp,"2,563",,55%,45%,40%,60%,151-200,"2,644","15,841",https://www.topuniversities.com/universities/university-antwerp
181,50.6,50.5,89,75.6,266,The University of Arizona,"3,561",,42%,58%,20%,80%,151-200,"2,906","38,379",https://www.topuniversities.com/universities/university-arizona
182,51.4,64,82.8,66.5,809,University of Calgary,"5,980",,38%,62%,19%,81%,151-200,"2,689","30,195",https://www.topuniversities.com/universities/university-calgary
183,52.1,55,84.6,69.7,377,"University of California, Irvine","8,538",,21%,79%,16%,84%,151-200,"1,926","32,151",https://www.topuniversities.com/universities/university-california-irvine
184,52.4,69.5,74.9,62.7,316,University of Canterbury,"2,338",,38%,62%,18%,82%,151-200,698,"11,324",https://www.topuniversities.com/universities/university-canterbury
185,47.2,58.4,90.2,71.2,566,University of Colorado Boulder,"2,679",,27%,73%,13%,87%,151-200,"3,685","30,219",https://www.topuniversities.com/universities/university-colorado-boulder
186,48.2,46.6,88.2,74.4,421,University of East Anglia (UEA),"3,604",,45%,55%,23%,77%,151-200,"1,409","13,899",https://www.topuniversities.com/universities/university-east-anglia-uea
187,48.8,55.5,83.1,69.7,504,University of Florida,"4,597",,88%,12%,31%,69%,151-200,"5,419","45,485",https://www.topuniversities.com/universities/university-florida
188,58.2,55.5,76.6,60.5,342,"University of Illinois, Chicago (UIC)","5,148",,57%,43%,35%,65%,151-200,"2,284","26,046",https://www.topuniversities.com/universities/university-illinois-chicago-uic
189,49.1,70.7,79.4,67.4,870,University of Leeds,"7,534",,57%,43%,25%,75%,151-200,"3,025","29,645",https://www.topuniversities.com/universities/university-leeds
190,47.2,55,87.4,73.2,351,University of Notre Dame,"1,176",,66%,34%,30%,70%,151-200,"1,170","12,054",https://www.topuniversities.com/universities/university-notre-dame
191,53.9,67.5,72.1,58,759,University of Otago,"3,871",,29%,71%,17%,83%,151-200,"1,266","18,532",https://www.topuniversities.com/universities/university-otago
192,49.5,62.4,82.9,68.2,422,University of Reading,"4,077",,50%,50%,26%,74%,151-200,"1,280","13,330",https://www.topuniversities.com/universities/university-reading
193,51.8,61.3,81.1,67.4,"1,017",University of Southampton,"7,789",,53%,47%,28%,72%,151-200,"2,820","23,775",https://www.topuniversities.com/universities/university-southampton
194,44.5,67.6,81,70.5,485,University of St Andrews,"4,030",,30%,70%,21%,79%,151-200,"1,140","8,800",https://www.topuniversities.com/universities/university-st-andrews
195,55.4,54.5,77.1,63.7,452,University of Sussex,"5,152",,39%,61%,25%,75%,151-200,"1,215","14,245",https://www.topuniversities.com/universities/university-sussex
196,48.1,67.6,81.9,70.5,234,University of Waikato,"2,358",,30%,70%,18%,82%,151-200,565,"9,474",https://www.topuniversities.com/universities/university-waikato
197,55.9,63.1,77.3,63.7,584,Uppsala University,"5,198",,72%,28%,30%,70%,151-200,"2,567","25,371",https://www.topuniversities.com/universities/uppsala-university
198,50.6,60.2,83.5,68.2,653,Utrecht University,"2,771",,70%,30%,39%,61%,151-200,"3,067","31,754",https://www.topuniversities.com/universities/utrecht-university
199,54.2,52.5,80.7,67.4,323,Wageningen University,"3,613",,95%,5%,58%,42%,151-200,"2,277","12,695",https://www.topuniversities.com/universities/wageningen-university
200,44.2,63.8,85.3,72.5,328,York University,"8,932",,12%,88%,8%,92%,151-200,"2,357","40,325",https://www.topuniversities.com/universities/york-university
201,52.8,74.4,73.6,62.7,"1,913",Zhejiang University,"4,625",,40%,60%,51%,49%,151-200,"4,507","40,869",https://www.topuniversities.com/universities/zhejiang-university
202,39,69.3,72.2,61.6,461,Aalborg University,"2,625",,71%,29%,43%,57%,201-300,"1,722","16,942",https://www.topuniversities.com/universities/aalborg-university
203,50.2,61.2,68.2,55.2,248,Beijing Normal University ,"1,586",,%,%,58%,42%,201-300,"1,734","20,252",https://www.topuniversities.com/universities/beijing-normal-university
204,44.6,61.8,79.9,68.2,705,Cardiff University,"6,090",,47%,53%,22%,78%,201-300,"2,755","24,565",https://www.topuniversities.com/universities/cardiff-university
205,50.9,40.7,77.3,62.7,31,Central University of Finance and Economics,207,,17%,127%,32%,68%,201-300,"1,050","14,245",https://www.topuniversities.com/universities/central-university-finance-economics
206,46.6,65.3,75.5,62.7,404,Charles University,"8,112",,78%,22%,64%,36%,201-300,"4,618","50,495",https://www.topuniversities.com/universities/charles-university
207,57.8,66.4,56.8,48.2,219,Chulalongkorn University,645,,84%,16%,34%,66%,201-300,"2,841","38,734",https://www.topuniversities.com/universities/chulalongkorn-university
208,46,54.5,79.2,67.4,398,City University of New York,"7,421",,24%,76%,12%,88%,201-300,"8,139","128,410",https://www.topuniversities.com/universities/city-university-new-york
209,45.7,55.2,82.4,66.5,350,Colorado State University,"1,656",,45%,55%,13%,87%,201-300,"2,967","25,902",https://www.topuniversities.com/universities/colorado-state-university
210,48.2,67.4,65.7,53.7,21,Corvinus University of Budapest,"1,346",,25%,94%,33%,101%,201-300,426,"9,627",https://www.topuniversities.com/universities/corvinus-university-budapest
211,41.5,65.5,77.4,68.2,631,Deakin University,"7,166",,48%,52%,21%,79%,201-300,"1,598","36,940",https://www.topuniversities.com/universities/deakin-university
212,46.5,74.3,75,61.6,586,Durham University,"4,690",,48%,52%,22%,78%,201-300,"1,539","16,745",https://www.topuniversities.com/universities/durham-university
213,39.3,47.4,87.6,71.9,484,Emory University,"2,154",,45%,55%,47%,53%,201-300,"2,560","12,852",https://www.topuniversities.com/universities/emory-university
214,48.9,73.1,62,52,65,ESSEC Business School,"1,653",,71%,29%,71%,29%,201-300,136,"5,319",https://www.topuniversities.com/universities/essec-business-school
215,61.5,37.4,77.2,64.7,,European University Institute,,,,,,,201-300,,,https://www.topuniversities.com/universities/european-university-institute
216,39.9,52,82.5,67.4,121,Florida State University,"1,614",,77%,23%,18%,82%,201-300,"2,022","36,701",https://www.topuniversities.com/universities/florida-state-university
217,47.5,54.8,78.6,67.4,641,University of Göttingen,"3,736",,62%,38%,33%,67%,201-300,"3,678","30,402",https://www.topuniversities.com/universities/university-g%C3%B6ttingen
218,55.9,38.7,79.5,70.5,81,George Mason University,"2,090",,54%,46%,25%,75%,201-300,"1,833","25,984",https://www.topuniversities.com/universities/george-mason-university
219,43.8,57,81.7,58,413,Hong Kong Baptist University,"2,518",,68%,32%,25%,75%,201-300,827,"9,206",https://www.topuniversities.com/universities/hong-kong-baptist-university
220,60.5,33.8,72.8,63.7,,Indian Statistical Institute,,,,,,,201-300,,,https://www.topuniversities.com/universities/indian-statistical-institute
221,45.2,46.9,81.7,68.2,278,Iowa State University,"3,561",,46%,54%,13%,87%,201-300,"2,193","33,306",https://www.topuniversities.com/universities/iowa-state-university
222,45.6,62.3,68.5,60.5,235,"Kingston University, London","5,837",,26%,74%,17%,83%,201-300,950,"16,950",https://www.topuniversities.com/universities/kingston-university-london
223,46.5,69.6,74.8,64.7,410,"KIT, Karlsruhe Institute of Technology","4,809",,56%,44%,46%,54%,201-300,"1,827","26,081",https://www.topuniversities.com/universities/kit-karlsruhe-institute-technology
224,45.9,70.1,72.3,58,494,KTH Royal Institute of Technology ,"1,937",,88%,12%,41%,59%,201-300,"1,500","12,658",https://www.topuniversities.com/universities/kth-royal-institute-technology
225,38.7,61,76.9,67.4,518,La Trobe University,"8,071",,39%,61%,20%,80%,201-300,"1,253","24,600",https://www.topuniversities.com/universities/la-trobe-university
226,45.8,58,78.8,63.7,435,Lancaster University,"4,464",,36%,64%,24%,76%,201-300,"1,245","12,300",https://www.topuniversities.com/universities/lancaster-university
227,45.1,51.3,77.3,65.6,553,Laval University,"3,709",,66%,34%,26%,74%,201-300,"2,274","28,236",https://www.topuniversities.com/universities/laval-university
228,47.7,52.9,72.7,61.6,581,Leiden University,"3,488",,63%,37%,39%,61%,201-300,"2,324","26,513",https://www.topuniversities.com/universities/leiden-university
229,49.4,66,72.5,61.6,,Luiss Guido Carli University,,,,,,,201-300,,,https://www.topuniversities.com/universities/luiss-guido-carli-university
230,44,67.6,76.2,64.7,413,Macquarie University,"5,550",,48%,52%,23%,77%,201-300,"1,517","22,765",https://www.topuniversities.com/universities/macquarie-university
231,47.8,62.8,71.3,56.7,516,Massey University,"4,801",,41%,59%,27%,73%,201-300,"1,275","17,263",https://www.topuniversities.com/universities/massey-university
232,57.6,63.9,56.8,48.2,206,Nagoya University,"1,547",,80%,20%,38%,62%,201-300,"2,665","15,838",https://www.topuniversities.com/universities/nagoya-university
233,52.6,55.3,70.3,59.3,266,Nankai University,"1,334",,32%,68%,44%,56%,201-300,"2,353","26,544",https://www.topuniversities.com/universities/nankai-university
234,47.4,60.8,70.6,58,170,National Cheng Kung University (NCKU),"2,432",,38%,62%,42%,58%,201-300,"2,000","21,088",https://www.topuniversities.com/universities/national-cheng-kung-university-ncku
235,48.2,62.4,76.8,62.7,47,National Chengchi University,"1,556",,42%,58%,26%,74%,201-300,862,"11,323",https://www.topuniversities.com/universities/national-chengchi-university
236,47.6,53.7,75.8,65.6,61,National Sun Yat-sen University,428,,49%,51%,45%,55%,201-300,664,"8,345",https://www.topuniversities.com/universities/national-sun-yat-sen-university
237,51.6,65.1,68.6,59.3,119,National Tsing Hua University,"1,187",,63%,37%,38%,62%,201-300,"1,020","13,890",https://www.topuniversities.com/universities/national-tsing-hua-university
238,52,46.9,72.3,59.3,42,The New School,"3,159",,34%,66%,31%,69%,201-300,"1,009","9,047",https://www.topuniversities.com/universities/new-school
239,41.2,60.7,79.8,64.7,835,Newcastle University,"5,717",,51%,49%,24%,76%,201-300,"2,428","21,673",https://www.topuniversities.com/universities/newcastle-university
240,52.6,50.3,80.5,66.5,573,North Carolina State University,"4,120",,66%,34%,24%,76%,201-300,"2,562","27,748",https://www.topuniversities.com/universities/north-carolina-state-university
241,43.3,59.4,82.2,66.5,409,Northeastern University,"6,813",,55%,45%,32%,68%,201-300,"1,544","19,976",https://www.topuniversities.com/universities/northeastern-university
242,40,61.8,83.2,70.5,507,Norwegian University of Science And Technology,"1,988",,106%,11%,77%,23%,201-300,"1,952","20,841",https://www.topuniversities.com/universities/norwegian-university-science-technology
243,52.1,71.3,65.9,53.7,212,Oxford Brookes University,"3,574",,35%,65%,19%,81%,201-300,890,"13,550",https://www.topuniversities.com/universities/oxford-brookes-university
244,61.3,59.1,66.4,55.2,62,Pontifícia Universidade Católica do Rio de Janeiro,678,,46%,54%,17%,83%,201-300,753,"15,425",https://www.topuniversities.com/universities/pontif%C3%ADcia-universidade-cat%C3%B3lica-do-rio-de-janeiro
245,54,71.6,63.9,56.7,449,RWTH Aachen University,"8,556",,65%,35%,50%,50%,201-300,"3,176","44,517",https://www.topuniversities.com/universities/rwth-aachen-university
246,39.8,73.6,76.7,62.7,"1,066",RMIT University,"8,674",,47%,53%,24%,76%,201-300,"1,915","32,667",https://www.topuniversities.com/universities/rmit-university
247,45.4,57,75.5,65.6,1,Scuola Superiore Sant'Anna Pisa di Studi Universitari e di Perfezionamento,135,,100%,%,76%,24%,201-300,119,789,https://www.topuniversities.com/universities/scuola-superiore-santanna-pisa-di-studi-universitari-e-di-perfezionamento
248,51.7,55.2,72.2,59.3,252,SOAS University of London ,"2,549",,50%,50%,41%,59%,201-300,465,"4,750",https://www.topuniversities.com/universities/soas-university-london
249,57.4,67.8,62.6,52,60,Sogang University,672,,35%,65%,23%,77%,201-300,957,"9,596",https://www.topuniversities.com/universities/sogang-university
250,48.3,47.9,84,68.2,71,Syracuse University,"3,972",,54%,46%,26%,74%,201-300,"1,346","20,092",https://www.topuniversities.com/universities/syracuse-university
251,56,75,60.3,52,821,Instituto Tecnológico y de Estudios Superiores de Monterrey,"1,412",,58%,42%,17%,83%,201-300,"1,822","13,376",https://www.topuniversities.com/universities/instituto-tecnol%C3%B3gico-y-de-estudios-superiores-de-monterrey
252,38.6,65.1,79.8,65.6,938,The University of Sheffield,"8,745",,51%,49%,28%,72%,201-300,"3,065","25,430",https://www.topuniversities.com/universities/university-sheffield
253,53.1,67.1,63,53.7,264,Tohoku University,"1,604",,84%,16%,38%,62%,201-300,"3,411","17,827",https://www.topuniversities.com/universities/tohoku-university
254,58.9,72.1,58.1,48.2,191,Tokyo Institute of Technology,"1,071",,80%,20%,51%,49%,201-300,"1,563","9,832",https://www.topuniversities.com/universities/tokyo-institute-technology
255,61.4,78.5,49.4,43.5,"3,165",Universidad de Buenos Aires (UBA),"27,109",,8%,92%,7%,93%,201-300,"16,421","122,301",https://www.topuniversities.com/universities/universidad-de-buenos-aires-uba
256,49.8,78.1,62.2,52,91,University of Navarra,"1,921",,62%,38%,27%,73%,201-300,"1,015","10,450",https://www.topuniversities.com/universities/university-navarra
257,56.2,64.6,57,55.2,13,Universidad de San Andrés - UdeSA,89,,48%,52%,22%,78%,201-300,131,"1,633",https://www.topuniversities.com/universities/universidad-de-san-andr%C3%A9s-udesa
258,45.8,55.8,75.1,61.6,77,Universidad de Zaragoza,"2,070",,21%,79%,12%,88%,201-300,"3,833","30,168",https://www.topuniversities.com/universities/universidad-de-zaragoza
259,55.9,71.8,54.7,43.5,163,Universidad Nacional de Colombia,312,,48%,52%,19%,81%,201-300,"2,909","53,581",https://www.topuniversities.com/universities/universidad-nacional-de-colombia
260,63.5,61.6,61.8,53.7,9,Universidad Torcuato Di Tella,116,,15%,85%,26%,74%,201-300,155,"1,957",https://www.topuniversities.com/universities/universidad-torcuato-di-tella
261,58.6,54.6,66.5,52,152,Universidade Federal do Rio de Janeiro,"1,184",,59%,41%,24%,76%,201-300,"3,988","55,109",https://www.topuniversities.com/universities/universidade-federal-do-rio-de-janeiro
262,49.6,51,71.9,59.3,137,University of Florence,"3,897",,40%,60%,44%,56%,201-300,"3,195","53,016",https://www.topuniversities.com/universities/university-florence
263,45.7,60.9,81.1,71.2,12,University of Naples - Federico II,369,,12%,88%,18%,82%,201-300,"2,359","79,894",https://www.topuniversities.com/universities/university-naples-federico-ii
264,51.6,53.8,78.3,64.7,149,University of Turin,"4,267",,38%,62%,42%,58%,201-300,"2,679","62,026",https://www.topuniversities.com/universities/university-turin
265,50.4,51.4,77,65.6,153,University of Trento,"1,116",,62%,38%,47%,53%,201-300,931,"16,881",https://www.topuniversities.com/universities/university-trento
266,48.8,51.2,74.9,65.6,35,Universitat de Valencia,"3,046",,55%,45%,19%,81%,201-300,"2,925","51,813",https://www.topuniversities.com/universities/universitat-de-valencia
267,51.6,61.9,75.6,63.7,469,Universität Hamburg,"4,391",,62%,38%,52%,48%,201-300,"4,257","38,182",https://www.topuniversities.com/universities/universit%C3%A4t-hamburg
268,45.2,44.9,79.9,66.5,665,Universität Innsbruck,"5,744",,44%,56%,46%,54%,201-300,"1,571","14,648",https://www.topuniversities.com/universities/universit%C3%A4t-innsbruck
269,46.6,53.6,83.7,68.2,223,Universität Konstanz,"1,500",,44%,54%,23%,78%,201-300,"1,064","11,420",https://www.topuniversities.com/universities/universit%C3%A4t-konstanz
270,54.3,37.9,77.4,66.5,477,Aix-Marseille University,"9,206",,50%,50%,37%,63%,201-300,"3,930","66,007",https://www.topuniversities.com/universities/aix-marseille-university
271,50.8,53.4,72.4,59.3,354,Université de Strasbourg,"7,522",,53%,47%,43%,57%,201-300,"2,349","43,319",https://www.topuniversities.com/universities/universit%C3%A9-de-strasbourg
272,49.1,55.1,74.4,62.7,255,Université du Québec,"3,271",,%,%,19%,81%,201-300,"1,711","46,514",https://www.topuniversities.com/universities/universit%C3%A9-du-qu%C3%A9bec
273,58.6,60.5,59.9,56.7,435,Universiti Kebangsaan Malaysia (UKM),"2,681",,81%,19%,35%,65%,201-300,"2,460","18,094",https://www.topuniversities.com/universities/universiti-kebangsaan-malaysia-ukm
274,48.7,59.9,75.8,63.7,508,University of Aberdeen,"4,246",,36%,64%,23%,77%,201-300,"1,310","12,005",https://www.topuniversities.com/universities/university-aberdeen
275,47.4,61.2,75.3,63.7,684,University of Basel,"3,441",,64%,36%,49%,51%,201-300,"1,057","12,852",https://www.topuniversities.com/universities/university-basel
276,51,65.7,70.7,59.3,379,University of Cape Town,"3,325",,30%,70%,18%,82%,201-300,"1,733","19,593",https://www.topuniversities.com/universities/university-cape-town
277,56.3,67,68.3,55.2,17,University of Delhi,183,,95%,5%,96%,4%,201-300,"1,205","23,218",https://www.topuniversities.com/universities/university-delhi
278,55.3,64.7,69.9,58,19,"University of Economics, Prague","3,152",,40%,60%,45%,55%,201-300,462,"13,763",https://www.topuniversities.com/universities/university-economics-prague
279,48,65.6,77.1,64.7,597,The University of Exeter,"5,504",,33%,67%,18%,82%,201-300,"1,756","20,749",https://www.topuniversities.com/universities/university-exeter
280,46.8,55.9,76.7,67.4,"1,029",University of Geneva,"6,104",,61%,39%,48%,52%,201-300,"1,752","15,844",https://www.topuniversities.com/universities/university-geneva
281,43.8,62.4,80,66.5,482,Ghent University,"3,766",,80%,20%,45%,55%,201-300,"2,520","35,968",https://www.topuniversities.com/universities/ghent-university
282,48.3,52.8,82.7,69.7,434,University of Gothenburg,"3,518",,49%,51%,27%,73%,201-300,"2,683","26,630",https://www.topuniversities.com/universities/university-gothenburg
283,49,63.7,76.3,64.7,535,University of Helsinki,"1,234",,85%,15%,41%,59%,201-300,"2,645","22,419",https://www.topuniversities.com/universities/university-helsinki
284,40.3,52.3,85.8,71.2,64,University of Houston,"3,510",,64%,36%,20%,80%,201-300,"1,500","32,750",https://www.topuniversities.com/universities/university-houston
285,47.5,41.1,80.4,67.4,114,University of Iowa,"3,682",,35%,65%,27%,73%,201-300,"2,549","30,270",https://www.topuniversities.com/universities/university-iowa
286,47.3,52.8,76.4,67.4,39,University of Milano-Bicocca ,"1,994",,29%,71%,36%,64%,201-300,"1,205","33,945",https://www.topuniversities.com/universities/university-milano-bicocca
287,47.5,65.7,71.3,55.2,499,"The University of Newcastle, Australia (UON)","3,032",,58%,42%,9%,91%,201-300,"1,058","13,012",https://www.topuniversities.com/universities/university-newcastle-australia-uon
288,48,50.1,75.2,64.7,497,University of Ottawa,"6,181",,34%,66%,23%,77%,201-300,"1,586","35,003",https://www.topuniversities.com/universities/university-ottawa
289,42.2,52.2,87.3,73.2,572,University of Pittsburgh,"2,937",,77%,23%,31%,69%,201-300,"4,982","26,393",https://www.topuniversities.com/universities/university-pittsburgh
290,49.8,63.1,67.2,58,61,University of Porto,"1,543",,78%,22%,28%,72%,201-300,"1,750","27,966",https://www.topuniversities.com/universities/university-porto
291,43.9,64.4,75.9,60.5,"1,177",University of South Australia,"3,634",,30%,70%,13%,87%,201-300,"1,435","17,388",https://www.topuniversities.com/universities/university-south-australia
292,43.4,63.8,76.8,62.7,463,University of Southern Denmark,"2,766",,61%,39%,41%,59%,201-300,"1,747","18,209",https://www.topuniversities.com/universities/university-southern-denmark
293,44,55.3,77.3,63.7,410,University of Surrey,"5,749",,34%,66%,19%,81%,201-300,"1,050","14,637",https://www.topuniversities.com/universities/university-surrey
294,43.1,43.2,85.5,71.2,116,University of Texas Dallas,"5,145",,91%,9%,34%,66%,201-300,"1,032","20,767",https://www.topuniversities.com/universities/university-texas-dallas
295,47.3,62,71.2,59.3,270,University of Turku,580,,94%,6%,43%,57%,201-300,"1,394","12,416",https://www.topuniversities.com/universities/university-turku
296,40.9,68.9,74.3,61.6,551,University of Wollongong,"4,730",,59%,41%,24%,76%,201-300,"1,301","18,476",https://www.topuniversities.com/universities/university-wollongong
297,46,47.8,84.4,68.2,470,Vanderbilt University,"1,671",,55%,45%,43%,57%,201-300,"4,220","12,037",https://www.topuniversities.com/universities/vanderbilt-university
298,53,70.5,68.5,56.7,503,Victoria University of Wellington,"3,280",,34%,66%,21%,79%,201-300,985,"17,085",https://www.topuniversities.com/universities/victoria-university-wellington
299,52.4,50.1,75.7,60.5,164,Xiamen University,"1,769",,33%,67%,45%,55%,201-300,"2,692","35,118",https://www.topuniversities.com/universities/xiamen-university
