1st year fee in inr,1st year fee in pounds,application assessment fee inr ,application assessment fee pound ,application fee inr ,application fee pound ,bachelors,books cost inr,books cost pound,bus pass inr ,bus pass pound ,capstone project fee inr ,capstone project fee pound ,class 12th,college fee inr ,college fee pound ,college membership fee inr ,college membership fee pound ,collegename,course costs inr ,course costs pound ,course related costs inr ,course related costs pound ,coursename,deposit fee inr ,deposit fee pound ,duration,examination fee inr ,examination fee pound ,first year cost,general expenses inr ,general expenses pound ,gmat,gmat recommendation,gre,gre recommendation,health cost inr ,health cost pound ,hostel & meals inr ,hostel & meals pound ,housing deposit inr ,housing deposit pound ,ielts,ielts recommendation,insurance inr ,insurance pound ,level,living costs inr,living costs pound,location,misc costs inr,miscellaneous expense pound ,miscellaneous expenses pound ,miscellaneous pound ,mobile expense inr ,mobile expense pound ,nhs health surcharge inr ,nhs health surcharge pound ,orientation fees inr ,orientation fees pound ,other expenses inr ,other expenses pound ,payment administration inr ,payment administration pound ,personal expenses inr,personal expenses pound,placement companies,pte,pte recommendation,rank,residence booking fee inr ,residence booking fee pound ,schol link,schol text,security deposit inr ,security deposit pound ,shikshacourseurl,shishkacollegeurl,social and sporting activities inr ,social and sporting activities pound ,study costs inr ,study costs pound ,toefl recommendation,total inr ,total pound ,transportation inr ,transportation pound ,tuition deposit inr ,tuition deposit pound ,tuition fee deposit inr ,tuition fee deposit pound ,work experience
"39,31,498","47,050",,,,,3.50 GPA,,,,,,,No specific cutoff mentioned,"2,63,214","3,150",,,University of Oxford,,,,,MBA,,,1 Years,,,Rs 45.7 Lakhs,,,Accepted,Candidates are recommended to apply with a GMAT score of 650 or above,Accepted,Recommended score for Sub-sections Verbal score of 160 and Quantitative score of 161,,,"3,63,068","4,345",,,7.5,Minimum required on each component 7,,,Masters Program,,,"Oxford, UK","22,143",,,265,,,,,,,,,,,,,"['Accenture', 'Amazon', 'BCG', 'Citigroup', 'Deutsche Bank', 'Deloitte', 'HSBC', 'IBM', 'Osmosys', 'Johnson Johnson', 'KPMG', 'McKinsey', 'Nomura', 'Pepsi', 'PricewaterhouseCoopers', 'Novartis', 'RBS (Royal Bank of Scotland)', 'TATA Communications', 'Time', 'Vodafone']",,,1,,,http://www.ox.ac.uk/admissions/postgraduate_courses/international_students/india/indiascholarships.html,"['', 'Commonwealth Scholarship and Fellowship Plan (CSFP) - CSFP is one of the largest and most prestigious scholarships schemes for international study in the world\n', 'Chevening Scholarships are the UK government’s global scholarship programme, funded by the Foreign & Commonwealth Office (FCO) and partner organizations\n', 'Oxford-Indira Gandhi Graduate Scholarships - Oxford Graduate Scholarships enable the creation of fully-funded scholarships for graduate students of the highest calibre from across the world']",,,https://studyabroad.shiksha.com/uk/universities/university-of-oxford/mba,https://studyabroad.shiksha.com/uk/universities/university-of-oxford?refCourseId=195904,,,"34,928",418,,"Rs. 6,83,354","Pound 8,178",,,,,,,2years
"Rs. 39,44,032","Pound 47,200",,,,,No specific cutoff mentioned,,,,,,,No specific cutoff mentioned,,,,,London Business School,,,,,MBA,,,15-21 Months,,,Rs 39.1 Lakhs,,,Accepted,,,,,,,,,,Accepted,,,,Masters Program,,,"London, UK",,,,,,,,,,,,,,,,,"['Barclays Capital', 'KPMG', 'HSBC', 'Google', 'McKinsey', 'Deloitte']",Accepted,,2,,,,,,,https://studyabroad.shiksha.com/uk/universities/london-business-school/mba,https://studyabroad.shiksha.com/uk/universities/london-business-school?refCourseId=200655,,,,,,,,,,,,,,2years
"42,61,560","51,000",,,,,80%,"41,780",500,,,,,No specific cutoff mentioned,,,,,University of Cambridge,,,,,Master of Business Administration,,,1 Years,,,Rs 48.4 Lakhs,,,Accepted,,Accepted,,,,"5,84,920","7,000",,,7.5,With no element below 7.0,,,Masters Program,,,"Cambridge, UK",,,,,,,,,,,,,,,,,,,,3,,,,,,,https://studyabroad.shiksha.com/uk/universities/university-of-cambridge/master-of-business-administration,https://studyabroad.shiksha.com/uk/universities/university-of-cambridge?refCourseId=199361,,,,,,"Rs. 6,26,700","Pound 7,500",,,,,,,3years
"24,18,561","28,944","5,431",65,,,65%,"33,424",400,,,,,No specific cutoff mentioned,,,,,London School of Economics and Political Science,,,,,MSc in Management,,,1 Years,,,Rs 30.7 Lakhs,,,Accepted,,Accepted,,,,"4,45,876","5,336",,,7,With 6.5 in Reading and Listening and 6.0 in Speaking and Writing,,,Masters Program,,,"London, UK",,,,,,,,,,,,,,,"1,33,696","1,600","['Accenture', 'Barclays Capital', 'Deloitte', 'Coca-Cola', 'Osmosys', 'Google', 'Mercer', 'Morgan Stanley']",65,With 58 in Reading and Listening and 51 in Speaking and Writing,4,,,http://www.lse.ac.uk/intranet/students/moneyMatters/financialSupport/ScholarshipsLSE/MScApp/awards/OverseasMSc/OverseasMScD-K.aspx#DynamicJumpMenuManager_1_Anchor_13,"['LSE offers Charles Wallace India Trust, De Souza Trust Goa Scholarship, Inlaks Foundation, J N Tata Endowment Scholarships, Lady Meherbai Tata Education Trust and other scholarships to Indian students.\nLSE is delighted to announce that it is making available up to 40 scholarships to students from India studying a Master’s programme at the School starting in 2014. \nAssessment for an award will be made on the basis of financial need.']",,,https://studyabroad.shiksha.com/uk/universities/london-school-of-economics-and-political-science/masters-in-management,https://studyabroad.shiksha.com/uk/universities/london-school-of-economics-and-political-science?refCourseId=200542,,,,,,"Rs. 6,85,276","Pound 8,201","66,848",800,,,,,No work experience mentioned
"29,78,914","35,650",,,,,60%,,,,,,,No specific cutoff mentioned,,,,,University of Warwick,,,,,Master of Business Administration,,,1 Years,,,Rs 33.1 Lakhs,,,650,,Accepted,Score equivalent to GMAT admissions requirement,,,"3,60,979","4,320",,,7,"All four language components have to be scored 6.0+, with maximum of two components at lowest level 6.0 or 6.5",,,Masters Program,,,"Coventry, UK",,,,,,,,,,,,,,,,,,70,With more than 51 in every section,5,,,,,,,https://studyabroad.shiksha.com/uk/universities/university-of-warwick/master-of-business-administration,https://studyabroad.shiksha.com/uk/universities/university-of-warwick?refCourseId=199335,,,,,,"Rs. 3,60,979","Pound 4,320",,,,,,,3years
"20,38,864","24,400",,,,,65%,"65,177",780,,,,,No specific cutoff mentioned,,,,,University College London,,,,,MSc Management,,,1 Years,,,Rs 28.0 Lakhs,,,Accepted,,Accepted,,,,"4,67,435","5,594",,,7,Minimum of 6.5 in each of the subtests,"7,186",86,Masters Program,,,"London, UK",,,,,,,,,,,,,,,"2,47,672","2,964","['ACCENTURE', 'Barclays Bank', 'Deloitte', 'Deutsche Bank', 'Nestle', 'Procter Gamble']",69,Minimum of 59 in each Communicative Skill,6,,,https://www.msi.ucl.ac.uk/msc-management,"['The Department of Management Science and Innovation offers scholarships of £10,000 for students on the MSc in Management and a scholarship funded by Remedica Ltd,']",,,https://studyabroad.shiksha.com/uk/universities/university-college-london/msc-management,https://studyabroad.shiksha.com/uk/universities/university-college-london?refCourseId=212715,,,,,,"Rs. 7,87,469","Pound 9,424",,,,,,,
"17,88,184","21,400",,,,,60%,"33,424",400,,,,,No specific cutoff mentioned,,,,,University of Bristol,,,,,MSc Management,"83,560","1,000",1 Years,,,Rs 22.9 Lakhs,,,,,,,,,"4,09,444","4,900",,,6.5,Minimum of 6.5 in all the bands,,,Masters Program,,,"Bristol, UK",,,,,,,,,,,,,,,,,,62,Minimum of 60 in any band and 62 in writing,7,,,,,,,https://studyabroad.shiksha.com/uk/universities/university-of-bristol/msc-management,https://studyabroad.shiksha.com/uk/universities/university-of-bristol?refCourseId=199824,,,,,,"Rs. 5,26,428","Pound 6,300",,,,,,,
"27,57,480","33,000",,,,,60%,,,,,,,No specific cutoff mentioned,,,,,University of Bath,,,,,Full-time MBA,,,1 Years,,,Rs 34.4 Lakhs,,,600,"GMAT 600+ will be required for candidates with fewer than 4 years relevant, post-graduate, management experience",,,"17,130",205,"4,92,837","5,898",,,7,With at least 6.5 in each of the four components,,,Masters Program,,,"Bath, UK",,,,,,,,,,,,,,,"1,49,907","1,794",,69,With no less than 62 in any band,8,,,http://www.bath.ac.uk/management/courses/mba/scholarship.html,['International students are provided scholarships from University of Bath.'],,,https://studyabroad.shiksha.com/uk/universities/university-of-bath/mba,https://studyabroad.shiksha.com/uk/universities/university-of-bath?refCourseId=200668,,,,,,"Rs. 7,19,869","Pound 8,615","59,996",718,,,,,3years
"24,23,240","29,000",,,,,No specific cutoff mentioned,"33,424",400,,,,,No specific cutoff mentioned,,,,,Lancaster University,,,,,Full-time MBA,,,12 Months,,,Rs 28.7 Lakhs,,,,,,,,,"3,33,404","3,990",,,7,No band less than 6.0,,,Masters Program,,,"Lancaster, UK","80,218",,,960,,,,,,,,,,,,,,62,,9,,,,,,,https://studyabroad.shiksha.com/uk/universities/lancaster-university/full-time-mba,https://studyabroad.shiksha.com/uk/universities/lancaster-university?refCourseId=200939,,,,,,"Rs. 4,70,443","Pound 5,630","23,397",280,,,,,3years
"34,25,960","41,000",,,,,60%,"33,424",400,,,,,No specific cutoff mentioned,,,,,City University London,,,,,Full-Time MBA,,,12 Months,,,Rs 42.4 Lakhs,,,600,,Accepted,,,,"6,82,100","8,163",,,7,,,,Masters Program,,,"London, UK",,,,,,,,,,,,,,,"66,848",800,,,,10,,,http://www.city.ac.uk/study/undergraduate/funding-and-financial-support/international-students,['Scholarships available for the international students are:\nAssociation of Commonwealth Universities (ACU)\nCommonwealth Scholarships & Fellowships Plan\nDaiwa Foundation Tohoku Scholarships'],,,https://studyabroad.shiksha.com/uk/universities/city-university-london/full-time-mba,https://studyabroad.shiksha.com/uk/universities/city-university-london?refCourseId=210533,,,,,,"Rs. 8,59,247","Pound 10,283","76,875",920,,,,,3years
"23,39,680","28,000",,,,,60%,"20,890",250,,,,,No specific cutoff mentioned,,,,,Durham University,,,,,Master of Business Administration,,,1 Years,,,Rs 30.4 Lakhs,,,600,,,,,,"6,74,747","8,075",,,7,No element below 6.0,,,Masters Program,,,"Durham, UK",,,,,"30,082",360,,,,,,,,,,,,,,11,,,,,,,https://studyabroad.shiksha.com/uk/universities/durham-university/master-of-business-administration,https://studyabroad.shiksha.com/uk/universities/durham-university?refCourseId=200910,,,,,,"Rs. 7,25,719","Pound 8,685",,,,,,,3years
"17,02,117","20,370",,,,,60%,,,,,,,No specific cutoff mentioned,,,,,University of St Andrews,,,,,MLitt in Management,,,1 Years,,,Rs 23.7 Lakhs,,,,,,,,,"6,90,122","8,259",,,7,With minimum score of 6.5 in each component,,,Masters Program,,,"St Andrews, UK",,,,,,,,,,,,,,,,,,69,,12,,,http://www.st-andrews.ac.uk/study/pg/fees-and-funding/scholarships/taught/,"[""Offers Commonwealth Scholarships, Scotland's Saltire Scholarships, Aga Khan Foundation Scholarship, Charles Wallace Trusts Scholarship, Inlaks Scholarships to Indian students""]",,,https://studyabroad.shiksha.com/uk/universities/university-of-st-andrews/mlitt-in-management,https://studyabroad.shiksha.com/uk/universities/university-of-st-andrews?refCourseId=199356,,,,,,"Rs. 6,90,122","Pound 8,259",,,,,,,
"20,89,000","25,000",,,,,60%,,,,,,,No specific cutoff mentioned,,,,,University of Leeds,,,,,Full Time MBA,,,1 Years,,,Rs 26.0 Lakhs,,,Accepted,Required only if an applicant does not have a formal or professional qualification,,,,,"5,31,191","6,357",,,6.5,With no less than 6.0 in each section,,,Masters Program,,,"Leeds, UK",,,,,,,,,,,,,,,,,"['Dell', 'Deloitte', 'Deutsche Bank', 'Osmosys', 'IBM', 'Microsoft', 'Tesco HSC', 'Thomson Reuters', 'Unilever', 'Wipro']",64,With at least 60 in each of the skills,13,,,http://business.leeds.ac.uk/the-leeds-mba/how-to-apply,['It offers a number of part scholarships worth up to 50% of the total fee to candidates who can demonstrate outstanding academic achievement and career progression'],,,https://studyabroad.shiksha.com/uk/universities/university-of-leeds/full-time-mba,https://studyabroad.shiksha.com/uk/universities/university-of-leeds?refCourseId=198193,,,,,,"Rs. 5,31,191","Pound 6,357",,,,,,,3years
"22,64,476","27,100",,,,,60%,,,,,"41,780",500,No specific cutoff mentioned,,,,,The University of Edinburgh,,,,,Master of Business Administration,"1,25,340","1,500",12 Months,,,Rs 27.2 Lakhs,,,600,"GMAT is required if candidate does not meet the minimum academic requirements
If the applicant is required to take GMAT test, then the college would expect a score of 600 to qualify",,,,,"2,58,785","3,097",,,7,No score lower than 6.0 in each section,,,Masters Program,,,"Edinburgh, UK",,,,,,,,,,,,,,,"16,712",200,"['Cairn IndiaLimited', 'Osmosys', 'Deloitte', 'Honda Two Wheelers', 'Motorola', 'Qatar Airways', 'Shell', 'Toshiba', 'Standard Chartered bank']",67,With at least 56 in each Communicative Skills section,14,,,http://www.ed.ac.uk/studying/international/finance/pg-scholarships,['The University of Edinburgh will offer a number of Masters scholarships for postgraduate study in any subject offered by the University for the 2015-2016 academic session.\nThe scholarship will be awarded broadly on the basis of academic merit.'],,,https://studyabroad.shiksha.com/uk/universities/the-university-of-edinburgh/master-of-business-administration,https://studyabroad.shiksha.com/uk/universities/the-university-of-edinburgh?refCourseId=200061,,,,,,"Rs. 4,80,219","Pound 5,747","37,602",450,,,,,3years
"12,11,620","14,500",,,,,No specific cutoff mentioned,"17,548",210,,,,,No specific cutoff mentioned,,,,,Coventry University,,,,,MBA,,,1 Years,,,Rs 16.9 Lakhs,,,,,,,,,"4,59,580","5,500",,,6.5,With a minimum of 5.5 in writing and speaking,,,Masters Program,,,"Coventry, UK",,,,,,,,,,,,,,,,,,,,15,,,http://www.coventry.ac.uk/study-at-coventry/international-applicants/fees-and-scholarships/international-scholarships/,"['', 'Chevening Scholarship - Offers multiple scholarships to students and offers full fee award ', 'Enterprise Award - university offers scholarships to 4 students totalling a maximum of £5,000 per student. Payments will be £4,000 towards tuition fees, with a further £1,000 being awarded to students who go on to achieve a distinction and applicants must hold at least a 2:1 or equivalent ', 'Coventry Academic Performance Scholarship (CAPS) - Offers scholarships to 35 students Worth up to £2000 for one year of study. Applicants must hold at least a 2:1 or equivalent qualifications ', 'Faculty of Business and Law - IDEAS Scholarship - Offers scholarships to 6 students worth up to £3000. Applicants must be a student of Faculty of Business and Law and hold at least a 2:1 or equivalent ', 'India High Achievers Scholarship - Offers scholarships to 4 students worth up to £2000 towards tuition fees. Applicant must hold at least a 1st class degree or equivalent qualifications']",,,https://studyabroad.shiksha.com/uk/universities/coventry-university/mba,https://studyabroad.shiksha.com/uk/universities/coventry-university?refCourseId=210267,,,,,,"Rs. 4,92,168","Pound 5,890","15,041",180,,,,,2years
"17,33,870","20,750",,,,,60%,"27,073",324,,,,,No specific cutoff mentioned,,,,,Cardiff University,,,,,MBA,,,12 Months,,,Rs 24.7 Lakhs,,,,,,,,,"4,62,421","5,534",,,6.5,Subscore of 5.5 in each paper is required,,,Masters Program,,,"Cardiff, UK",,,,,,,,,,,,,,,"2,24,359","2,685",,62,,16,,,http://www.cardiff.ac.uk/for/prospective/international/funding/international-scholarship-fund.html,['Cardiff University offers prestigious international scholarships to postgraduate students'],,,https://studyabroad.shiksha.com/uk/universities/cardiff-university/mba,https://studyabroad.shiksha.com/uk/universities/cardiff-university?refCourseId=198076,,,,,,"Rs. 7,63,571","Pound 9,138","49,718",595,,,,,No work experience mentioned
"23,39,680","28,000",,,,,55%,,,,,,,No specific cutoff mentioned,,,,,University of Strathclyde,,,,,MBA,,,1 Years,,,Rs 27.6 Lakhs,,,Accepted,"Not required, but can be submitted to show strong verbal reasoning and numerical abilities",,,,,"4,30,334","5,150",,,6.5,,"12,534",150,Masters Program,,,"Glasgow, UK",,,,,,,,,,,,,,,,,,,,17,,,,,,,https://studyabroad.shiksha.com/uk/universities/university-of-strathclyde/mba,https://studyabroad.shiksha.com/uk/universities/university-of-strathclyde?refCourseId=200672,,,,,,"Rs. 4,42,868","Pound 5,300",,,,,,,3years
"20,89,000","25,000",,,,,No specific cutoff mentioned,,,,,,,No specific cutoff mentioned,,,,,University of Birmingham,"56,152",672,,,MBA in International Business,,,1 Years,,,Rs 28.6 Lakhs,,,,,,,,,"5,65,618","6,769",,,7,No less than 6.5 in any band,,,Masters Program,,,"Birmingham, UK","1,79,320",,"2,146",,,,,,,,,,,,,,"['General Electric', 'Unilever', 'HSBC', 'Deloitte', 'IBM']",Accepted,67 in all four skills,18,,,http://www.birmingham.ac.uk/schools/business/mba/fees-and-funding/scholarships.aspx,"['1. GREAT Scholarship\n', ""Offers £10,000 scholarship to Indian students on the basis of academic ability, relevant experience and clarity of future plans as determined by the selection committee\n2. Women's Scholarship\n"", 'Offers £10,000 scholarship to females in financial need as determined by the University\n3. International Business Scholarship\n', 'Offers £10,000 scholarship to students who demonstrable experience of undertaking business internationally, with evidence of having undertaken managerial roles in at least two non-native countries\n4. Global Banking and Finance MBA \n', 'Offers £10,000 scholarship to students who demonstrable experience of working in banking or finance with an international dimension to managing or delivering these services']",,,https://studyabroad.shiksha.com/uk/universities/university-of-birmingham/mba-in-international-business,https://studyabroad.shiksha.com/uk/universities/university-of-birmingham?refCourseId=199343,,,,,,"Rs. 8,01,090","Pound 9,587",,,,,,,3years
"19,92,906","23,850",,,,,No specific cutoff mentioned,,,,,,,No specific cutoff mentioned,,,,,Loughborough University,,,,,Master of Business Administration,,,1-2 Years,,,Rs 24.7 Lakhs,,,,,,,,,,,,,6.5,"With not less than 6.0 in the individual Listening, Reading, Writing and Speaking tests",,,Masters Program,,,"Leicester, UK",,,,,,,,,,,,,,,"5,01,360","6,000",,62,With no less than 55 in all subtests,19,,,http://www.lboro.ac.uk/study/finance/international/departmental/business/,"['Offers MBA Scholarships, School of Business and Economics Scholarships,  Chevening Scholarship Scheme, Commonwealth Shared Scholarship to international students']",,,https://studyabroad.shiksha.com/uk/universities/loughborough-university/master-of-business-administration,https://studyabroad.shiksha.com/uk/universities/loughborough-university?refCourseId=199218,,,,,,"Rs. 5,01,360","Pound 6,000",,,,,,,3years
"34,25,960","41,000",,,,,60%,"35,095",420,"32,588",390,,,No specific cutoff mentioned,,,,,University of Manchester,,,,,MBA,"83,560","1,000",18 Months,,,Rs 42.8 Lakhs,,,Accepted,"Although there is no minimum score stated, candidate should aim for a score 600+
The middle 80% range for the class is usually 550 - 700",Accepted,"Full-time MBA candidates are normally take the GMAT, however GRE score is also accepted",,,"5,75,311","6,885",,,6.5,"6.0 in listening, writing, reading and speaking",,,Masters Program,,,"Manchester, UK",,,,,,,,,,,,,,,"1,73,805","2,080","['Amazon', 'Deloitte', 'Google', 'American Express', 'Johnson Johnson', 'Osmosys', 'McKinseyCompany', 'Samsung', 'Vodafone']",59,"59 - 65 with 59 in listening, writing, reading and speaking",20,,,http://www.manchester.ac.uk/study/masters/courses/list/01039/business-administration-mba/,['Offers scholarships to international scholarships'],,,https://studyabroad.shiksha.com/uk/universities/university-of-manchester/mba,https://studyabroad.shiksha.com/uk/universities/university-of-manchester?refCourseId=198475,,,,,,"Rs. 9,00,359","Pound 10,775",,,,,,,3years
"19,51,126","23,350",,,,,60%,"33,424",400,,,,,No specific cutoff mentioned,,,,,University of Glasgow,,,,,MBA,,,1 Years,,,Rs 24.5 Lakhs,,,,,,,,,"3,67,748","4,401",,,6.5,No sub-test less than 6.0,,,Masters Program,,,"Glasgow, UK",,,,,,,,,,,,,,,"58,492",700,,60,No sub-test less than 59,21,,,,,,,https://studyabroad.shiksha.com/uk/universities/university-of-glasgow/mba,https://studyabroad.shiksha.com/uk/universities/university-of-glasgow?refCourseId=200653,,,,,,"Rs. 5,19,325","Pound 6,215","59,662",714,,,,,3years
"20,47,220","24,500",,,,,No specific cutoff mentioned,"25,068",300,,,,,No specific cutoff mentioned,,,,,University of Exeter,,,,,One Planet MBA,,,1 Years,,,Rs 23.0 Lakhs,,,,,,,,,"2,51,181","3,006",,,7,No less than 6.0 in any other section,,,Masters Program,,,"Exeter, UK",,,,,,,,,,,,,,,,,"['Coca-Cola', 'IBM', 'NOKIA', 'canon', 'IKEA']",65,No less than 55 in all skills,22,,,,,,,https://studyabroad.shiksha.com/uk/universities/university-of-exeter/one-planet-mba,https://studyabroad.shiksha.com/uk/universities/university-of-exeter?refCourseId=198109,,,,,,"Rs. 2,76,249","Pound 3,306",,,,,,,3years
"16,71,200","20,000",,,,,No specific cutoff mentioned,"20,890",250,,,,,No specific cutoff mentioned,,,,,Heriot Watt University,,,,,Master of Business Administration,,,12 Months,,,Rs 20.3 Lakhs,,,,,,,,,"3,53,793","4,234",,,6.5,With no score lower than 6.0 in each section,,,Masters Program,,,"Edinburgh, UK",,,,,,,,,,,,,,,,,,,,23,,,,,,,https://studyabroad.shiksha.com/uk/universities/heriot-watt-university/master-of-business-administration,https://studyabroad.shiksha.com/uk/universities/heriot-watt-university?refCourseId=198606,,,,,,"Rs. 3,74,683","Pound 4,484",,,,,,,2years
"20,05,440","24,000",,,,,60%,,,,,,,No specific cutoff mentioned,,,,,University of Nottingham,,,,,MBA in Finance,,,1 Years,"10,863",130,Rs 28.4 Lakhs,,,640,Score of atleast 5.0 in Analytical Writing Assesment,,,,,"4,21,727","5,047",,,7,no less than 6.0 in any element,,,Masters Program,"4,26,407","5,103","Nottingham, UK",,,,,,,,,,,,,"7,520",90,,,,68,Minimum of 55,24,,,http://www.nottingham.ac.uk/studywithus/international-applicants/country-info/countryinformation/india.aspx,['Offers GREAT-The University of Nottingham Scholarships India and the Chevening Scholarships to international students'],,,https://studyabroad.shiksha.com/uk/universities/university-of-nottingham/mba-in-finance,https://studyabroad.shiksha.com/uk/universities/university-of-nottingham?refCourseId=212656,,,,,,"Rs. 8,66,517","Pound 10,370",,,,,,,3years
"29,24,600","35,000",,,,,60%,"33,424",400,,,,,No specific cutoff mentioned,,,,,University of Reading,,,,,Full-time MBA,,,1 Years,,,Rs 34.5 Lakhs,,,Accepted,,Accepted,,,,"4,82,475","5,774",,,7,No band less than 6.0,,,Masters Program,,,"Reading, UK",,,,,,,,,,,,,,,,,"['Accenture', 'Amazon', 'Bosch Ltd', 'Osmosys', 'Google', 'Microsoft']",67,No band less than 51,25,,,,,,,https://studyabroad.shiksha.com/uk/universities/university-of-reading/full-time-mba,https://studyabroad.shiksha.com/uk/universities/university-of-reading?refCourseId=198941,,,,,,"Rs. 5,62,693","Pound 6,734","46,794",560,,,,,3years
"15,11,600","18,090",,,,,60%,,,,,,,No specific cutoff mentioned,,,,,UCL institute of Education,,,,,Educational Leadership (International) MBA,,,2 Years,,,Rs 19.6 Lakhs,,,,,,,,,"4,67,435","5,594",,,7,With a minimum of 6.5 in the reading subtest and 6.0 in the writing subtest,,,Masters Program,,,"London, UK",,,,,,,,,,,,,,,,,,69,with a minimum of 59 in each Communicative Skill,26,,,,,,,https://studyabroad.shiksha.com/uk/universities/institute-of-education-university-of-london/educational-leadership-international-mba,https://studyabroad.shiksha.com/uk/universities/institute-of-education-university-of-london?refCourseId=212657,,,,,,"Rs. 4,67,435","Pound 5,594",,,,,,,
"30,08,160","36,000",,,,,No specific cutoff mentioned,"41,780",500,,,,,No specific cutoff mentioned,,,,,Cranfield University,,,,,Master of Business Administration,,,13 Months,,,Rs 37.5 Lakhs,"1,67,120","2,000",Accepted,University welcome applicants with a GMAT score of over 600,Accepted,80th percentile for both verbal and quantitative reasoning,,,"5,24,339","6,275",,,7,,,,Masters Program,,,"Cranfield, UK",,,,,,,,,,,,,,,,,"['Accenture', 'bnp paribas', 'IBM', 'Infosys', 'Johnson Johnson', 'Saint Gobain', 'Adidas', 'KPMG']",68,,27,,,http://www.cranfield.ac.uk/Study/Postgraduate-degrees/International-students/Your-Country/information-for-students-from-India,['University provides a number of funding opportunities available to students from India wishing to study at Cranfield including the Chevening Scholarship and the Commonwealth Scholarship'],,,https://studyabroad.shiksha.com/uk/universities/cranfield-university/master-of-business-administration,https://studyabroad.shiksha.com/uk/universities/cranfield-university?refCourseId=198173,,,,,,"Rs. 7,75,019","Pound 9,275","41,780",500,,,,,3years
"21,68,382","25,950",,,"4,178",50,65%,,,,,,,No specific cutoff mentioned,,,,,King's College London,,,,,MSc International Management,,,1 Years,,,Rs 33.9 Lakhs,,,,,,,,,"5,58,933","6,689",,,7,Minimum 6.5 in each section,,,Masters Program,"6,94,467","8,311","London, UK",,,,,,,,,,,,,,,,,,69,62 in all skills,28,,,http://www.kcl.ac.uk/study/pg/funding/sources/pgt.aspx,"[""Offers President's Scholarships to international student""]",,,https://studyabroad.shiksha.com/uk/universities/king-s-college-london/international-management-msc,https://studyabroad.shiksha.com/uk/universities/king-s-college-london?refCourseId=198935,,,,,,"Rs. 12,57,578","Pound 15,050",,,,,,,
"15,19,275","23,500.00",,,,,60%,,,,,,,No specific cutoff mentioned,,,,,University of Southampton,,,"25,214",390,Master of Business Administration,,,1 Years,,,Rs 19.4 Lakhs,,,,,,,,,"3,41,546","5,283",,,6.5,"6.5 in reading and writing, 6.0 in listening and speaking","6,465",100,Masters Program,,,"Southampton, UK","40,342",,624,,,,,,,,,,,,,,,62,With minimum 51 in each section,29,,,,,,,https://studyabroad.shiksha.com/uk/universities/university-of-southampton/master-of-business-administration,https://studyabroad.shiksha.com/uk/universities/university-of-southampton?refCourseId=212661,,,,,,"Rs. 4,13,566","USD 6,397",,,,,,,3years
"17,27,603","20,675",,,,,60%,"41,780",500,,,,,No specific cutoff mentioned,,,,,University of Kent,,,,,Kent MBA,,,1 Years,,,Rs 21.5 Lakhs,,,580,,Accepted,,,,"3,53,960","4,236",,,7,no less than 6.5 in reading and writing,"16,712",200,Masters Program,,,"Canterbury, UK",,,,,,,,,,,,,,,,,,62,Including 60 in each subtest,30,,,,,,,https://studyabroad.shiksha.com/uk/universities/university-of-kent/kent-mba,https://studyabroad.shiksha.com/uk/universities/university-of-kent?refCourseId=206515,,,,,,"Rs. 4,45,876","Pound 5,336","33,424",400,,,,,3years
"15,79,284","18,900",,,,,6.00 GPA,"45,958",550,,,,,No specific cutoff mentioned,,,,,"The School of Oriental and African Studies, University of London",,,,,MSc Finance and Financial Law,,,1 Years,,,Rs 21.5 Lakhs,,,,,,,,,"4,54,316","5,437",,,6.5,with at least 6.5 in all sub scores,,,Masters Program,,,"London, UK",,,,,,,,,,,,,,,"22,979",275,,65,with at least 65 in all sub scores,31,,,http://www.soas.ac.uk/india/#Scholarships,"['SOAS offers a wide-range of scholarships, bursaries and awards to support students']",,,https://studyabroad.shiksha.com/uk/universities/the-school-of-oriental-and-african-studies-university-of-london/msc-finance-and-financial-law,https://studyabroad.shiksha.com/uk/universities/the-school-of-oriental-and-african-studies-university-of-london?refCourseId=212591,,,,,,"Rs. 5,90,101","Pound 7,062","66,848",800,,,,,No work experience mentioned
"20,05,440","24,000",,,,,55%,,,,,,,No specific cutoff mentioned,,,,,University of Surrey,,,,,MBA,,,1 Years,,,Rs 22.1 Lakhs,,,,,,,,,"2,30,626","2,760",,,6.5,Minimum 6.0 in each component,,,Masters Program,,,"Kingston upon Thames, UK",,,,,,,,,,,,,,,,,,62,With no less than 56 in any component,32,,,,,,,https://studyabroad.shiksha.com/uk/universities/university-of-surrey/mba,https://studyabroad.shiksha.com/uk/universities/university-of-surrey?refCourseId=200449,,,,,,"Rs. 2,30,626","Pound 2,760",,,,,,,3years
"17,54,760","21,000",,,,,58%,,,,,,,No specific cutoff mentioned,,,,,Newcastle University,,,,,Master of Business Administration,,,12 Months,,,Rs 30.4 Lakhs,,,,,,,,,"3,88,387","4,648",,,6.5,with a minimum of 6.0 in all sub sections,"20,890",250,Masters Program,,,"Newcastle upon Tyne, UK",,,,,,,,,,,,,,,"8,77,380","10,500",,62,With a minimum sub-score of 51,33,,,http://www.ncl.ac.uk/nubs/courses/postgrad/mba/fees/scholarships/,"['School has a series of Full-time MBA Scholarships geared towards attracting high-calibre future business leaders from around the world.These are:-Global Leader’s Scholarship,Women’s Scholarship,Nationality Scholarships']",,,https://studyabroad.shiksha.com/uk/universities/newcastle-university/mba,https://studyabroad.shiksha.com/uk/universities/newcastle-university?refCourseId=211932,,,,,,"Rs. 13,11,725","Pound 15,698","25,068",300,,,,,3years
"10,52,856","12,600",,,,,50%,"26,739",320,,,,,No specific cutoff mentioned,,,,,University of Sunderland,,,,,MBA,,,1 Years,,,Rs 14.7 Lakhs,,,,,,,,,"3,23,962","3,877","41,780",500,6,"With 5.5 or higher in each component: reading, writing, listening and speaking",,,Masters Program,,,"Sunderland, UK","29,246",,350,,,,,,,,,,,,,,,,,34,,,,,,,https://studyabroad.shiksha.com/uk/universities/university-of-sunderland/mba,https://studyabroad.shiksha.com/uk/universities/university-of-sunderland?refCourseId=200948,,,,,,"Rs. 4,28,412","Pound 5,127","6,685",80,,,,,0.5years
"16,29,420","19,500",,,,,50%,,,,,,,No specific cutoff mentioned,,,,,University of East Anglia,,,,,Master of Business Administration,,,12 Months,,,Rs 18.5 Lakhs,,,,,,,,,"2,19,345","2,625",,,6.5,With a minimum score of 6.0 in all components,,,Masters Program,,,"Norwich, UK",,,,,,,,,,,,,,,,,,62,With no less than 55 in each component,35,,,https://www.uea.ac.uk/international-development/scholarships-and-funding/scholarships-international-students,"['All eligible candidates with a 1st Class degree to whom the School have made an offer are automatically given the £1,000 fee waiver']",,,https://studyabroad.shiksha.com/uk/universities/university-of-east-anglia/master-of-business-administration,https://studyabroad.shiksha.com/uk/universities/university-of-east-anglia?refCourseId=194729,,,,,,"Rs. 2,38,146","Pound 2,850","18,801",225,,,,,3years
"16,33,598","19,550",,,,,60%,,,,,,,No specific cutoff mentioned,,,"1,671",20,University of York,,,"48,883",585,MSc in Management,,,12-15 Months,,,Rs 23.3 Lakhs,,,,,,,,,"4,51,642","5,405",,,6.5,With a minimum of 6.5 in Writing and 6.0 in other components,,,Masters Program,,,"York, UK",,,,,,,,,,,,,,,"80,970",969,,61,With a minimum of 61 in Writing and no less than 55 in all other components,36,,,,,,,https://studyabroad.shiksha.com/uk/universities/university-of-york/ma-in-management,https://studyabroad.shiksha.com/uk/universities/university-of-york?refCourseId=195820,"98,016","1,173",,,,"Rs. 7,23,797","Pound 8,662","42,616",510,,,,,2years
"13,32,782","15,950",,,,,No specific cutoff mentioned,,,,,,,No specific cutoff mentioned,,,,,"Birkbeck, University of London",,,,,MSc in Management with International Business,,,1 Years,,,Rs 23.5 Lakhs,,,,,,,,,"6,43,913","7,706",,,6.5,with a minimum of 6.0 in the sub-tests,,,Masters Program,"4,00,587","4,794","London, UK",,,,,,,,,,,,,,,,,,60,with at least 60 in each sub test,37,,,http://www.bbk.ac.uk/prospective/international/fees-money-and-scholarships/scholarships-and-loans/sc,"['Birkbeck is offering an unlimited number of merit scholarships to qualified students from Thailand, Vietnam and India who accept offers to do Master’s degree programmes at Birkbeck, University of London']",,,https://studyabroad.shiksha.com/uk/universities/birkbeck-university-of-london/msc-in-management-with-international-business,https://studyabroad.shiksha.com/uk/universities/birkbeck-university-of-london?refCourseId=211853,,,,,,"Rs. 10,44,500","Pound 12,500",,,,,,,No work experience mentioned
"17,75,650","21,250",,,,,No specific cutoff mentioned,,,,,,,No specific cutoff mentioned,,,,,The University of Sheffield,,,,,MBA,,,1 Years,,,Rs 27.7 Lakhs,,,,,,,,,"4,74,621","5,680",,,6.5,"with 6.0 in each component, or equivalent.",,,Masters Program,"5,43,140","6,500","Sheffield, UK",,,,,,,,,,,,,,,,,,,,38,,,http://www.sheffield.ac.uk/international/countries/asia/south-asia/india/scholarships,['The University offers scholarships to Indian students who are admitted into the MBA program.'],,,https://studyabroad.shiksha.com/uk/universities/the-university-of-sheffield/mba,https://studyabroad.shiksha.com/uk/universities/the-university-of-sheffield?refCourseId=200384,,,,,"L-17, W-17, R-18, S-20
Doesn't accept, but considered if other qualifications not met","Rs. 10,17,761","Pound 12,180",,,,,,,3years
"10,44,500","12,500",,,,,No specific cutoff mentioned,,,,,,,No specific cutoff mentioned,,,,,Bath Spa University,,,,,MA Business and Management,,,1 Years,,,Rs 12.9 Lakhs,,,,,,,,,"2,57,448","3,081",,,6.5,Minimum of 5.5 in all components,,,Masters Program,,,"Bath, UK",,,,,,,,,,,,,,,,,,,,39,,,,,,,https://studyabroad.shiksha.com/uk/universities/bath-spa-university/ma-business-and-management,https://studyabroad.shiksha.com/uk/universities/bath-spa-university?refCourseId=206409,,,,,,"Rs. 2,57,448","Pound 3,081",,,,,,,
"14,45,588","17,300",,,,,60%,,,,,,,No specific cutoff mentioned,,,,,Queen Mary University of London,,,,,MSc Management,,,1 Years,,,Rs 18.3 Lakhs,,,,,,,,,"4,01,840","4,809",,,7,With minimum 6.0 in Writing,,,Masters Program,,,"London, UK",,,,,,,,,,,,,,,,,,68,,40,,,http://www.qmul.ac.uk/international/international-students/countries/india/index.html,['Queen Mary offers a range of scholarships for students from India at both undergraduate and postgraduate level.'],,,https://studyabroad.shiksha.com/uk/universities/queen-mary-university-of-london/msc-management,https://studyabroad.shiksha.com/uk/universities/queen-mary-university-of-london?refCourseId=200015,,,,,,"Rs. 4,01,840","Pound 4,809",,,,,,,
"15,04,080","18,000",,,,,No specific cutoff mentioned,,,,,,,No specific cutoff mentioned,,,,,University of Aberdeen,,,,,Masters of Business Administration,,,1 Years,,,Rs 24.3 Lakhs,,,,,,,,,"4,64,510","5,559",,,6.5,With a score of 5.5 or above in Listening and Speaking & 6.0 or above in Reading and Writing,,,Masters Program,,,"Aberdeen, UK",,,,,,,"12,534",150,,,,,,,"4,67,936","5,600",,62,With a score of 51 or above in Listening and Speaking & 54 or above in Reading and Writing,41,,,,,,,https://studyabroad.shiksha.com/uk/universities/university-of-aberdeen/masters-of-business-administration,https://studyabroad.shiksha.com/uk/universities/university-of-aberdeen?refCourseId=199621,,,,,,"Rs. 9,44,980","Pound 11,309",,,,,,,2years
"15,00,738","17,960",,,,,70%,"25,068",300,,,,,No specific cutoff mentioned,,,,,Robert Gordon University,,,,,Master of Business Administration,,,54 Weeks,,,Rs 17.6 Lakhs,,,,,,,,,,,,,6.5,With a minimum of 5.5 in all 4 components,,,Masters Program,,,"Aberdeen, UK","2,50,680","3,000",,,,,,,,,,,,,,,,61,Minimum score of 51 in each component,42,,,,,,,https://studyabroad.shiksha.com/uk/universities/robert-gordon-university/master-of-business-administration,https://studyabroad.shiksha.com/uk/universities/robert-gordon-university?refCourseId=200269,,,,,,"Rs. 2,75,748","Pound 3,300",,,,,,,3years
"11,94,908","14,300",,,,,50%,"33,424",400,,,,,No specific cutoff mentioned,,,,,Oxford Brookes University,,,,,MSc Business Management,,,12 Months,,,Rs 19.8 Lakhs,,,,,,,,,"4,66,348","5,581",,,6,"with a minimum of 6.0 in reading and writing, and 5.5 in listening and speaking",,,Masters Program,,,"Oxford, UK",,,,,,,,,,,,,,,"3,00,816","3,600",,,,43,,,http://business.brookes.ac.uk/postgraduate/scholarships/,"['', ' Oxford Brookes offers wide range of scholarships for international students.\n', 'John Henry Brookes Msc scholarship-  students studying full-time master’s degree at business school\n', ' Santander scholarship-  international bank santander offers post graduate scholarship to new Master’s students on annual basis']",,,https://studyabroad.shiksha.com/uk/universities/oxford-brookes-university/msc-business-and-management,https://studyabroad.shiksha.com/uk/universities/oxford-brookes-university?refCourseId=211768,,,,,,"Rs. 8,00,588","Pound 9,581",,,,,,,
"17,54,760","21,000",,,,,55%,"12,534",150,,,,,No specific cutoff mentioned,,,,,Brunel University,,,,,MBA,,,1 Years,,,Rs 24.2 Lakhs,,,550,Required only if academic criteria have not been satisfactorily met,,,,,"4,60,833","5,515",,,6.5,Min 6 in all components,,,Masters Program,,,"Middlesex, UK",,,,,,,,,,,,,,,"1,88,010","2,250","['Barclays Bank', 'Local Oye', 'HSBC', 'IBM', 'Johnson Johnson', 'Microsoft']",58,51 in all subscores,44,,,http://www.brunel.ac.uk/international/fees-and-funding/scholarships,"['The Brunel International Scholarships: It is an annual award open to all international students pursuing Undergraduate, Postgraduate and Research courses ', 'University also offer different scholarships for Indian students, which are: Commonwealth Scholarships, Chevening Scholarships and Goa Education Trust (GET) Scholarships ', 'Various scholarship are also offered to Indian students through differnt institutions which are: Lady Meherbai D. Tata Educational Trust, JN Tata Endowment Trust, Inlaks Shivdasani Foundation, Aga Khan Foundation and FindaMasters.com']",,,https://studyabroad.shiksha.com/uk/universities/brunel-university/mba,https://studyabroad.shiksha.com/uk/universities/brunel-university?refCourseId=200090,,,,,,"Rs. 6,86,445","Pound 8,215","25,068",300,,,,,3years
"13,25,262","15,860",,,,,No specific cutoff mentioned,"20,890",250,,,,,No specific cutoff mentioned,,,,,The University of Buckingham,,,,,Master of Business Administration,,,1 Years,,,Rs 16.7 Lakhs,,,,,,,,,"3,19,868","3,828",,,6.5,with 6.0 or above in each component,,,Masters Program,,,"Buckingham, UK",,,,,,,,,,,,,,,,,,59,with 4 minimum component scores of 59,45,,,,,,,https://studyabroad.shiksha.com/uk/universities/the-university-of-buckingham/master-of-business-administration,https://studyabroad.shiksha.com/uk/universities/the-university-of-buckingham?refCourseId=199210,,,,,,"Rs. 3,61,648","Pound 4,328","20,890",250,,,,,No work experience mentioned
"14,58,122","17,450",,,,,50%,"39,691",475,,,,,No specific cutoff mentioned,,,,,University of Sussex,,,,,MSc in Management,,,1 Years,,,Rs 21.3 Lakhs,,,,,,,,,"5,95,198","7,123",,,6.5,With not less than 6.0 in each section,"9,860",118,Masters Program,,,"Brighton, UK",,,,,,,,,,,,,,,,,,62,At least 56 in all four skills,46,,,http://www.sussex.ac.uk/study/money/scholarships/pgt2015/view/417,"['', ""Chancellor's International Scholarship-25 scholarships are available in the majority of Sussex Schools, and are awarded on the basis of academic performance and potential which are offered for one year""]",,,https://studyabroad.shiksha.com/uk/universities/university-of-sussex/msc-in-management,https://studyabroad.shiksha.com/uk/universities/university-of-sussex?refCourseId=199145,,,,,,"Rs. 6,89,286","Pound 8,249","44,537",533,,,,,
"Rs. 11,61,484","Pound 13,900",,,,,No specific cutoff mentioned,,,,,,,No specific cutoff mentioned,,,,,University of Huddersfield,,,,,Master of Business Administration,,,1 Years,,,Rs 11.5 Lakhs,,,,,,,,,,,,,6,With no lower than 5.5 in any element,,,Masters Program,,,"Huddersfield, UK",,,,,,,,,,,,,,,,,,Accepted,With no component less than 51,47,,,http://www.hud.ac.uk/international/scholarships/,"['', ' Santander Scholarships assist the most academically able graduates from leading universities across the world, as it provides three £5,000 scholarships each year and the scholarship is only applicable to one year of study ', "" Harold Wilson Scholarship is one full tuition fee scholarship offered for a postgraduate taught (Master's) programme, it provides a living stipend of £2,500 to the student who is awarded the scholarship "", "" University awards scholarships of up to £2,000 per year for every year of your course to its' international applicants, for this university will automatically consider any full-fee paying applicant that has to pay overseas fees for the scholarship "", ' Commonwealth Scholarships is also available for master students ', ' Chevening Scholarships, a prestigious and highly competitive award is a full scholarship covering tuition fees and living expenses for courses at postgraduate level, normally a one-year Master’s degree, in any subject and at any UK university']",,,https://studyabroad.shiksha.com/uk/universities/university-of-huddersfield/master-of-business-administration-mba,https://studyabroad.shiksha.com/uk/universities/university-of-huddersfield?refCourseId=212664,,,,,,,,,,,,,,2years
"10,44,500","12,500",,,,,60%,"35,179",421,,,,,No specific cutoff mentioned,,,,,Bournemouth University,,,,,MBA,,,1 Years,,,Rs 18.8 Lakhs,,,,,,,,,"6,25,029","7,480",,,6.5,"Minimum 6 in Writing,5.5 in other 3 components",,,Masters Program,,,"Bournemouth, UK","19,553",,,234,,,,,,,,,,,,,,58,including 55 in writing & 51 in rest three components,48,"6,685",80,http://bit.ly/2g9kvey,"['', ""BU Vice-Chancellor's International Scholarship - University offers scholarships upto 10 students covering 50% tuition fees and one scholarship which cover full tuition fee "", 'Chevening Scholarship - Offers various awards to the students who is a part of Chevening eligible country. it includes tuition fee waiver plus other allowances ', ""Faculty of Management Executive Dean's MBA Scholarship - University offers scholarships upto 5 MBA students covering 50% tuition fees and last date for apply if 31 May 2017 "", 'Academic Excellence Scholarship - Applicants will automatically be considered for this award. Offers unlimited scholarships to PG students and covers £3,500 tuition fee reduction. Applicants must get at least 65% marks in their UG degree']",,,https://studyabroad.shiksha.com/uk/universities/bournemouth-university/mba,https://studyabroad.shiksha.com/uk/universities/bournemouth-university?refCourseId=198011,,,,,,"Rs. 8,53,565","Pound 10,215",,,,,"1,67,120","2,000",No work experience mentioned
"10,73,746","12,850",,,,,55%,,,,,,,No specific cutoff mentioned,,,,,University of Chester,,,,,MBA,,,1 Years,,,Rs 14.0 Lakhs,,,,,,,,,"3,34,741","4,006",,,6.5,No less than 5.5 in any band,,,Masters Program,,,"Chester, UK",,,,,,,,,,,,,,,,,,,,49,,,http://www.chester.ac.uk/international/fees/tuition,['Offers an international scholarship and a full payment award'],,,https://studyabroad.shiksha.com/uk/universities/university-of-chester/mba,https://studyabroad.shiksha.com/uk/universities/university-of-chester?refCourseId=198276,,,,,,"Rs. 3,34,741","Pound 4,006",,,,,,,2years
"14,62,300","17,500",,,,,55%,"20,890",250,,,,,No specific cutoff mentioned,,,,,University of Stirling,,,,,MBA,,,1 Years,,,Rs 19.2 Lakhs,,,,,,,,,"2,95,301","3,534",,,6,5.5 in all bands,"9,024",108,Masters Program,,,"Stirling, UK",,,,,,,,,,,"1,25,340","1,500",,,,,,60,with 51 in each component,50,,,,,,,https://studyabroad.shiksha.com/uk/universities/university-of-stirling/mba,https://studyabroad.shiksha.com/uk/universities/university-of-stirling?refCourseId=200430,,,,,,"Rs. 4,79,802","Pound 5,742","29,246",350,,,,,3years
"12,45,044","14,900",,,,,2.20 GPA,,,,,,,No specific cutoff mentioned,,,,,University of Greenwich,,,,,MBA International Business,,,2 Years,,,Rs 17.1 Lakhs,,,,,,,,,"4,78,214","5,723",,,6.5,With a minimum of 5.5 in each skill,,,Masters Program,,,"London, UK",,,,,,,,,,,,,,,,,,,,51,,,http://www2.gre.ac.uk/students/international/international-students/finance/bursaries-scholarships,['There are many bursaries and scholarships currently available to students of the University of Greenwich for 2014-2015'],,,https://studyabroad.shiksha.com/uk/universities/university-of-greenwich/mba-international-business,https://studyabroad.shiksha.com/uk/universities/university-of-greenwich?refCourseId=212689,,,,,,"Rs. 4,78,214","Pound 5,723",,,,,,,
"12,11,620","14,500",,,,,No specific cutoff mentioned,,,,,,,No specific cutoff mentioned,,,,,Northumbria University,,,,,MBA,,,1 Years,,,Rs 16.2 Lakhs,,,,,,,,,"4,26,574","5,105",,,6.5,"Minimum 5.5 in Reading, Writing, Listening and Speaking",,,Masters Program,,,"Newcastle upon Tyne, UK",,,,,,,,,,,,,,,,,,62,"Minimum 51 in Reading, Writing, Listening and Speaking",52,,,https://www.northumbria.ac.uk/international/northumbria-and-your-country/asia/india/,"['Offers international academic scholarships of £1500 and £2000, Chevening Scholarship and a bursary to Indian students\n1. Academic Scholarship\n', '£1500 Scholarship requires 65% (60% from Delhi/Mumbai/Pune Universities) in undergraduate or masters degree. £2000 Scholarship requires 70% (65% from Delhi/Mumbai/Pune Universities) in undergraduate or masters degree\n2. India Country Bursary\n', 'Students who do not meet the requirements for an Academic Scholarship will receive an automatic India Country Bursary of £1000 for their first year of study']",,,https://studyabroad.shiksha.com/uk/universities/northumbria-university/mba,https://studyabroad.shiksha.com/uk/universities/northumbria-university?refCourseId=198830,,,,,,"Rs. 4,26,574","Pound 5,105",,,,,,,2years
"17,38,048","20,800",,,,,60%,"39,106",468,,,,,No specific cutoff mentioned,,,,,Royal Holloway University of London,,,,,MBA International Management,,,1 Years,,,Rs 25.4 Lakhs,,,,,,,,,"5,27,849","6,317",,,7,With writing 6.0 and no other subscore lower than 5.5,,,Masters Program,,,"Egham, UK",,,,,,,,,,,,,,,"1,62,942","1,950",,69,With writing 54 and no other subscore lower than 51,53,,,,,,,https://studyabroad.shiksha.com/uk/universities/royal-holloway-university-of-london/mba-international-management,https://studyabroad.shiksha.com/uk/universities/royal-holloway-university-of-london?refCourseId=200386,,,,,,"Rs. 8,27,662","Pound 9,905","97,765","1,170",,,,,3years
"16,62,844","19,900",,,,,60%,"48,131",576,,,,,No specific cutoff mentioned,,,,,University of Hull,,,,,Hull Executive MBA (EMBA),,,12-15 Months,,,Rs 21.3 Lakhs,,,,,,,,,"4,07,021","4,871",,,6.5,5.5 in all skills,,,Masters Program,,,"Kingston upon Hull, UK",,,,,,,,,,,,,,,"16,044",192,"['Deloitte', 'GE Money', 'Hewlett Packard', 'IBM', 'KPMG', 'Marks and Spencer', 'SONY', 'Samsung']",54,With a minimum of 51 in each skill,54,,,,,,,https://studyabroad.shiksha.com/uk/universities/university-of-hull/mba,https://studyabroad.shiksha.com/uk/universities/university-of-hull?refCourseId=212776,,,,,,"Rs. 4,91,249","Pound 5,879","20,054",240,,,,,3years
"12,49,222","14,950",,,,,No specific cutoff mentioned,"40,109",480,,,,,No specific cutoff mentioned,,,,,University of Dundee,,,,,MSc Management,,,1 Years,,,Rs 16.6 Lakhs,,,,,,,,,"3,86,214","4,622",,,6,With minimum of 5.5 in any component,,,Masters Program,,,"Dundee, UK",,,,,,,,,,,,,,,,,,56,With a minimum score of 56 in each,55,,,http://www.dundee.ac.uk/study/pg/scholarships-fees/international-scholarships/,['International students are offered Dean’s International Scholarship.\nThe Dean’s International Scholarship is available to applicants in each of the 15 Academic Schools.\nThis scholarship is payable for each year of the degree at Dundee.'],,,https://studyabroad.shiksha.com/uk/universities/university-of-dundee/msc-management,https://studyabroad.shiksha.com/uk/universities/university-of-dundee?refCourseId=212759,,,,,,"Rs. 4,26,323","Pound 5,102",,,,,,,
"10,61,212","12,700",,,,,No specific cutoff mentioned,,,,,,,No specific cutoff mentioned,,,,,The University of Northampton,,,,,Master of Business Administration,,,1 Years,,,Rs 18.0 Lakhs,,,,,,,,,"2,37,143","2,838",,,6.5,With 6.5 in each component,,,Masters Program,"5,14,897","6,162","Northampton, UK",,,,,,,,,,,,,,,,,,61,With 61 in each component,56,,,http://www.northampton.ac.uk/study/fees-and-funding/funding-your-study/bursaries-scholarships-and-awards,"['The University of Northampton is very pleased to offer a generous scholarship to applicants outside of the European Union who have strong academic backgrounds.\nApplicants do not have to apply for a scholarship separately, all international application forms are automatically considered for the scholarship when an application is made.\nSuccessful students currently receive a reduction of up to £2000 on their tuition fees for the duration of their course.']",,,https://studyabroad.shiksha.com/uk/universities/the-university-of-northampton/masters-in-business-administration,https://studyabroad.shiksha.com/uk/universities/the-university-of-northampton?refCourseId=212768,,,,,,"Rs. 7,52,040","Pound 9,000",,,,,,,No work experience mentioned
"16,04,352","19,200",,,,,,,,,,,,,,,,,University of Portsmouth,,,,,MBA,,,1 Years,,,Rs 21.9 Lakhs,,,,,,,,,"3,39,755","4,066",,,6.5,with no component score below 6.0.,,,Masters Program,,,"Portsmouth, UK",,,,,,,,,"29,246",350,,,,,"2,42,324","2,900",,61,Minimum of 54 in each component,57,,,,,,,https://studyabroad.shiksha.com/uk/universities/university-of-portsmouth/mba,https://studyabroad.shiksha.com/uk/universities/university-of-portsmouth?refCourseId=198002,,,,,,"Rs. 6,11,325","Pound 7,316",,,,,,,
"12,03,264","14,400",,,,,50%,,,,,,,No specific cutoff mentioned,,,,,University of Lincoln,,,,,MBA,,,1 Years,,,Rs 15.5 Lakhs,,,,,,,,,"3,58,055","4,285",,,6,With no less than 5.5 in each sub-section,,,Masters Program,,,"Lincoln, UK",,,,,,,,,,,,,,,,,,54,With Listening: 51; Reading: 51; Speaking: 51; Writing: 51,58,,,https://www.lincoln.ac.uk/home/studyatlincoln/postgraduateprogrammes/scholarships/international/,"['', ' Academic Excellence Scholarship: Students will need to submit a 500 word statement, explaining why you should be awarded the scholarship \n', ' Global Postgraduate Scholarships: For self-funding international (non-UK/EU) students with overseas fee status applying for postgraduate programmes\n', ' Chevening Scholarships: For all international students who show outstanding leadership potential\n', ' Commonwealth Scholarships: The University of Lincoln offers scholarships under the Commonwealth Scholarships Part-Funding Arrangement to qualifying Masters and PhD students']",,,https://studyabroad.shiksha.com/uk/universities/university-of-lincoln/mba-finance,https://studyabroad.shiksha.com/uk/universities/university-of-lincoln?refCourseId=210650,,,,,,"Rs. 3,58,055","Pound 4,285",,,,,,,2years
"11,69,840","14,000",,,,,55%,"42,950",514,,,,,No specific cutoff mentioned,,,,,De Montfort University,,,,,Master of Business Administration (Global) MBA,,,15 Months,,,Rs 12.4 Lakhs,,,,,,,,,,,,,6.5,,,,Masters Program,,,"Leicester, UK","42,950",514,,,,,,,,,,,,,,,,,,59,,,http://www.dmu.ac.uk/international/en/before-you-apply-to-study-at-dmu/fees-and-scholarships/fees-and-scholarships.aspx,"['Offers £1,000 scholarships to students from India and Faculty scholarships']",,,https://studyabroad.shiksha.com/uk/universities/de-montfort-university/master-of-business-administration-global-mba,https://studyabroad.shiksha.com/uk/universities/de-montfort-university?refCourseId=198211,,,,,,"Rs. 85,900","Pound 1,028",,,,,,,
"9,40,050","11,250",,,,,50%,"1,00,272","1,200",,,,,No specific cutoff mentioned,,,,,University of West London,,,,,MBA,,,1 Years,,,Rs 18.1 Lakhs,,,,,,,,,"5,40,048","6,463",,,6.5,"A minimum of 5.5 for each of the 4 individual components (Reading, Writing, Speaking and Listening)",,,Masters Program,,,"London, UK",,,,,,,,,,,,,,,"2,00,544","2,400","['CITI Bank', 'Accenture', 'BBC', 'Yahoo', 'The Times Of India']",,,60,,,http://www.uwl.ac.uk/students/postgraduate/scholarships-and-bursaries#pg_lcm_pros,"['Exclusive alumni discounts: Friends / family of alumni of the University of West London, or predecessor institution, are eligible for a discount of £1,000 when joining a postgraduate course']",,,https://studyabroad.shiksha.com/uk/universities/university-of-west-london/mba,https://studyabroad.shiksha.com/uk/universities/university-of-west-london?refCourseId=210296,,,,,,"Rs. 8,91,000","Pound 10,663","50,136",600,,,,,2years
"13,09,385","15,670",,,,,55%,,,,,,,No specific cutoff mentioned,,,,,Edinburgh Napier University,,,,,MBA - Master of Business Administration,,,12 Months,,,Rs 21.4 Lakhs,,,,,,,,,"2,93,296","3,510",,,6,"Minimum 5.5 in each element (listening, speaking, reading and writing)",,,Masters Program,"5,59,016","6,690","Edinburgh, UK",,,,,,,,,,,,,,,,,,56,"51 in the listening, reading, writing and speaking components",61,,,,,,,https://studyabroad.shiksha.com/uk/universities/edinburgh-napier-university/mba-master-of-business-administration,https://studyabroad.shiksha.com/uk/universities/edinburgh-napier-university?refCourseId=198416,,,,,,"Rs. 8,52,312","Pound 10,200",,,,,,,2years
"15,45,860","18,500",,,,,6.00 GPA,"63,923",765,,,,,No specific cutoff mentioned,,,,,University of Essex,,,,,MBA,,,1 Years,,,Rs 22.2 Lakhs,,,,,,,,,"5,12,390","6,132",,,6.5,Each component must be at least IELTS 6 or equivalent,,,Masters Program,,,"Colchester, UK","83,560","1,000",,,,,,,,,,,,,,,,60,,62,,,http://www.essex.ac.uk/studentfinance/pg/university_support/v_c_International_scholarships.aspx,"['The Vice-Chancellor has established a £150,000 scholarship fund to support international students who are funding their own studies at the University of Essex.\nThis scholarship scheme is specifically for non-EU students.\nAwards will be made on the basis of academic merit.']",,,https://studyabroad.shiksha.com/uk/universities/university-of-essex/mba,https://studyabroad.shiksha.com/uk/universities/university-of-essex?refCourseId=200011,,,,,,"Rs. 6,93,297","Pound 8,297","33,424",400,,,,,3years
"12,11,620","14,500",,,,,50%,"37,602",450,,,,,No specific cutoff mentioned,,,,,Birmingham City University,,,,,Master of Business Administration,,,12-18 Months,,,Rs 18.5 Lakhs,,,Accepted,GMAT is not mandatory but a score of at least 500 is preferable,,,,,"4,73,033","5,661",,,6.5,With minimum of 5.5 in each band,,,Masters Program,,,"Birmingham, UK",,,,,,,,,,,,,,,"1,13,809","1,362",,Accepted,,63,,,,,,,https://studyabroad.shiksha.com/uk/universities/birmingham-city-university/master-of-business-administration,https://studyabroad.shiksha.com/uk/universities/birmingham-city-university?refCourseId=212539,,,,,,"Rs. 6,57,032","Pound 7,863","32,588",390,,,,,No work experience mentioned
"Rs. 11,07,170","Pound 13,250",,,,,55%,,,,,,,No specific cutoff mentioned,,,,,Sheffield Hallam University,,,,,MSc International Marketing,,,12-15 Months,,,Rs 11.0 Lakhs,,,,,,,,,,,,,6,"Listening: 5.5
Speaking: 5.5
Reading:  5.5
Writing: 5.5",,,Masters Program,,,"Sheffield, UK",,,,,,,,,,,,,,,,,,52,"Listening: minimum level 51
Speaking: minimum level 51
Reading: minimum level 51
Writing: minimum 51",64,,,,,,,https://studyabroad.shiksha.com/uk/universities/sheffield-hallam-university/msc-international-marketing,https://studyabroad.shiksha.com/uk/universities/sheffield-hallam-university?refCourseId=194938,,,,,,,,,,,,,,
"10,44,500","12,500",,,,,No specific cutoff mentioned,,,,,,,No specific cutoff mentioned,,,,,University of Worcester,,,,,MBA,,,1 Years,,,Rs 15.2 Lakhs,,,,,,,,,"4,85,233","5,807",,,6.5,with no less than 5.5 in each component,,,Masters Program,,,"Worcester, UK",,,,,,,,,,,,,,,,,,70,with no less than 51 in each component,65,,,http://www.worcester.ac.uk/documents/Tuition_Fees-_additional_information_for_International_students,"['', ' Those students who holding an offer from Worcester University and  are not being funded from another source can be given scholarships by various bodies like:- \nUK and international Government bodies\nEuropean Commission']",,,https://studyabroad.shiksha.com/uk/universities/university-of-worcester/mba,https://studyabroad.shiksha.com/uk/universities/university-of-worcester?refCourseId=211781,,,,,,"Rs. 4,85,233","Pound 5,807",,,,,,,
"14,20,520","17,000",,,,,60%,"27,073",324,,,,,No specific cutoff mentioned,,,,,Swansea University,,,,,MSc Management (Marketing),,,1 Years,,,Rs 19.5 Lakhs,,,,,,,,,"4,17,800","5,000",,,6,With no component less than 5.5,"10,027",120,Masters Program,,,"Swansea, UK",,,,,,,,,,,,,,,"66,848",800,,56,,66,,,http://www.swansea.ac.uk/international/students/fees-and-funding/india/,['1) International Excellence Scholarships are available for students enrolling in Postgraduate programs\n2) International Merit Scholarships worth £2000 are offered. All Postgraduate applicants must be enrolling on an eligible course at Swansea University for the first time in September 2016'],,,https://studyabroad.shiksha.com/uk/universities/swansea-university/msc-management-marketing,https://studyabroad.shiksha.com/uk/universities/swansea-university?refCourseId=199123,,,,,,"Rs. 5,46,817","Pound 6,544","25,068",300,,,,,
"10,36,144","12,400",,,,,,,,,,,,,,,,,The University of Winchester,,,,,MSc Business Management,,,1 Years,,,Rs 13.7 Lakhs,,,,,,,,,"3,50,952","4,200",,,6.5,6.0 in academic writing and no score must be below 5.5,,,Masters Program,,,"Winchester, UK",,,,,,,,,,,,,,,,,,61,,67,,,http://www.winchester.ac.uk/Studyhere/internationalstudents/Feesandfunding/Pages/Funding.aspx,"['All postgraduate International students who are successful upon being made an offer to study at the University of Winchester will be eligible for an automatic postgraduate scholarship of £1,000 once they have accepted their offer.\nThis amount will be taken off the tuition fees owed by the student.']",,,https://studyabroad.shiksha.com/uk/universities/the-university-of-winchester/msc-business-management,https://studyabroad.shiksha.com/uk/universities/the-university-of-winchester?refCourseId=200185,,,,,,"Rs. 3,50,952","Pound 4,200",,,,,,,
"15,79,284","18,900",,,,,60%,"40,109",480,,,,,No specific cutoff mentioned,,,,,Kingston University London,,,,,Master of Business Administration,,,1 Years,,,Rs 21.8 Lakhs,,,Accepted,,,,,,"5,55,674","6,650",,,6.5,With no score below 6.0,,,Masters Program,,,"Kingston upon Thames, UK",,,,,,,,,,,,,,,,,,61,With no score below 61,68,,,,,,,https://studyabroad.shiksha.com/uk/universities/kingston-university-london/master-of-business-administration,https://studyabroad.shiksha.com/uk/universities/kingston-university-london?refCourseId=199087,,,,,,"Rs. 5,95,783","Pound 7,130",,,,,,,3years
"13,28,604","15,900",,,,,60%,"12,534",150,,,,,No specific cutoff mentioned,,,,,Nottingham Trent University,,,,,Master of Business Administration,,,1-2 Years,,,Rs 17.1 Lakhs,,,550,,,,,,"3,24,798","3,887",,,6.5,With a minimum of 5.5 in each skill,"10,863",130,Masters Program,,,"Nottingham, UK",,,,,,,,,,,,,,,,,,,,69,,,http://www.ntu.ac.uk/nbs/courses/fees_and_funding/masters_scholarships/index.html?utm_medium=short_url&utm_campaign=nbsscholarships&utm_term=NBS&utm_source=short_url,"['', 'Nottingham Business School International Scholarship - All MSc offer holders for a course are eligible for the scholarship']",,,https://studyabroad.shiksha.com/uk/universities/nottingham-trent-university/mba,https://studyabroad.shiksha.com/uk/universities/nottingham-trent-university?refCourseId=200059,,,,,,"Rs. 3,98,331","Pound 4,767","50,136",600,,,,,3years
"10,02,720","12,000",,,,,No specific cutoff mentioned,,,,,,,No specific cutoff mentioned,,,,,University of Central Lancashire,,,,,MBA,,,1 Years,,,Rs 12.7 Lakhs,,,,,,,,,"2,77,336","3,319",,,6.5,,,,Masters Program,,,"Preston, UK",,,,,,,,,,,,,,,,,,,,70,,,http://www.uclan.ac.uk/courses/mba_master_business_administration.php,['Offers various types of aids for international students'],,,https://studyabroad.shiksha.com/uk/universities/university-of-central-lancashire/mba,https://studyabroad.shiksha.com/uk/universities/university-of-central-lancashire?refCourseId=212560,,,,,,"Rs. 2,77,336","Pound 3,319",,,,,,,2years
"11,69,840","14,000",,,,,55%,,,,,,,No specific cutoff mentioned,,,,,University of Gloucestershire,,,,,MBA Business Administration,,,2 Years,,,Rs 14.9 Lakhs,,,,,,,,,"3,34,240","4,000",,,6.5,no less than 6.0 in writing and 5.5 in any other band,,,Masters Program,,,"Cheltenham, UK",,,,,,,,,,,,,,,,,,,,71,,,http://www.glos.ac.uk/international/prospective/scholarships/Pages/scholarships.aspx,['The University of Gloucestershire is pleased to be able to reward academic excellence and operates an extensive scholarship programme for international students.'],,,https://studyabroad.shiksha.com/uk/universities/university-of-gloucestershire/mba-business-administration,https://studyabroad.shiksha.com/uk/universities/university-of-gloucestershire?refCourseId=212672,,,,,,"Rs. 3,34,240","Pound 4,000",,,,,,,2years
"Rs. 9,69,750","USD 15,000",,,,,60%,,,,,,,No specific cutoff mentioned,,,,,Royal Agricultural University,,,,,MBA International Food and Agribusiness,,,1 Years,,,Rs 9.7 Lakhs,,,,,,,,,,,,,6.5,no element below 5.5,,,Masters Program,,,"Cirencester, UK",,,,,,,,,,,,,,,,,,,,72,,,http://www.rau.ac.uk/study/international-students/fees/funding-opportunities,"['The Royal Agricultural University has several funding opportunities for international students for 2014 entry. \nOnly one University managed scholarship can be held at one time, and these funding opportunities should be applied for once a firm offer at the RAU has been accepted.']",,,https://studyabroad.shiksha.com/uk/universities/royal-agricultural-university/mba-international-food-and-agribusiness,https://studyabroad.shiksha.com/uk/universities/royal-agricultural-university?refCourseId=212551,,,,,,,,,,,,,,2years
"10,02,720","12,000",,,,,50%,,,,,,,No specific cutoff mentioned,,,,,University of Chichester,,,,,Masters of International Business and Finance,,,1.5 Years,,,Rs 14.8 Lakhs,,,,,,,,,"4,94,592","5,919",,,6.5,,,,Masters Program,,,"Chichester, UK",,,,,,,,,,,,,,,,,,,,73,,,,,,,https://studyabroad.shiksha.com/uk/universities/university-of-chichester/masters-of-international-business-and-finance,https://studyabroad.shiksha.com/uk/universities/university-of-chichester?refCourseId=200742,,,,,,"Rs. 4,94,592","Pound 5,919",,,,,,,
"13,03,536","15,600",,,,,50%,"33,424",400,,,,,No specific cutoff mentioned,,,,,University Of The West Of England,,,,,MBA,,,1 Years,,,Rs 28.4 Lakhs,,,,,,,,,"13,16,070","15,750",,,6.5,5.5 in each component,,,Masters Program,"2,00,544","2,400","Bristol, UK","16,712",,,200,,,,,,,,,,,,,,58,At least 51 in each component,74,,,http://www1.uwe.ac.uk/bl/bbs/courses/mba/feesandfunding.aspx,['Bristol MBA scholarships are available to all International applicants who meet the eligibility criteria.\nUp to six scholarships will be available for the January intake of the MBA.'],,,https://studyabroad.shiksha.com/uk/universities/university-of-the-west-of-england/mba,https://studyabroad.shiksha.com/uk/universities/university-of-the-west-of-england?refCourseId=200651,,,,,,"Rs. 15,66,750","Pound 18,750",,,,,,,3years
"14,03,808","16,800",,,,,55%,,,,,,,No specific cutoff mentioned,,,,,University of Salford,"33,424",400,,,MBA,,,1 Years,,,Rs 20.0 Lakhs,,,,,,,,,"3,75,017","4,488",,,6.5,No component score below 5.5,,,Masters Program,,,"Manchester, UK",,,,,,,,,,,"1,57,928","1,890",,,,,,,,75,,,http://www.salford.ac.uk/international/salford-great-scholarships-india,"[""Offers the Vice Chancellor's Excellence Scholarship, Country bursary scheme and Salford GREAT Scholarships (India)""]",,,https://studyabroad.shiksha.com/uk/universities/university-of-salford/mba,https://studyabroad.shiksha.com/uk/universities/university-of-salford?refCourseId=199058,,,,,,"Rs. 6,18,678","Pound 7,404","52,309",626,,,,,3years
"12,86,824","15,400",,,,,50%,,,,,,,No specific cutoff mentioned,,,,,Manchester Metropolitan University,,,,,MSc International Human Resource Management,,,1 Years,,,Rs 17.8 Lakhs,,,,,,,,,"6,09,403","7,293",,,6.5,No less than 5.5 in any section,,,Masters Program,,,"., UK",,,,,,,,,,,,,,,,,,61,No less than 51 in any section,76,,,http://www2.mmu.ac.uk/international/scholarships/vice-chancellor-scholarships/,"['There will be six full-time scholarships, each worth £1,000 and six part-time scholarships, each worth £500.']",,,https://studyabroad.shiksha.com/uk/universities/manchester-metropolitan-university/msc-international-human-resource-management,https://studyabroad.shiksha.com/uk/universities/manchester-metropolitan-university?refCourseId=211443,,,,,,"Rs. 6,09,403","Pound 7,293",,,,,,,
"Rs. 10,86,280","Pound 13,000",,,,,55%,,,,,,,No specific cutoff mentioned,,,,,Teesside University,,,,,Master of Business Administration,,,12 Months,,,Rs 10.8 Lakhs,,,,,,,,,,,,,6.5,,,,Masters Program,,,"Middlesbrough, UK",,,,,,,,,,,,,,,,,,58,,77,,,http://www.tees.ac.uk/sections/international/fees_funding.cfm,"['International students are eligible for International scholarships if they are a self-funded international (non-European Union) student studying on foundation, undergraduate or postgraduate programmes - not sponsored by their employer or government.']",,,https://studyabroad.shiksha.com/uk/universities/teesside-university/master-of-business-administration,https://studyabroad.shiksha.com/uk/universities/teesside-university?refCourseId=200105,,,,,,,,,,,,,,No work experience mentioned
"15,19,121","18,180",,,,,60%,,,,,,,No specific cutoff mentioned,,,,,University of Brighton,,,,,MBA,,,1 Years,,,Rs 20.2 Lakhs,,,Accepted,Not mandatory but will strengthen the application,,,,,"4,92,085","5,889",,,6.5,With 6.0 in the written test and a minimum of 5.5 in the other elements,,,Masters Program,,,"Brighton, UK",,,,,,,,,,,,,,,,,,,,78,,,http://www.brighton.ac.uk/international/applying-here/fees-and-scholarships/index.aspx,"['', ' University of Brighton offers a number of different scholarships to international students.']",,,https://studyabroad.shiksha.com/uk/universities/university-of-brighton/mba,https://studyabroad.shiksha.com/uk/universities/university-of-brighton?refCourseId=209697,,,,,,"Rs. 5,22,584","Pound 6,254","30,499",365,,,,,3years
"12,53,400","15,000",,,,,50%,,,,,,,No specific cutoff mentioned,,,,,Bangor University,,,,,Management (MBA),,,1 Years,,,Rs 16.4 Lakhs,,,,,,,,,"4,04,598","4,842",,,6,With no element below 5.5,,,Masters Program,,,"Bangor, UK",,,,,,,,,,,,,,,,,,56,With no element lower than 51,79,,,http://www.bangor.ac.uk/international/future/scholarship.php.en,"['', 'The University offers international merit scholarship worth £15000 for three years and additional to eligible Indian students \n', 'The University also offers Bangor Great Scholarship to the international students which values 1500-16500 pound in addition to any other scholarship awarded by Bangor University\nOther scholarship available to students is as follows-\n1. Electronic Engineering Scholarship\n', 'Three awards are given to international students on the basis of their academic performance which values 1500 pound for 3 years\n2. Chevening Scholarship\n', 'Three awards are given to international students on the basis of their academic performance which values 1500 pound for 3 years\n3. Bangor Bursary\n', 'The University offers Bangor bursaries of up to £1,500 a year for those from lower income families']",,,https://studyabroad.shiksha.com/uk/universities/bangor-university/management-mba,https://studyabroad.shiksha.com/uk/universities/bangor-university?refCourseId=196297,,,,,,"Rs. 4,04,598","Pound 4,842",,,,,,,No work experience mentioned
"Rs. 7,35,328","Pound 8,800",,,,,No specific cutoff mentioned,,,,,,,No specific cutoff mentioned,,,,,University of the West of Scotland,,,,,Master of Business Administration (MBA),,,1 Years,,,Rs 7.3 Lakhs,,,,,,,,,,,,,6,minimum of 5.5 in each component,,,Masters Program,,,"Paisley, UK",,,,,,,,,,,,,,,,,,,,80,,,,,,,https://studyabroad.shiksha.com/uk/universities/university-of-the-west-of-scotland/master-of-business-administration-mba,https://studyabroad.shiksha.com/uk/universities/university-of-the-west-of-scotland?refCourseId=200645,,,,,,,,,,,,,,No work experience mentioned
"12,07,442","14,450",,,,,55%,,,,,,,No specific cutoff mentioned,,,,,Keele University,,,,,MA Marketing,,,1-1.5 Years,,,Rs 16.3 Lakhs,,,,,,,,,"4,43,286","5,305",,,6.5,Minimum 5.5 in each section,,,Masters Program,,,"Keele, UK",,,,,,,,,,,,,,,,,,,,81,,,http://www.keele.ac.uk/international/thinkingofapplying/postgraduatetaughtmastersdegrees/tuitionfeesandscholarshipinformation/#tabs-9,"['Offers Keele International Student Scholarship, Chevening Scholarships and Keele Country Scholarships to students']",,,https://studyabroad.shiksha.com/uk/universities/keele-university/ma-marketing,https://studyabroad.shiksha.com/uk/universities/keele-university?refCourseId=198836,,,,,,"Rs. 4,43,286","Pound 5,305",,,,,,,
"9,60,940","11,500",,,,,60%,,,,,,,No specific cutoff mentioned,,,,,Canterbury Christ Church University,,,,,MBA,,,12 Months,,,Rs 12.6 Lakhs,,,,,,,,,"3,14,186","3,760",,,6.5,,,,Masters Program,,,"Canterbury, UK",,,,,,,,,,,,,,,,,,,,82,,,http://www.canterbury.ac.uk/study-here/international/international-funding-and-scholarships/internat,['Applicants who demonstrate the highest level of academic achievement.'],,,https://studyabroad.shiksha.com/uk/universities/canterbury-christ-church-university/mba,https://studyabroad.shiksha.com/uk/universities/canterbury-christ-church-university?refCourseId=212546,,,,,,"Rs. 3,14,186","Pound 3,760",,,,,,,
"10,86,280","13,000",,,,,6.00 GPA,"48,131",576,,,,,No specific cutoff mentioned,,,,,York St John University,,,,,MBA,,,1 Years,,,Rs 14.7 Lakhs,,,,,,,,,"3,50,367","4,193",,,6,"with min 5.5 in each area, and 6.0 in writing",,,Masters Program,,,"York, UK",,,,,,,,,,,,,,,,,,52,,83,,,,,,,https://studyabroad.shiksha.com/uk/universities/york-st-john-university/mba,https://studyabroad.shiksha.com/uk/universities/york-st-john-university?refCourseId=200429,,,,,,"Rs. 3,98,498","Pound 4,769",,,,,,,
"11,29,731","13,520",,,,,,"33,424",400,,,,,,,,,,University of Derby,,,,,MBA,,,1 Years,,,Rs 16.9 Lakhs,,,,,,,,,"5,06,457","6,061",,,6,With a minimum of 5.5 in each subset,,,Masters Program,,,"Derby, UK",,,,,,,,,,,,,,,,,,51,,84,,,,,,,https://studyabroad.shiksha.com/uk/universities/university-of-derby/mba,https://studyabroad.shiksha.com/uk/universities/university-of-derby?refCourseId=200607,,,,,,"Rs. 5,73,305","Pound 6,861","33,424",400,,,,,
"12,32,510","14,750",,,,,55%,"16,712",200,,,,,No specific cutoff mentioned,,,,,Middlesex University,,,,,MBA,,,1 Years,,,Rs 17.5 Lakhs,,,Accepted,"GMAT exam is not mandatory but it is recommended however a good balanced score would offer valid support to application
GMAT scores may be required only when the applicant doesn't have honours degree with a significantly successful managerial experience",,,,,"4,51,308","5,401",,,6.5,With a minimum score of 6.0 in all four components,,,Masters Program,,,"Middlesex, UK",,,,,,,,,,,,,,,,,,58,With a minimum score of 51 in all components,85,,,http://www.mdx.ac.uk/courses/fees-and-funding/scholarships-and-bursaries,['Middlesex University offers scholarships to international students based on applicants academic merit'],,,https://studyabroad.shiksha.com/uk/universities/middlesex-university/mba,https://studyabroad.shiksha.com/uk/universities/middlesex-university?refCourseId=201416,,,,,,"Rs. 5,30,690","Pound 6,351","62,670",750,,,,,2years
"Rs. 12,09,113","Pound 14,470",,,,,50%,,,,,,,No specific cutoff mentioned,,,,,University of Suffolk,,,,,Master of Business Administration,,,1 Years,,,Rs 12.0 Lakhs,,,,,,,,,,,,,6,minimum 5.5 in all components,,,Masters Program,,,"Suffolk, UK",,,,,,,,,,,,,,,,,,,,86,,,http://ucs.ac.uk/International/Scholarships.aspx,"['1.Chevening Scholarships- UK government’s global scholarships programme. They support students from over 110 different countries \n2.The Commonwealth Scholarship Commission in the United Kingdom (CSC) offers around 700 awards annually, mostly for students from developing countries to study']",,,https://studyabroad.shiksha.com/uk/universities/university-campus-suffolk/master-of-business-administration,https://studyabroad.shiksha.com/uk/universities/university-campus-suffolk?refCourseId=212571,,,,,,,,,,,,,,5years
"Rs. 11,65,662","Pound 13,950",,,,,No specific cutoff mentioned,,,,,,,No specific cutoff mentioned,,,,,Staffordshire University,,,,,Master of Business Administration,,,1 Years,,,Rs 11.5 Lakhs,,,,,,,,,,,,,6.5,"With a minimum 6.0 in all categories e.g. Speaking, Writing, Reading and Listening",,,Masters Program,,,"Stoke-on-Trent, UK",,,,,,,,,,,,,,,,,,,,87,,,http://www.staffs.ac.uk/international/fees_and_scholarships/#fees,"['', "" University believes in making Higher Education as affordable as possible that's why they have introduced the Vice Chancellor’s International Scholarship""]",,,https://studyabroad.shiksha.com/uk/universities/staffordshire-university/mba,https://studyabroad.shiksha.com/uk/universities/staffordshire-university?refCourseId=209862,,,,,,,,,,,,,,No work experience mentioned
"11,69,840","14,000",,,,,,"44,287",530,,,,,,,,,,University of Hertfordshire,,,,,MBA,,,2 Years,,,Rs 22.8 Lakhs,,,,,,,,,"5,38,962","6,450",,,6.5,,,,Masters Program,,,"Hatfield, UK","83,560",,,"1,000",,,,,,,,,,,"83,560","1,000","['IBM', 'JP Morgan Chase', 'SCHNEIDER ELECTRIC', 'HSBC', 'Ford Motors']",58,,88,,,http://www.herts.ac.uk/__data/assets/pdf_file/0003/56775/MBA-40-Professional-Scholarships-Guidelines-TC-2014-15.pdf,"['', 'MBA Professional Scholarship-The MBA Professional Scholarship is a competitive scholarship worth up to 40% reduction in MBA tuition fees\n', 'Professional Alumni MBA Scholarship-For those who have previously studied at the University of Hertfordshire, university offer an exceptional 40% reduction in tuition fees for the MBA programme']","33,424",400,https://studyabroad.shiksha.com/uk/universities/university-of-hertfordshire/mba,https://studyabroad.shiksha.com/uk/universities/university-of-hertfordshire?refCourseId=212737,,,,,,"Rs. 11,32,656","Pound 13,555","83,560","1,000",,,,,
"11,69,840","14,000",,,,,No specific cutoff mentioned,"12,283",147,,,,,No specific cutoff mentioned,,,,,Aberystwyth University,,,,,Masters in Management and Marketing,,,1 Years,,,Rs 15.9 Lakhs,,,,,,,,,"3,10,927","3,721",,,6.5,Minimum 5.5 in each component,,,Masters Program,,,"Swansea, UK",,,,,,,,,,,,,,,"1,08,962","1,304",,62,With minimum scores of 51 in each component,89,,,http://www.aber.ac.uk/en/scholarships-bursaries/scholarships/,"['University assist students through the annual award of about 50 Entrance Scholarships and some 250 Merit Awards.\n\nStudents who successfully complete an IEC International Foundation Programme at the level required for entry into their department at Aberystwyth University will receive a £2,000 a year reduction on undergraduate fees, up to a total of £6,000.']",,,https://studyabroad.shiksha.com/uk/universities/aberystwyth-university/masters-in-marketing,https://studyabroad.shiksha.com/uk/universities/aberystwyth-university?refCourseId=209855,,,,,,"Rs. 4,32,172","Pound 5,172",,,,,,,No work experience mentioned
"10,86,280","13,000",,,,,50%,,,,,,,No specific cutoff mentioned,,,,,Edge Hill University,,,,,MBA,,,12 Months,,,Rs 14.2 Lakhs,,,,,,,,,"3,50,952","4,200",,,6.5,"Minimum 5.5 in each element (listening, speaking, reading and writing)",,,Masters Program,,,"Ormskirk, UK",,,,,,,,,,,,,,,,,,,,90,,,http://www.edgehill.ac.uk/international/fees/scholarships/,['Offers the Postgraduate Excellence Scholarship and the prestigious Tamil Nadu Study Abroad Scholarship Scheme run in collaboration with TANSCHE and the British Council Chennai'],,,https://studyabroad.shiksha.com/uk/universities/edge-hill-university/mba,https://studyabroad.shiksha.com/uk/universities/edge-hill-university?refCourseId=198322,,,,,,"Rs. 3,50,952","Pound 4,200",,,,,,,No work experience mentioned
"11,28,060","13,500",,,,,No specific cutoff mentioned,,,,,,,No specific cutoff mentioned,,,,,Queen Margaret University,,,,,MBA,,,1 Years,,,Rs 16.9 Lakhs,,,,,,,,,"4,13,622","4,950",,,6.5,no individual component score less than 6.0,,,Masters Program,,,"Edinburgh, UK","1,67,120",,,"2,000",,,,,,,,,,,,,,,,91,,,http://www.qmu.ac.uk/international/fees_funding.htm#scholarships,['The University has a number of scholarships available'],,,https://studyabroad.shiksha.com/uk/universities/queen-margaret-university/mba,https://studyabroad.shiksha.com/uk/universities/queen-margaret-university?refCourseId=212598,,,,,,"Rs. 5,80,742","Pound 6,950",,,,,,,
"14,97,395","17,920",,,,,60%,,,,,,,No specific cutoff mentioned,,,,,University of The Arts London,,,,,MA Strategic Fashion Marketing,,,1 Years,,,Rs 21.5 Lakhs,,,,,,,,,"4,81,556","5,763",,,7,With a minimum of 6.0 in any one skill,,,Masters Program,,,"London, UK","1,91,770",,"2,295",,,,,,,,,,,,,,,,,92,,,http://www.arts.ac.uk/study-at-ual/student-fees--funding/postgraduate-taught-funding/postgraduate-scholarships-bursaries--awards/postgraduate-scholarships/,['Offers the Tara Nirula International Students House (ISH) Scholarship to international students which is a combined tuition fee and residential scholarship'],,,https://studyabroad.shiksha.com/uk/universities/university-of-the-arts-london/ma-strategic-fashion-marketing,https://studyabroad.shiksha.com/uk/universities/university-of-the-arts-london?refCourseId=199306,,,,,,"Rs. 6,73,326","Pound 8,058",,,,,,,3years
"12,11,620","14,500",,,,,53%,,,,,,,No specific cutoff mentioned,,,,,London South Bank University,,,,,Master of Business Administration MBA,,,1 Years,,,Rs 16.0 Lakhs,,,,,,,,,"4,07,773","4,880",,,6.5,"With at least 5.5 in each skill
area",,,Masters Program,,,"London, UK",,,,,,,,,,,,,,,,,,,,93,,,,,,,https://studyabroad.shiksha.com/uk/universities/london-south-bank-university/master-of-business-administration-mba,https://studyabroad.shiksha.com/uk/universities/london-south-bank-university?refCourseId=199141,,,,,,"Rs. 4,07,773","Pound 4,880",,,,,,,3years
"10,77,924","12,900",,,,,50%,"20,890",250,,,,,No specific cutoff mentioned,,,,,Anglia Ruskin University,,,,,Master of Business Administration (MBA),,,12-16 Months,,,Rs 16.3 Lakhs,,,,,,,,,"4,19,973","5,026",,,6.5,"Minimum 5.5 in each element (listening, speaking, reading and writing)",,,Masters Program,"1,04,450","1,250","Cambridge, UK",,,,,,,,,,,,,,,,,"['IBM', 'Procter Gamble', 'KPMG', 'Coca-Cola', 'Siemens', 'ABN Amro Bank', 'Morgan Stanley']",,,94,,,,,,,https://studyabroad.shiksha.com/uk/universities/anglia-ruskin-university/master-of-business-administration-mba,https://studyabroad.shiksha.com/uk/universities/anglia-ruskin-university?refCourseId=195469,,,,,,"Rs. 5,70,381","Pound 6,826","25,068",300,,,,,No work experience mentioned
"16,29,420","19,500",,,,,60%,"33,424",400,,,,,No specific cutoff mentioned,,,,,University of Westminster,,,,,Master of Business Administration (MBA),,,1 Years,,,Rs 25.1 Lakhs,,,,,,,,,"5,96,618","7,140",,,6.5,Minimum 6.0 in each element,,,Masters Program,,,"London, UK",,,,,,,,,,,,,,,"2,00,544","2,400","['Hewlett Packard', 'Coca-Cola', 'Microsoft', 'HSBC', 'Tesco HSC', 'Vodafone']",58,With 51 in each component,95,,,,,,,https://studyabroad.shiksha.com/uk/universities/university-of-westminster/master-of-business-administration-mba,https://studyabroad.shiksha.com/uk/universities/university-of-westminster?refCourseId=202135,,,,,,"Rs. 9,05,790","Pound 10,840","75,204",900,,,,,3years
"22,97,900","27,500",,,,,60%,"35,095",420,,,,,No specific cutoff mentioned,,,,,University of Bradford,,,,,Master of Business Administration,,,12 Months,,,Rs 27.5 Lakhs,,,Accepted,,,,,,"3,32,652","3,981",,,6.5,With no sub-test less than 5.5,,,Masters Program,,,"Bradford, UK",,,,,,,,,,,,,,,"76,875",920,"['ACCENTURE', 'Bank of America', 'Deloitte', 'HDFC Bank', 'Vodafone', 'Zensar Technologies']",60,With no sub-test less than 51,96,,,,,,,https://studyabroad.shiksha.com/uk/universities/university-of-bradford/master-of-business-administration,https://studyabroad.shiksha.com/uk/universities/university-of-bradford?refCourseId=195302,,,,,,"Rs. 4,79,718","Pound 5,741","35,095",420,,,,,3years
"8,98,270","10,750",,,,,,,,,,,,,,,,,"St Mary's University College, Twickenham",,,,,MA in International Tourism Development,,,1 Years,,,Rs 10.6 Lakhs,,,,,,,,,,,,,6.5,Includes a score of at least 6 in any section,,,Masters Program,,,"Twickenham, UK",,,,,,,,,,,,,,,,,,,,97,,,http://www.smuc.ac.uk/international/scholarships.htm,"['', 'International Scholarship Scheme has been designed in line with the St. Mary’s mission \n', 'University offers seven undergraduate scholarships of £1,000 each']",,,https://studyabroad.shiksha.com/uk/universities/st-mary-s-university-college-twickenham/ma-in-international-tourism-development,https://studyabroad.shiksha.com/uk/universities/st-mary-s-university-college-twickenham?refCourseId=212576,,,,,,"Rs. 1,67,120","Pound 2,000",,,"1,67,120","2,000",,,
"11,06,334","13,240",,,,,No specific cutoff mentioned,,,,,,,No specific cutoff mentioned,,,,,University of Ulster,,,,,Master of Business Administration,,,1 Years,,,Rs 12.8 Lakhs,,,,,,,,,"1,82,411","2,183",,,6,With no band score less than 5.5,,,Masters Program,,,"Londonderry, UK",,,,,,,,,,,,,,,,,,56,With no less than 51 in each part,98,,,,,,,https://studyabroad.shiksha.com/uk/universities/university-of-ulster/mba,https://studyabroad.shiksha.com/uk/universities/university-of-ulster?refCourseId=200551,,,,,,"Rs. 1,82,411","Pound 2,183",,,,,,,2years
"9,37,543","11,220",,,,,65%,,,,,,,No specific cutoff mentioned,,,,,"University of Wales, Trinity Saint David",,,,,Master of Business Administration,,,2 Years,,,Rs 11.8 Lakhs,,,,,,,,,"2,49,009","2,980",,,6,"With a minimum of 5.5 in reading, writing, listening and speaking",,,Masters Program,,,"Swansea, UK",,,,,,,,,,,,,,,,,,,,99,,,http://www.uwtsd.ac.uk/india/,['The Scholarship offered to International Students is International Postgraduate Study Scholarship. It is available to international students enrolling on the first year of a postgraduate programme and awarded as fee reduction'],,,https://studyabroad.shiksha.com/uk/universities/university-of-wales-trinity-saint-david/master-of-business-administration,https://studyabroad.shiksha.com/uk/universities/university-of-wales-trinity-saint-david?refCourseId=212563,,,,,,"Rs. 2,49,009","Pound 2,980",,,,,,,No work experience mentioned
"9,44,228","11,300",,,,,No specific cutoff mentioned,,,,,,,No specific cutoff mentioned,,,,,Leeds Beckett University,,,,,MBA,,,12 Months,,,Rs 15.3 Lakhs,,,,,,,,,"3,46,022","4,141",,,6,With no skills below 5.5,,,Masters Program,"2,54,022","3,040","Leeds, UK",,,,,,,,,,,,,,,,,,,,100,,,http://www.leedsbeckett.ac.uk/international-students/financing-your-studies/,"['', 'Chevening scholarships-\nChevening Scholarships are the UK government’s global scholarship programme, funded by the Foreign and Commonwealth Office (FCO) and partner organisations\n', 'Commonwealth scholarships-The Commonwealth Scholarship Commission and Leeds Beckett University will jointly meet the full costs of an award holder’s study in the UK, including air fare to and from the UK']",,,https://studyabroad.shiksha.com/uk/universities/leeds-beckett-university/mba,https://studyabroad.shiksha.com/uk/universities/leeds-beckett-university?refCourseId=212548,,,,,,"Rs. 6,00,044","Pound 7,181",,,,,,,
"12,53,400","15,000",,,,,50%,,,,,,,No specific cutoff mentioned,,,,,University of Roehampton,,,,,MBA,,,1 Years,,,Rs 17.9 Lakhs,,,550,"Not mandatory, but some candidates may be asked to provide GMAT score",,,,,"5,50,744","6,591",,,6.5,No less than 5.5 in any band,,,Masters Program,,,"London, UK",,,,,,,,,,,,,,,,,,59,No less than 51 in any band,101,,,http://www.roehampton.ac.uk/Finance/Postgraduate-Scholarships-International-2015-16/,['The Scholarship offered to International Students is International Excellence Scholarship. It aims to increase the number of international students in line with the University’s internationalization strategy'],,,https://studyabroad.shiksha.com/uk/universities/university-of-roehampton/mba,https://studyabroad.shiksha.com/uk/universities/university-of-roehampton?refCourseId=212169,,,,,,"Rs. 5,50,744","Pound 6,591",,,,,,,2years
"9,19,160","11,000",,,,,No specific cutoff mentioned,,,,,,,No specific cutoff mentioned,,,,,Glyndwr University,,,,,MBA - Business Administration,,,12 Months,,,Rs 12.0 Lakhs,,,,,,,,,"2,87,446","3,440",,,6.5,no band lower than 6.0,,,Masters Program,,,"Wrexham, UK",,,,,,,,,,,,,,,,,,,,102,,,http://www.glyndwr.ac.uk/en/Internationalstudents/TuitionFees/,['Offers scholarships to international students'],,,https://studyabroad.shiksha.com/uk/universities/glyndwr-university/mba-business-administration,https://studyabroad.shiksha.com/uk/universities/glyndwr-university?refCourseId=198453,,,,,,"Rs. 2,87,446","Pound 3,440",,,,,,,No work experience mentioned
"10,44,500","12,500",,,,,50%,"33,424",400,,,,,No specific cutoff mentioned,,,,,Southampton Solent University,,,,,Master of Business Administration,,,1 Years,,,Rs 13.0 Lakhs,,,,,,,,,"2,36,642","2,832",,,6.5,"minimum of 6.0 in writing and a minimum of 5.5 in reading, listening and speaking",,,Masters Program,,,"Southampton, UK",,,,,,,,,,,,,,,,,,,,103,,,,,,,https://studyabroad.shiksha.com/uk/universities/southampton-solent-university/master-of-business-administration,https://studyabroad.shiksha.com/uk/universities/southampton-solent-university?refCourseId=200101,,,,,,"Rs. 2,70,066","Pound 3,232",,,,,,,2years
"10,44,500","12,500",,,,,55%,,,,,,,No specific cutoff mentioned,,,,,University of Bolton,,,"25,068",300,Master of Business Administration (MBA),,,1 Years,,,Rs 11.3 Lakhs,,,,,,,,,,,,,6.5,,,,Masters Program,,,"Bolton, UK",,,,,,,,,,,,,,,"70,692",846,,59,,104,,,http://www.bolton.ac.uk/Postgraduate/Finance/Scholarships/MastersTaughtExcellence.aspx,"['', 'The Masters Taught Excellence Scholarship are awarded to full-time international students pursuing master’s course, irrespective of their financial means and who progress to a University of Bolton Masters Course \n', 'There are maximum 3 awards available']",,,https://studyabroad.shiksha.com/uk/universities/university-of-bolton/master-of-business-administration-mba,https://studyabroad.shiksha.com/uk/universities/university-of-bolton?refCourseId=199380,,,,,,"Rs. 95,760","Pound 1,146",,,,,,,No work experience mentioned
"6,01,632","7,200",,,"1,086",13,No specific cutoff mentioned,,,,,,,No specific cutoff mentioned,,,,,Buckinghamshire New University,,,,,International MBA,,,15 Months,,,Rs 6.0 Lakhs,,,,,,,,,,,,,6.5,Minimum of 5.5 in each section,,,Masters Program,,,"Wycombe, UK",,,,,,,,,,,,,,,,,,62,Minimum of 51 in each section,105,,,http://bucks.ac.uk/fees_funding/bursaries_scholarships/nsp#.VCKoaleLW_I,"['', 'National Scholarship Programme- University provides 140 individual scholarships of up to £8,000 for students starting year one of their course from September 2014']",,,https://studyabroad.shiksha.com/uk/universities/buckinghamshire-new-university/international-mba,https://studyabroad.shiksha.com/uk/universities/buckinghamshire-new-university?refCourseId=212581,,,,,,"Rs. 1,086",Pound 13.00,,,,,,,2years
"10,15,254","12,150",,,,,60%,,,,,,,No specific cutoff mentioned,,,,,London Metropolitan University,,,,,Master of Business Administration - MBA,,,1 Years,,,Rs 12.8 Lakhs,,,,,,,,,"2,73,408","3,272",,,6,"Minimum 5.5 in each element (listening, speaking, reading and writing)",,,Masters Program,,,"London, UK",,,,,,,,,,,,,,,,,"['Procter Gamble', 'Dell', 'CapGemini', 'Deloitte', 'HSBC', 'Infosys', 'UBS', 'KPMG']",51,Listening; 51 Reading; 51  Writing; 51 Speaking; 51,106,,,,,,,https://studyabroad.shiksha.com/uk/universities/london-metropolitan-university/master-of-business-administration-mba,https://studyabroad.shiksha.com/uk/universities/london-metropolitan-university?refCourseId=199111,,,,,,"Rs. 2,73,408","Pound 3,272",,,,,,,2years
"12,53,400","15,000",,,,,50%,,,,,,,No specific cutoff mentioned,,,,,University of East London,,,,,MBA,,,1 Years,,,Rs 20.0 Lakhs,,,,,,,,,"5,07,878","6,078",,,6,With a minimum of 6.0 in Writing and Speaking; minimum 5.5 in Reading and Listening (or recognised equivalent),,,Masters Program,,,"London, UK",,,,,,,,,,,,,,,"2,59,203","3,102",,62,With 56 in all four components,107,,,https://www.uel.ac.uk/International/International-Scholarships,"['', 'Open Civic Engagement Scholarship: The Open Civic Engagement Scholarships support outstanding all-round students at the University of East London. The following scholarships are available under this scheme: UG Civic Engagement Scholarship - £3,000 and PG Civic Engagement Scholarship - £2,500. Applicants will be judged on four key criteria: Academic Excellence, Character, Leadership and Commitment to public service\n', 'Academic Merit Scholarship: The Academic Merit Scholarship aims to support students with outstanding academic grades. The following scholarships are available under this scheme: 1. UG Academic Merit Scholarship – up to £4,000 (first year entry point only) 2. PG Academic Merit Scholarship – up to £3,000. Applicants will be judged on Nationality, Acdemic excellence, etc\n', 'Social Ambassadors Scholarship: The Social Ambassadors Scholarship open to all international undergraduate and postgraduate taught students who are keen to be UEL ambassadors and can demonstrate innovation']",,,https://studyabroad.shiksha.com/uk/universities/university-of-east-london/mba,https://studyabroad.shiksha.com/uk/universities/university-of-east-london?refCourseId=209757,,,,,,"Rs. 7,67,081","Pound 9,180",,,,,,,1years
"9,52,584","11,400",,,,,,,,,,,,,,,,,Abertay University,,,,,MBA,,,1 Years,,,Rs 17.8 Lakhs,,,,,,,,,"1,97,202","2,360",,,6,"no individual score less than 
5.5",,,Masters Program,"6,16,673","7,380","Dundee, UK",,,,,,,,,,,,,,,,,,59,,108,,,,,,,https://studyabroad.shiksha.com/uk/universities/abertay-university/mba,https://studyabroad.shiksha.com/uk/universities/abertay-university?refCourseId=212752,,,,,CBT: 213,"Rs. 8,45,627","Pound 10,120","31,753",380,,,,,
"10,02,720","12,000",,,,,2.20 GPA,,,,,,,No specific cutoff mentioned,,,,,University of Bedfordshire,,,,,Master of Business Administration,,,15 Months,,,Rs 12.9 Lakhs,,,,,,,,,"3,01,819","3,612",,,6,Minimum 5.5 in each element,,,Masters Program,,,"Luton, UK",,,,,,,,,,,,,,,,,,,,109,,,http://www.beds.ac.uk/bedsmba/full-time-mba/fees-and-discounts,"['Scholarship is applicable for international applicants who are able to pay the fees in full on, or before registration']",,,https://studyabroad.shiksha.com/uk/universities/university-of-bedfordshire/master-of-business-administration,https://studyabroad.shiksha.com/uk/universities/university-of-bedfordshire?refCourseId=194672,,,,,,"Rs. 3,01,819","Pound 3,612",,,,,,,
"Rs. 10,44,500","Pound 12,500",,,,,50%,,,,,,,No specific cutoff mentioned,,,,,Cardiff Metropolitan University,,,,,MBA - Master of Business Administration,,,12 Months,,,Rs 10.3 Lakhs,,,,,,,,,,,,,6,With no sub score lower than 5.5,,,Masters Program,,,"Cardiff, UK",,,,,,,,,,,,,,,,,,52,"Applicant must have minimum minimum marks in each section Reading - 51, Speaking - 51, Listening - 51 and Writing - 51",110,,,http://www.cardiffmet.ac.uk/international/study/applying/Pages/Scholarships.aspx,"['1. MBA Scholarship\n', 'Offers a £1,500 MBA Scholarship which is based on academic and/or professional, evidenced work experience\n2. Vice Chancellor Scholarship\n', 'The Vice Chancellor Scholarship is awarded to a number of MA and MSc programmes and is based on academic and/or professional, evidenced work experience. Amount- £1,500.\n3. Postgrad Solutions Bursary\n', 'The Vice Chancellor Scholarship is awarded to a number of MA and MSc programmes and is based on academic and/or professional, evidenced work experience. Amount- £1,500.']",,,https://studyabroad.shiksha.com/uk/universities/cardiff-metropolitan-university/mba-master-of-business-administration,https://studyabroad.shiksha.com/uk/universities/cardiff-metropolitan-university?refCourseId=198039,,,,,,,,,,,,,,5years
"Rs. 10,02,720","Pound 12,000",,,,,No specific cutoff mentioned,,,,,,,No specific cutoff mentioned,,,,,University of Cumbria,,,,,MBA,,,1 Years,,,Rs 9.9 Lakhs,,,,,,,,,,,,,6.5,with a minimum 6 in each component,,,Masters Program,,,"Carlisle, UK",,,,,,,,,,,,,,,,,,,,111,,,http://www.cumbria.ac.uk/StudentLife/Finance/ScholarshipsBursaries.aspx,"['', ' It has a number of scholarships and bursaries available for postgraduate students including:-\nInternational Student Scholarships\nPostgrad Solutions Study Bursaries']",,,https://studyabroad.shiksha.com/uk/universities/university-of-cumbria/mba,https://studyabroad.shiksha.com/uk/universities/university-of-cumbria?refCourseId=209727,,,,,,,,,,,,,,2years
