,CollegeName,Country,International Faculty,Number of Internal Students,Percent International PostGrad,Percent International UnderGrad,Percent Post Grad Students,Percent Undergraduate Students,Ranking,Total Academic Faculty,Total Number of Students,URL
0,Singapore Management University,Singapore,372,"1,796",45%,55%,13%,87%,#441-450 QS World University Rankings® 2014/15,603,"8,637",https://www.topuniversities.com/node/297648
1,Griffith University,Australia,809,"6,004",33%,67%,15%,85%,#=325 QS World University Rankings 2018,"1,882","31,772",https://www.topuniversities.com/node/294295
2,Universitat de Barcelona,Spain,108,"6,134",39%,61%,18%,82%,#156 QS World University Rankings 2018,"3,863","46,002",https://www.topuniversities.com/node/294613
3,Vrije Universiteit Amsterdam,Netherlands,331,"1,805",75%,25%,42%,58%,#218 QS World University Rankings 2018,"2,095","23,278",https://www.topuniversities.com/node/297203
4,University of St.Gallen (HSG),Switzerland,239,"2,749",60%,40%,47%,53%,#372 QS World University Rankings 2018,446,"8,232",https://www.topuniversities.com/node/297284
5,Utrecht University,Netherlands,653,"2,771",70%,30%,39%,61%,#=109 QS World University Rankings 2018,"3,067","31,754",https://www.topuniversities.com/node/297215
6,Oregon State University,United States,447,"2,885",44%,56%,16%,84%,#441-450 QS World University Rankings 2018,"2,052","24,254",https://www.topuniversities.com/node/297522
7,Northeastern University,United States,409,"6,813",55%,45%,32%,68%,#=346 QS World University Rankings 2018,"1,544","19,976",https://www.topuniversities.com/node/294773
8,RUDN University,Russia,50,"5,628",57%,43%,48%,52%,#501-550 QS World University Rankings 2018,"2,639","21,526",https://www.topuniversities.com/node/296468
9,The University of Edinburgh,United Kingdom,"1,553","10,551",48%,52%,28%,72%,#=23 QS World University Rankings 2018,"4,075","28,040",https://www.topuniversities.com/node/294478
10,University of Tasmania,Australia,341,"2,834",55%,45%,22%,78%,#313 QS World University Rankings 2018,796,"9,024",https://www.topuniversities.com/node/297268
11,Universitat Autònoma de Barcelona,Spain,230,"3,848",69%,31%,25%,75%,#=195 QS World University Rankings 2018,"2,187","31,986",https://www.topuniversities.com/node/294612
12,University of Waikato,New Zealand,234,"2,358",30%,70%,18%,82%,#292 QS World University Rankings 2018,565,"9,474",https://www.topuniversities.com/node/297201
13,University of Stirling,United Kingdom,170,"1,764",44%,56%,18%,82%,#451-460 QS World University Rankings 2018,660,"8,805",https://www.topuniversities.com/node/297280
14,Auckland University of Technology (AUT),New Zealand,512,"7,736",26%,74%,19%,81%,#441-450 QS World University Rankings 2018,"1,134","18,160",https://www.topuniversities.com/node/297138
15,The University of Manchester,United Kingdom,"1,653","13,514",44%,56%,27%,73%,#34 QS World University Rankings 2018,"4,910","36,670",https://www.topuniversities.com/node/294871
16,Ludwig-Maximilians-Universität München,Germany,674,"5,084",44%,56%,36%,64%,#66 QS World University Rankings 2018,"3,274","35,055",https://www.topuniversities.com/node/294840
17,Tomsk State University,Russia,180,"1,754",32%,68%,36%,64%,#=323 QS World University Rankings 2018,"1,674","8,022",https://www.topuniversities.com/node/297245
18,"The University of Newcastle, Australia (UON)",Australia,499,"3,032",58%,42%,9%,91%,#=224 QS World University Rankings 2018,"1,058","13,012",https://www.topuniversities.com/node/294784
19,The University of Warwick,United Kingdom,890,"7,703",49%,51%,31%,69%,#57 QS World University Rankings 2018,"2,093","19,855",https://www.topuniversities.com/node/297197
20,The University of New South Wales (UNSW Sydney),Australia,"1,612","14,292",51%,49%,28%,72%,#45 QS World University Rankings 2018,"2,924","39,784",https://www.topuniversities.com/node/294788
21,University of Twente,Netherlands,299,"2,235",48%,52%,43%,57%,#=179 QS World University Rankings 2018,910,"9,332",https://www.topuniversities.com/node/297226
22,UCL (University College London),United Kingdom,"2,554","14,854",55%,45%,48%,52%,#7 QS World University Rankings 2018,"6,345","31,080",https://www.topuniversities.com/node/294014
23,Massey University,New Zealand,516,"4,801",41%,59%,27%,73%,#=316 QS World University Rankings 2018,"1,275","17,263",https://www.topuniversities.com/node/294865
24,Queensland University of Technology (QUT),Australia,722,"5,267",43%,57%,14%,86%,#=247 QS World University Rankings 2018,"1,755","33,929",https://www.topuniversities.com/node/297459
25,Russian Presidential Academy of National Economy and Public Administration,Russia,66,894,38%,62%,23%,77%,,"4,659","42,220",https://www.topuniversities.com/node/294120
26,The University of Auckland,New Zealand,645,"8,568",29%,71%,17%,83%,#=82 QS World University Rankings 2018,"2,047","29,641",https://www.topuniversities.com/node/294619
27,The University of Queensland,Australia,"1,870","10,420",44%,56%,22%,78%,#=47 QS World University Rankings 2018,"3,158","37,497",https://www.topuniversities.com/node/297460
28,Victoria University of Wellington,New Zealand,503,"3,280",34%,66%,21%,79%,#219 QS World University Rankings 2018,985,"17,085",https://www.topuniversities.com/node/297211
29,Ural Federal University,Russia,311,"2,464",34%,66%,28%,72%,#491-500 QS World University Rankings 2018,"4,203","26,345",https://www.topuniversities.com/node/296475
30,Benha University - Egypt,Egypt,13,"4,524",37%,63%,24%,76%,,"4,573","101,179",https://www.topuniversities.com/node/295571
31,Korea University,South Korea,339,"3,638",18%,82%,23%,77%,#=90 QS World University Rankings 2018,"3,745","25,892",https://www.topuniversities.com/node/294121
32,Carnegie Mellon University Australia,Australia,,,,,,,,,,https://www.topuniversities.com/node/293691
33,"Carnegie Mellon University – Heinz College of Information Systems, Public Policy and Management",United States,,,,,,,,,,https://www.topuniversities.com/node/296307
34,Erasmus University Rotterdam,Netherlands,458,"5,229",48%,52%,40%,60%,#=147 QS World University Rankings 2018,"2,011","23,273",https://www.topuniversities.com/node/294457
35,Cardiff University,United Kingdom,705,"6,090",47%,53%,22%,78%,#=137 QS World University Rankings 2018,"2,755","24,565",https://www.topuniversities.com/node/294557
36,Università degli Studi di Pavia,Italy,54,"1,652",52%,48%,49%,51%,#551-600 QS World University Rankings 2018,"1,141","23,927",https://www.topuniversities.com/node/297512
37,Moscow State Institute of International Relations (MGIMO University),Russia,92,"1,297",29%,71%,27%,73%,#=373 QS World University Rankings 2018,"1,549","7,552",https://www.topuniversities.com/node/295119
38,"Birkbeck, University of London",United Kingdom,256,"2,702",38%,62%,35%,65%,#=308 QS World University Rankings 2018,620,"6,870",https://www.topuniversities.com/node/297511
39,Lund University,Sweden,"1,002","6,408",55%,45%,31%,69%,#=78 QS World University Rankings 2018,"3,031","27,786",https://www.topuniversities.com/node/293996
40,Concordia University,Canada,361,"8,729",45%,55%,20%,80%,#431-440 QS World University Rankings 2018,"1,329","31,324",https://www.topuniversities.com/node/294518
41,University of Bristol,United Kingdom,942,"5,099",47%,53%,21%,79%,#44 QS World University Rankings 2018,"2,870","20,630",https://www.topuniversities.com/node/294587
42,Swansea University,United Kingdom,308,"3,074",33%,67%,15%,85%,#431-440 QS World University Rankings 2018,"1,285","14,535",https://www.topuniversities.com/node/297274
43,McMaster University,Canada,"1,170","3,548",31%,69%,17%,83%,#140 QS World University Rankings 2018,"3,231","23,702",https://www.topuniversities.com/node/294863
44,L.N. Gumilyov Eurasian National University (ENU),Kazakhstan,396,591,22%,78%,16%,84%,#336 QS World University Rankings 2018,"2,857","15,794",https://www.topuniversities.com/node/295110
45,The Hong Kong Polytechnic University,"Hong Kong S.A.R., China","1,275","5,251",63%,37%,27%,73%,#=95 QS World University Rankings 2018,"2,447","20,972",https://www.topuniversities.com/node/294257
46,Université de Montréal,Canada,"1,037","9,688",44%,56%,34%,66%,#130 QS World University Rankings 2018,"2,961","39,112",https://www.topuniversities.com/node/294843
47,Universidad del Valle de México (UVM),Mexico,121,261,7%,93%,6%,94%,,"3,709","75,892",https://www.topuniversities.com/node/293478
48,University of Kent,United Kingdom,624,"5,115",32%,68%,16%,84%,#=373 QS World University Rankings 2018,"1,495","17,755",https://www.topuniversities.com/node/294152
49,Universidad Carlos III de Madrid (UC3M),Spain,323,488,%,100%,20%,80%,#281 QS World University Rankings 2018,"2,204","17,618",https://www.topuniversities.com/node/296463
50,University of Guelph,Canada,198,"1,750",30%,70%,11%,87%,#491-500 QS World University Rankings 2018,"1,082","21,523",https://www.topuniversities.com/node/296894
51,Duke Kunshan University,China,,,,,,,,,,https://www.topuniversities.com/node/330621
52,The University of Western Australia,Australia,809,"4,575",48%,52%,34%,66%,#=93 QS World University Rankings 2018,"1,420","18,531",https://www.topuniversities.com/node/297188
53,HEC Paris School of Management,France,70,"1,426",100%,%,100%,%,#N/A QS World University Rankings 2018,111,"2,851",https://www.topuniversities.com/node/295397
54,Bocconi University,Italy,103,"1,597",41%,59%,43%,57%,#N/A QS World University Rankings® 2014/15,802,"13,377",https://www.topuniversities.com/node/294596
55,The Australian National University,Australia,927,"5,551",61%,39%,43%,57%,#20 QS World University Rankings 2018,"1,600","14,442",https://www.topuniversities.com/node/294616
56,University of Wollongong,Australia,551,"4,730",59%,41%,24%,76%,#232 QS World University Rankings 2018,"1,301","18,476",https://www.topuniversities.com/node/297181
57,University of South Australia,Australia,"1,177","3,634",30%,70%,13%,87%,#=279 QS World University Rankings 2018,"1,435","17,388",https://www.topuniversities.com/node/297289
58,Al-Farabi Kazakh National University,Kazakhstan,456,"1,310",16%,84%,20%,80%,#=236 QS World University Rankings 2018,"3,352","16,556",https://www.topuniversities.com/node/295109
59,University College Dublin,Ireland,627,"3,876",48%,52%,24%,76%,#168 QS World University Rankings 2018,"1,604","19,833",https://www.topuniversities.com/node/294492
60,National University of Singapore (NUS),Singapore,"3,086","8,917",48%,52%,18%,82%,#15 QS World University Rankings 2018,"5,106","32,728",https://www.topuniversities.com/node/294798
61,The Chinese University of Hong Kong (CUHK),"Hong Kong S.A.R., China","1,074","4,824",35%,65%,15%,85%,#46 The Chinese University of Hong Kong - QS Wo...,"2,208","18,037",https://www.topuniversities.com/node/294277
62,Fundación Universitaria San Pablo CEU,Spain,,,,,,,,,,https://www.topuniversities.com/node/295652
63,LUMSA University,Italy,,,,,,,,,,https://www.topuniversities.com/node/309702
64,Waseda University,Japan,492,"6,230",47%,53%,17%,83%,#203 Waseda University - QS World University Ran...,"3,850","46,301",https://www.topuniversities.com/node/297196
65,The University of Hong Kong,"Hong Kong S.A.R., China","2,085","8,230",54%,46%,35%,65%,#26 QS World University Rankings 2018,"3,012","20,214",https://www.topuniversities.com/node/294256
66,Peter the Great Saint-Petersburg Polytechnic University,Russia,210,"3,282",24%,76%,24%,76%,#401-410 QS World University Rankings 2018,"2,978","17,571",https://www.topuniversities.com/node/295116
67,The University of Sydney,Australia,"1,829","17,030",58%,42%,38%,62%,#50 QS World University Rankings 2018,"3,360","46,678",https://www.topuniversities.com/node/296815
68,York University,Canada,328,"8,932",12%,88%,8%,92%,#441-450 QS World University Rankings 2018,"2,357","40,325",https://www.topuniversities.com/node/297127
69,Universidade Nova de Lisboa,Portugal,89,"2,076",23%,%,47%,53%,#=361 QS World University Rankings 2018,"1,746","19,490",https://www.topuniversities.com/node/294754
70,King's College London,United Kingdom,"1,513","9,451",50%,50%,36%,64%,#=23 QS World University Rankings 2018,"3,650","23,780",https://www.topuniversities.com/node/294029
71,USI Università della Svizzera italiana / USI University of Lugano,Switzerland,,,,,,,,,,https://www.topuniversities.com/node/297639
72,Plekhanov Russian University of Economics,Russia,42,"1,228",28%,72%,24%,76%,#801-1000 QS World University Rankings 2018,"1,369","16,505",https://www.topuniversities.com/node/295117
73,University of Johannesburg,South Africa,360,"2,282",30%,70%,9%,91%,#601-650 QS World University Rankings 2018,"1,599","19,812",https://www.topuniversities.com/node/297592
74,Leiden University,Netherlands,581,"3,488",63%,37%,39%,61%,#=109 QS World University Rankings 2018,"2,324","26,513",https://www.topuniversities.com/node/294071
75,University of Technology Sydney,Australia,546,"7,769",48%,52%,25%,75%,#176 QS World University Rankings 2018,"1,328","24,207",https://www.topuniversities.com/node/297273
76,London School of Economics and Political Science (LSE),United Kingdom,687,"6,748",66%,34%,53%,47%,#35 QS World University Rankings 2018,"1,088","9,760",https://www.topuniversities.com/node/294016
77,University College Cork,Ireland,459,"2,171",41%,59%,21%,79%,#=283 QS World University Rankings 2018,"1,206","15,933",https://www.topuniversities.com/node/294515
78,Monash University,Australia,"1,679","20,578",43%,57%,25%,75%,#60 QS World University Rankings 2018,"3,204","57,433",https://www.topuniversities.com/node/294848
79,University of Otago,New Zealand,759,"3,871",29%,71%,17%,83%,#151 QS World University Rankings 2018,"1,266","18,532",https://www.topuniversities.com/node/297618
80,George Washington University,United States,261,"3,814",67%,33%,53%,47%,,"1,708","22,884",https://www.topuniversities.com/node/294358
81,Aalborg University,Denmark,461,"2,625",71%,29%,43%,57%,#379 QS World University Rankings 2018,"1,722","16,942",https://www.topuniversities.com/node/296663
82,Radboud University,Netherlands,411,"3,133",38%,62%,38%,62%,#204 QS World University Rankings 2018,"2,325","20,958",https://www.topuniversities.com/node/294777
83,Stockholm School of Economics,Sweden,37,301,92%,8%,46%,54%,#N/A QS World University Rankings® 2014/15,113,"2,216",https://www.topuniversities.com/node/297279
84,University of Helsinki,Finland,535,"1,234",85%,15%,41%,59%,#=102 QS World University Rankings 2018,"2,645","22,419",https://www.topuniversities.com/node/294264
85,Deakin University,Australia,631,"7,166",48%,52%,21%,79%,#=293 QS World University Rankings 2018,"1,598","36,940",https://www.topuniversities.com/node/294651
86,Instituto Tecnológico y de Estudios Superiores de Monterrey,Mexico,821,"1,412",58%,42%,17%,83%,#199 QS World University Rankings 2018,"1,822","13,376",https://www.topuniversities.com/node/297267
87,Université de Liège,Belgium,53,"4,236",64%,36%,51%,49%,#=319 QS World University Rankings 2018,796,"20,736",https://www.topuniversities.com/node/294063
88,Newcastle University,United Kingdom,835,"5,717",51%,49%,24%,76%,#=161 QS World University Rankings 2018,"2,428","21,673",https://www.topuniversities.com/node/294781
89,"National Research University Higher School of Economics (HSE, Moscow)",Russia,219,"1,861",41%,59%,26%,74%,#=382 QS World University Rankings 2018,"4,390","26,408",https://www.topuniversities.com/node/295115
90,University of Strathclyde,United Kingdom,467,"4,220",56%,44%,27%,73%,#=277,"1,430","17,425",https://www.topuniversities.com/node/297470
91,Universidad Nacional de Colombia,Colombia,163,312,48%,52%,19%,81%,#=254 QS World University Rankings 2018,"2,909","53,581",https://www.topuniversities.com/node/294523
92,Universiti Malaya (UM),Malaysia,655,"3,476",75%,25%,46%,54%,#=114 QS World University Rankings 2018,"2,755","17,902",https://www.topuniversities.com/node/294877
93,Universidad de los Andes,Colombia,148,293,33%,67%,17%,83%,#=256 QS World University Rankings 2018,"1,089","16,665",https://www.topuniversities.com/node/294011
94,Universiti Kebangsaan Malaysia (UKM),Malaysia,435,"2,681",81%,19%,35%,65%,#=230 QS World University Rankings 2018,"2,460","18,094",https://www.topuniversities.com/node/294876
95,The University of Adelaide,Australia,633,"8,114",39%,61%,23%,77%,#=109 QS World University Rankings 2018,"1,729","21,240",https://www.topuniversities.com/node/294644
96,University of Liverpool,United Kingdom,717,"7,502",27%,73%,16%,84%,#=173 QS World University Rankings 2018,"2,390","22,065",https://www.topuniversities.com/node/294045
97,The University of Western Ontario,Canada,702,"4,826",34%,66%,19%,81%,#=210 QS World University Rankings 2018,"1,546","29,037",https://www.topuniversities.com/node/297187
98,Universiti Sains Malaysia (USM),Malaysia,288,"2,462",71%,29%,33%,67%,#=264 QS World University Rankings 2018,"2,318","20,955",https://www.topuniversities.com/node/294874
99,University of Michigan,United States,"1,920","7,527",64%,36%,34%,66%,#=21 QS World University Rankings 2018,"6,809","43,147",https://www.topuniversities.com/node/294857
100,Stanford University,United States,"2,042","3,611",83%,17%,56%,44%,#2 QS World University Rankings 2018,"4,285","15,878",https://www.topuniversities.com/node/297282
101,Harvard University,United States,"1,311","5,266",85%,15%,69%,31%,#3 QS World University Rankings 2018,"4,350","22,429",https://www.topuniversities.com/node/294270
102,University of Cambridge,United Kingdom,"2,278","6,699",64%,36%,37%,63%,#5 QS World University Rankings 2018,"5,490","18,770",https://www.topuniversities.com/node/294561
103,University of Oxford,United Kingdom,"2,964","7,353",74%,26%,44%,56%,#6 QS World University Rankings 2018,"6,750","19,720",https://www.topuniversities.com/node/294654
104,"Nanyang Technological University, Singapore (NTU)",Singapore,"2,993","7,251",46%,54%,18%,82%,#11 QS World University Rankings 2018,"4,338","25,738",https://www.topuniversities.com/node/294821
105,Cornell University,United States,970,"5,411",61%,39%,35%,65%,#14 QS World University Rankings 2018,"2,718","21,904",https://www.topuniversities.com/node/294514
106,Yale University,United States,"1,708","2,469",76%,24%,56%,44%,#16 QS World University Rankings 2018,"4,940","12,402",https://www.topuniversities.com/node/297177
107,University of Pennsylvania,United States,"1,383","4,250",72%,28%,52%,48%,#19 QS World University Rankings 2018,"5,499","20,639",https://www.topuniversities.com/node/297569
108,City University of Hong Kong,"Hong Kong S.A.R., China","1,027","3,273",66%,34%,30%,70%,#49 QS World University Rankings 2018,"1,349","9,240",https://www.topuniversities.com/node/294527
109,University of Wisconsin-Madison,United States,"1,151","4,920",51%,49%,27%,73%,#55 QS World University Rankings 2018,"5,722","38,985",https://www.topuniversities.com/node/297183
110,University of Glasgow,United Kingdom,956,"8,149",50%,50%,28%,72%,#65 QS World University Rankings 2018,"2,775","23,815",https://www.topuniversities.com/node/294322
111,Boston University,United States,379,"7,041",41%,59%,36%,64%,#81 QS World University Rankings 2018,"3,157","25,662",https://www.topuniversities.com/node/294593
112,The Ohio State University,United States,"1,696","6,874",36%,64%,25%,75%,#86 QS World University Rankings 2018,"5,911","43,156",https://www.topuniversities.com/node/294741
113,University of Groningen,Netherlands,"1,137","10,780",50%,50%,36%,64%,#113 QS World University Rankings 2018,"3,351","27,549",https://www.topuniversities.com/node/294293
114,University of Canterbury,New Zealand,316,"2,338",38%,62%,18%,82%,#214 QS World University Rankings 2018,698,"11,324",https://www.topuniversities.com/node/294559
115,University of Calgary,Canada,809,"5,980",38%,62%,19%,81%,#217 QS World University Rankings 2018,"2,689","30,195",https://www.topuniversities.com/node/294574
116,Universiti Putra Malaysia (UPM),Malaysia,401,"4,778",81%,19%,45%,55%,#229 QS World University Rankings 2018,"2,334","20,924",https://www.topuniversities.com/node/294875
117,Loughborough University,United Kingdom,376,"3,222",56%,44%,19%,81%,#234 QS World University Rankings 2018,"1,315","15,335",https://www.topuniversities.com/node/294009
118,University of Leicester,United Kingdom,450,"4,080",45%,55%,22%,78%,#238 QS World University Rankings 2018,"1,391","13,745",https://www.topuniversities.com/node/294075
119,Curtin University,Australia,"1,225","5,284",40%,60%,17%,83%,#262 QS World University Rankings 2018,"1,917","25,604",https://www.topuniversities.com/node/294507
120,University of Coimbra,Portugal,69,"3,623",56%,44%,58%,42%,#401-410 QS World University Rankings 2018,"1,407","21,214",https://www.topuniversities.com/node/294525
121,University of Pisa,Italy,148,"2,092",39%,61%,39%,61%,#421-430 QS World University Rankings 2018,"2,517","51,510",https://www.topuniversities.com/node/297565
122,University of Baghdad,Iraq,18,92,8%,92%,10%,90%,#501-550 QS World University Rankings 2018,"6,949","68,627",https://www.topuniversities.com/node/293327
123,Murdoch University,Australia,212,"1,750",31%,69%,16%,84%,#501-550 QS World University Rankings 2018,784,"9,731",https://www.topuniversities.com/node/297514
124,University of Limerick,Ireland,351,"1,134",49%,51%,18%,82%,#501-550 QS World University Rankings 2018,891,"11,628",https://www.topuniversities.com/node/294053
125,University of South Florida,United States,375,"4,347",41%,59%,22%,78%,#501-550 QS World University Rankings 2018,"2,040","33,413",https://www.topuniversities.com/node/297480
126,Vilnius Gediminas Technical University,Lithuania,36,"1,152",37%,63%,21%,79%,#551-600 QS World University Rankings 2018,841,"9,376",https://www.topuniversities.com/node/293792
127,University of Canberra,Australia,84,"2,243",34%,66%,17%,83%,#551-600,409,"10,624",https://www.topuniversities.com/node/296820
128,National Chengchi University,Taiwan,47,"1,556",42%,58%,26%,74%,#601-650 QS World University Rankings 2018,862,"11,323",https://www.topuniversities.com/node/294811
129,University of Portsmouth,United Kingdom,297,"4,817",23%,77%,12%,88%,#601-650 QS World University Rankings 2018,"1,260","19,005",https://www.topuniversities.com/node/297495
130,University of Central Florida,United States,133,"1,324",62%,38%,11%,89%,#701-750 QS World University Rankings 2018,"1,866","48,364",https://www.topuniversities.com/node/294406
131,University of Latvia,Latvia,33,807,52%,48%,37%,63%,#701-750 QS World University Rankings 2018,859,"12,033",https://www.topuniversities.com/node/293720
132,Lobachevsky University,Russia,18,"1,245",20%,80%,25%,75%,#701-750 QS World University Rankings 2018,"1,886","16,558",https://www.topuniversities.com/node/295629
133,Universiti Teknologi MARA - UiTM,Malaysia,76,116,100%,%,16%,84%,#751-800 QS World University Rankings 2018,"3,111","42,376",https://www.topuniversities.com/node/297097
134,Northumbria University at Newcastle,United Kingdom,204,"3,420",32%,68%,13%,87%,#751-800 QS World University Rankings 2018,"1,355","21,865",https://www.topuniversities.com/node/294770
135,University of Brawijaya,Indonesia,33,488,44%,56%,7%,93%,#801-1000 QS World University Rankings 2018,"2,299","61,716",https://www.topuniversities.com/node/297069
136,Universidad Autónoma del Estado de México (UAEMex),Mexico,42,168,2%,98%,6%,94%,#801-1000 QS World University Rankings 2018,"2,612","60,691",https://www.topuniversities.com/node/295210
137,University of Santo Tomas,Philippines,118,801,28%,72%,7%,93%,#801-1000 QS World University Rankings 2018,"1,888","33,587",https://www.topuniversities.com/node/297425
138,Vytautas Magnus University,Lithuania,51,316,65%,35%,26%,74%,#801-1000 QS World University Rankings 2018,433,"5,980",https://www.topuniversities.com/node/296510
139,Universidade Federal Fluminense,Brazil,207,170,46%,54%,11%,89%,#801-1000 QS World University Rankings 2018,"3,277","43,821",https://www.topuniversities.com/node/296852
140,Universidad Autónoma del Estado de Hidalgo (UAEH),Mexico,54,105,14%,86%,2%,98%,,"2,635","28,093",https://www.topuniversities.com/node/293410
141,Universitas Sebelas Maret,Indonesia,,70,53%,47%,12%,88%,,"1,597","28,943",https://www.topuniversities.com/node/296939
142,INTI International University & Colleges,Malaysia,,,,,,,,,,https://www.topuniversities.com/node/360165
143,Future University in Egypt,Egypt,13,466,0%,100%,0%,100%,,464,"5,924",https://www.topuniversities.com/node/294201
144,Financial University under the Government of the Russian Federation,Russia,9,"1,184",14%,86%,17%,83%,,"1,742","23,191",https://www.topuniversities.com/node/294302
145,London South Bank University,United Kingdom,157,"3,579",21%,79%,19%,81%,,727,"10,689",https://www.topuniversities.com/node/297533
146,KARAGANDA ECONOMIC UNIVERSITY,Kazakhstan,,,,,,,,,,https://www.topuniversities.com/node/296039
147,Universidad San Ignacio de Loyola,Peru,12,83,0%,100%,3%,97%,,622,"17,727",https://www.topuniversities.com/node/293510
148,Ahmad Dahlan University,Indonesia,,14,21%,79%,1%,99%,,378,"14,164",https://www.topuniversities.com/node/297294
149,Jiangsu University,China,54,"1,073",17%,83%,25%,75%,,"2,551","30,890",https://www.topuniversities.com/node/309722
150,Volgograd State University,Russia,4,180,24%,76%,24%,76%,,557,"6,436",https://www.topuniversities.com/node/296407
151,Zhetysu State University named after Ilyas Zhansugurov,Kazakhstan,23,8,0%,100%,8%,92%,,345,"3,992",https://www.topuniversities.com/node/297001
152,Tel Aviv University,Israel,136,"1,088",63%,37%,38%,62%,#=205 QS World University Rankings 2018,"1,028","21,841",https://www.topuniversities.com/node/297260
153,Northwestern University,United States,"1,141","3,422",79%,21%,55%,45%,#=28 QS World University Rankings 2018,"4,231","18,675",https://www.topuniversities.com/node/294767
154,Tufts University,United States,292,"1,267",62%,38%,50%,50%,#=243 QS World University Rankings 2018,"1,282","10,468",https://www.topuniversities.com/node/297231
155,University of Reading,United Kingdom,422,"4,077",50%,50%,26%,74%,#=188 QS World University Rankings 2018,"1,280","13,330",https://www.topuniversities.com/node/297458
156,Pontificia Universidad Católica de Chile (UC),Chile,198,991,70%,30%,16%,84%,#=137,"2,260","27,003",https://www.topuniversities.com/node/294549
157,Universidade Estadual de Campinas (Unicamp),Brazil,109,966,88%,12%,44%,56%,#=182 QS World University Rankings 2018,"1,968","26,572",https://www.topuniversities.com/node/294560
158,SOAS University of London,United Kingdom,252,"2,549",50%,50%,41%,59%,#=296 QS World University Rankings 2018,465,"4,750",https://www.topuniversities.com/node/295395
159,Stellenbosch University,South Africa,191,"1,805",58%,42%,39%,61%,#=361 QS World University Rankings 2018,678,"26,039",https://www.topuniversities.com/node/297281
160,Keio University,Japan,261,"2,178",48%,52%,14%,86%,#=192 QS World University Rankings 2018,"3,905","33,500",https://www.topuniversities.com/node/294156
161,The University of Nottingham,United Kingdom,"1,135","7,993",42%,58%,22%,78%,#=84 QS World University Rankings 2018,"3,360","29,165",https://www.topuniversities.com/node/294758
162,University of Tartu,Estonia,119,832,87%,13%,48%,52%,#=314 QS World University Rankings 2018,"1,402","10,071",https://www.topuniversities.com/node/297217
163,University of the Witwatersrand,South Africa,485,"2,097",42%,58%,13%,87%,#=364 QS World University Rankings 2018,"1,550","26,900",https://www.topuniversities.com/node/297182
164,Universite libre de Bruxelles,Belgium,286,"7,539",53%,47%,48%,52%,#=205 QS World University Rankings 2018,810,"23,021",https://www.topuniversities.com/node/294581
165,Ben Gurion University of The Negev,Israel,305,"2,632",37%,63%,29%,71%,#=352 QS World University Rankings 2018,"1,095","17,072",https://www.topuniversities.com/node/294604
166,University of Gothenburg,Sweden,434,"3,518",49%,51%,27%,73%,#=283 QS World University Rankings 2018,"2,683","26,630",https://www.topuniversities.com/node/294314
167,Durham University,United Kingdom,586,"4,690",48%,52%,22%,78%,#=78 QS World University Rankings 2018,"1,539","16,745",https://www.topuniversities.com/node/294488
168,University of Virginia,United States,487,"1,899",61%,39%,29%,71%,#=173 QS World University Rankings 2018,"2,509","21,560",https://www.topuniversities.com/node/297205
169,The University of Exeter,United Kingdom,597,"5,504",33%,67%,18%,82%,#=158 QS World University Rankings 2018,"1,756","20,749",https://www.topuniversities.com/node/294427
170,The University of Tokyo,Japan,254,"2,639",89%,11%,49%,51%,#=28 QS World University Rankings 2018,"4,514","27,279",https://www.topuniversities.com/node/297246
171,Johannes Gutenberg Universität Mainz,Germany,493,"3,493",56%,44%,50%,50%,#=398 QS World University Rankings 2018,"3,316","31,920",https://www.topuniversities.com/node/294878
172,Indian Institute of Technology Madras (IITM),India,11,6,83%,17%,61%,39%,#=264 QS World University Rankings 2018,673,"8,923",https://www.topuniversities.com/node/294238
173,Virginia Polytechnic Institute and State University,United States,241,"3,509",56%,44%,20%,80%,#=367 QS World University Rankings 2018,"2,436","33,041",https://www.topuniversities.com/node/297206
174,Universidad Nacional Autónoma de México (UNAM),Mexico,949,"2,173",78%,22%,20%,80%,#=122 QS World University Rankings 2018,"15,073","141,939",https://www.topuniversities.com/node/294835
175,Queen's University at Kingston,Canada,309,"2,589",46%,54%,18%,82%,#=224 QS World University Rankings 2018,"1,161","23,065",https://www.topuniversities.com/node/297462
176,Rutgers University - New Brunswick,United States,490,"5,171",43%,57%,23%,77%,#=283 QS World University Rankings 2018,"4,041","45,214",https://www.topuniversities.com/node/297482
177,University of Milan,Italy,171,"3,260",37%,63%,40%,60%,#=325 QS World University Rankings 2018,"2,454","56,425",https://www.topuniversities.com/node/294778
178,Universitat Pompeu Fabra,Spain,200,"1,349",69%,31%,20%,80%,#=296 QS World University Rankings 2018,742,"10,537",https://www.topuniversities.com/node/297497
179,Texas A&M University,United States,206,"4,900",89%,11%,21%,79%,#=195 QS World University Rankings 2018,"3,446","60,294",https://www.topuniversities.com/node/297256
180,ESSEC Business School,Singapore,65,"1,653",71%,29%,71%,29%,#N/A QS World University Rankings® 2014/15,136,"5,319",https://www.topuniversities.com/node/294440
181,"University of California, San Diego (UCSD)",United States,870,"6,644",31%,69%,19%,81%,#=38 QS World University Rankings 2018,"3,694","32,237",https://www.topuniversities.com/node/294567
182,University of Victoria,Canada,246,"3,103",30%,70%,16%,84%,#=346 QS World University Rankings 2018,818,"19,087",https://www.topuniversities.com/node/297210
183,Ewha Womans University,South Korea,148,"2,768",16%,84%,23%,77%,#=299 QS World University Rankings 2018,"2,509","17,190",https://www.topuniversities.com/node/294477
184,Hokkaido University,Japan,210,"1,347",87%,13%,34%,66%,#=122 QS World University Rankings 2018,"2,605","17,552",https://www.topuniversities.com/node/294258
185,University of Birmingham,United Kingdom,"1,028","7,795",57%,43%,30%,70%,#=84 QS World University Rankings 2018,"2,962","28,660",https://www.topuniversities.com/node/294597
186,Stockholm University,Sweden,646,"2,636",50%,50%,24%,76%,#=195 QS World University Rankings 2018,"2,154","28,281",https://www.topuniversities.com/node/297278
187,University of Geneva,Switzerland,"1,029","6,104",61%,39%,48%,52%,#=98 QS World University Rankings 2018,"1,752","15,844",https://www.topuniversities.com/node/294362
188,University of Utah,United States,296,"2,213",47%,53%,26%,74%,#=391 QS World University Rankings 2018,"3,467","25,380",https://www.topuniversities.com/node/297216
189,The American University in Cairo,Egypt,178,222,24%,76%,10%,90%,#=395 QS World University Rankings 2018,534,"5,843",https://www.topuniversities.com/node/294620
190,Pennsylvania State University,United States,211,"7,081",35%,65%,12%,88%,#=93 QS World University Rankings 2018,"3,509","45,612",https://www.topuniversities.com/node/297570
191,Dublin City University,Ireland,306,"2,263",32%,68%,15%,85%,#=391 QS World University Rankings 2018,"1,080","12,008",https://www.topuniversities.com/node/294494
192,Brunel University London,United Kingdom,349,"4,735",37%,63%,21%,79%,#=346 QS World University Rankings 2018,845,"11,795",https://www.topuniversities.com/node/294583
193,Westfälische Wilhelms-Universität Münster,Germany,487,"2,809",61%,39%,53%,47%,#=308 QS World University Rankings 2018,"4,202","42,715",https://www.topuniversities.com/node/294839
194,The University of Arizona,United States,266,"3,561",42%,58%,20%,80%,#=230 QS World University Rankings 2018,"2,906","38,379",https://www.topuniversities.com/node/294630
195,University of Tsukuba,Japan,174,"2,149",79%,21%,40%,60%,#=250 QS World University Rankings 2018,"2,128","16,637",https://www.topuniversities.com/node/297234
196,University of Jyväskylä,Finland,249,603,95%,5%,44%,56%,#=357 QS World University Rankings 2018,"1,464","10,339",https://www.topuniversities.com/node/294178
197,Carnegie Mellon University,United States,425,"6,385",71%,29%,51%,49%,#=47 QS World University Rankings 2018,"1,342","13,356",https://www.topuniversities.com/node/294555
198,Nagoya University,Japan,206,"1,547",80%,20%,38%,62%,#=116 QS World University Rankings 2018,"2,665","15,838",https://www.topuniversities.com/node/294832
199,University of Zurich,Switzerland,"2,617","5,036",71%,29%,48%,52%,#=73 QS World University Rankings 2018,"4,997","26,065",https://www.topuniversities.com/node/297126
200,"University of California, Irvine",United States,377,"8,538",21%,79%,16%,84%,#=164 QS World University Rankings 2018,"1,926","32,151",https://www.topuniversities.com/node/294570
201,University of Kansas,United States,284,"2,070",55%,45%,27%,73%,#=386 QS World University Rankings 2018,"3,324","24,133",https://www.topuniversities.com/node/294169
202,University of Lisbon,Portugal,115,"6,548",71%,29%,40%,60%,#=305 QS World University Rankings 2018,"3,027","50,667",https://www.topuniversities.com/node/296493
203,"University of Illinois, Chicago (UIC)",United States,342,"5,148",57%,43%,35%,65%,#=207 QS World University Rankings 2018,"2,284","26,046",https://www.topuniversities.com/node/294246
204,The University of Melbourne,Australia,"1,477","18,030",54%,46%,47%,53%,#=41 QS World University Rankings 2018,"3,311","42,182",https://www.topuniversities.com/node/294861
205,The University of Sheffield,United Kingdom,938,"8,745",51%,49%,28%,72%,#=82 QS World University Rankings 2018,"3,065","25,430",https://www.topuniversities.com/node/297471
206,"University of Economics, Prague",Czech Republic,19,"3,152",40%,60%,45%,55%,#N/A QS World University Rankings® 2014/15,462,"13,763",https://www.topuniversities.com/node/297572
207,Copenhagen Business School,Denmark,195,"4,036",74%,26%,52%,48%,#N/A QS World University Rankings® 2014/15,599,"17,233",https://www.topuniversities.com/node/297338
208,National Taiwan University (NTU),Taiwan,220,"3,152",45%,55%,46%,54%,#=76 QS World University Rankings 2018,"2,807","32,195",https://www.topuniversities.com/node/294804
209,"Stony Brook University, State University of New York",United States,126,"6,436",36%,64%,27%,73%,#=382 QS World University Rankings 2018,"2,147","24,026",https://www.topuniversities.com/node/297276
210,National Chiao Tung University,Taiwan,162,"1,854",56%,44%,50%,50%,#=207 QS World University Rankings 2018,"1,086","10,376",https://www.topuniversities.com/node/294810
211,KU Leuven,Belgium,784,"6,926",78%,22%,52%,48%,#=71 QS World University Rankings 2018,"2,515","45,538",https://www.topuniversities.com/node/294551
212,University of the Philippines,Philippines,35,226,55%,45%,18%,82%,#=367 QS World University Rankings 2018,"4,343","45,537",https://www.topuniversities.com/node/297566
213,Simon Fraser University,Canada,364,"7,573",18%,82%,13%,87%,#=245 QS World University Rankings 2018,974,"25,108",https://www.topuniversities.com/node/297293
214,Eberhard Karls Universität Tübingen,Germany,796,"3,860",57%,43%,56%,44%,#=164 QS World University Rankings 2018,"3,844","27,366",https://www.topuniversities.com/node/297232
215,University of Ottawa,Canada,497,"6,181",34%,66%,23%,77%,#=289 QS World University Rankings 2018,"1,586","35,003",https://www.topuniversities.com/node/297610
216,Lancaster University,United Kingdom,435,"4,464",36%,64%,24%,76%,#=135 QS World University Rankings 2018,"1,245","12,300",https://www.topuniversities.com/node/294090
217,,,,,,,,,#=367 QS World University Rankings 2018,,,https://www.topuniversities.com/node/297236
218,Tohoku University,Japan,264,"1,604",84%,16%,38%,62%,#=76 QS World University Rankings 2018,"3,411","17,827",https://www.topuniversities.com/node/297250
219,Dalhousie University,Canada,627,"3,439",32%,68%,23%,77%,#=279 QS World University Rankings 2018,"1,007","15,177",https://www.topuniversities.com/node/294506
220,ETH Zurich - Swiss Federal Institute of Technology,Switzerland,"1,886","7,563",72%,28%,53%,47%,#10 QS World University Rankings 2018,"2,477","19,815",https://www.topuniversities.com/node/294432
221,Johns Hopkins University,United States,"1,061","4,105",79%,21%,63%,37%,#17 QS World University Rankings 2018,"4,462","16,146",https://www.topuniversities.com/node/294184
222,Tsinghua University,China,932,"4,072",49%,51%,59%,41%,#25 QS World University Rankings 2018,"5,506","36,300",https://www.topuniversities.com/node/297235
223,"University of California, Los Angeles (UCLA)",United States,662,"6,887",44%,56%,29%,71%,#33 QS World University Rankings 2018,"2,859","40,114",https://www.topuniversities.com/node/294569
224,Brown University,United States,379,"1,825",49%,51%,29%,71%,#53 QS World University Rankings 2018,"1,303","9,251",https://www.topuniversities.com/node/294584
225,Delft University of Technology,Netherlands,701,"4,634",88%,12%,52%,48%,#54 QS World University Rankings 2018,"1,669","16,527",https://www.topuniversities.com/node/294502
226,Shanghai Jiao Tong University,China,887,"2,858",33%,67%,54%,46%,#62 QS World University Rankings 2018,"3,544","38,931",https://www.topuniversities.com/node/297378
227,,,,,,,,,#63 QS World University Rankings 2018,,,https://www.topuniversities.com/node/297628
228,,,,,,,,,#64 QS World University Rankings 2018,,,https://www.topuniversities.com/node/297262
229,University of Texas at Austin,United States,108,"4,744",62%,38%,22%,78%,#67 QS World University Rankings 2018,"2,833","47,995",https://www.topuniversities.com/node/297257
230,Georgia Institute of Technology,United States,75,"4,761",68%,32%,34%,66%,#70 QS World University Rankings 2018,"1,133","21,082",https://www.topuniversities.com/node/294349
231,"University of North Carolina, Chapel Hill",United States,524,"1,934",52%,48%,30%,70%,#80 QS World University Rankings 2018,"4,083","25,373",https://www.topuniversities.com/node/294836
232,Zhejiang University,China,"1,913","4,625",40%,60%,51%,49%,#87 QS World University Rankings 2018,"4,507","40,869",https://www.topuniversities.com/node/297123
233,"Trinity College Dublin, The University of Dublin",Ireland,544,"4,311",33%,67%,23%,77%,#88 QS World University Rankings 2018,"1,249","14,961",https://www.topuniversities.com/node/294491
234,Rice University,United States,316,"1,847",66%,34%,42%,58%,#89 QS World University Rankings 2018,969,"6,610",https://www.topuniversities.com/node/297437
235,Washington University in St. Louis,United States,784,"2,706",80%,20%,48%,52%,#100 QS World University Rankings 2018,"2,699","13,474",https://www.topuniversities.com/node/297193
236,University of Leeds,United Kingdom,870,"7,534",57%,43%,25%,75%,#101 QS World University Rankings 2018,"3,025","29,645",https://www.topuniversities.com/node/294081
237,Eindhoven University of Technology,Netherlands,322,"1,275",82%,18%,50%,50%,#104 QS World University Rankings 2018,801,"7,636",https://www.topuniversities.com/node/294476
238,Yonsei University,South Korea,290,"3,379",15%,85%,24%,76%,#106 QS World University Rankings 2018,"3,621","25,903",https://www.topuniversities.com/node/297129
239,Uppsala University,Sweden,584,"5,198",72%,28%,30%,70%,#112 QS World University Rankings 2018,"2,567","25,371",https://www.topuniversities.com/node/297218
240,"University of California, Davis",United States,549,"4,529",31%,69%,19%,81%,#118 QS World University Rankings 2018,"3,843","34,244",https://www.topuniversities.com/node/294571
241,Aarhus University,Denmark,602,"3,762",73%,27%,48%,52%,#119 QS World University Rankings 2018,"2,316","26,226",https://www.topuniversities.com/node/294648
242,Humboldt-Universität zu Berlin,Germany,407,"4,805",59%,41%,37%,63%,#120 QS World University Rankings 2018,"1,966","33,198",https://www.topuniversities.com/node/294252
243,Universidade de São Paulo,Brazil,279,"2,086",83%,17%,46%,54%,#121 QS World University Rankings 2018,"5,582","65,711",https://www.topuniversities.com/node/297422
244,Queen Mary University of London,United Kingdom,801,"6,806",41%,59%,25%,75%,#127 QS World University Rankings 2018,"1,885","16,135",https://www.topuniversities.com/node/294022
245,"University of Maryland, College Park",United States,473,"4,683",73%,27%,25%,75%,#129 QS World University Rankings 2018,"3,920","35,504",https://www.topuniversities.com/node/294867
246,University of Southern California,United States,551,"9,170",73%,27%,53%,47%,#132 QS World University Rankings 2018,"3,124","38,749",https://www.topuniversities.com/node/297286
247,"University of California, Santa Barbara (UCSB)",United States,267,"2,128",32%,68%,12%,88%,#134 QS World University Rankings 2018,"1,449","23,149",https://www.topuniversities.com/node/294565
248,The Hebrew University of Jerusalem,Israel,454,"1,034",60%,40%,43%,57%,#145 QS World University Rankings 2018,"2,249","16,531",https://www.topuniversities.com/node/294267
249,University of Lausanne,Switzerland,"1,031","3,337",59%,41%,47%,53%,#146 QS World University Rankings 2018,"2,173","13,435",https://www.topuniversities.com/node/294085
250,Université catholique de Louvain (UCL),Belgium,406,"4,468",53%,47%,51%,49%,#153 QS World University Rankings 2018,"1,219","24,277",https://www.topuniversities.com/node/294550
251,University of Vienna,Austria,"1,400","14,468",44%,56%,40%,60%,#154 QS World University Rankings 2018,"3,411","45,967",https://www.topuniversities.com/node/297209
252,École Normale Supérieure de Lyon,France,91,221,94%,6%,86%,14%,#157 QS World University Rankings 2018,382,"2,020",https://www.topuniversities.com/node/294483
253,University of Minnesota,United States,195,"6,542",39%,61%,24%,76%,#163 QS World University Rankings 2018,"4,919","59,742",https://www.topuniversities.com/node/294852
254,University of Bern,Switzerland,661,"1,618",81%,19%,51%,49%,#167 QS World University Rankings 2018,"1,172","10,758",https://www.topuniversities.com/node/294601
255,Albert-Ludwigs-Universitaet Freiburg,Germany,413,"3,897",51%,49%,43%,57%,#171 QS World University Rankings 2018,"1,966","23,214",https://www.topuniversities.com/node/294376
256,University of Florida,United States,504,"4,597",88%,12%,31%,69%,#178 QS World University Rankings 2018,"5,419","45,485",https://www.topuniversities.com/node/294394
257,University of Cape Town,South Africa,379,"3,325",30%,70%,18%,82%,#191 QS World University Rankings 2018,"1,733","19,593",https://www.topuniversities.com/node/294558
258,Maastricht University,Netherlands,502,"8,234",33%,67%,37%,63%,#200 QS World University Rankings 2018,"1,277","16,385",https://www.topuniversities.com/node/293985
259,Universidad de Chile,Chile,127,"2,134",50%,50%,21%,79%,#201 QS World University Rankings 2018,"2,256","38,848",https://www.topuniversities.com/node/294535
260,Queen's University Belfast,United Kingdom,767,"5,715",22%,78%,19%,81%,#202 QS World University Rankings 2018,"1,720","17,831",https://www.topuniversities.com/node/297461
261,Arizona State University,United States,588,"9,722",35%,65%,16%,84%,#209 QS World University Rankings 2018,"2,578","47,503",https://www.topuniversities.com/node/294631
262,Vanderbilt University,United States,470,"1,671",55%,45%,43%,57%,#212 QS World University Rankings 2018,"4,220","12,037",https://www.topuniversities.com/node/297212
263,Sapienza University of Rome,Italy,123,"7,650",47%,53%,50%,50%,#215 QS World University Rankings 2018,"3,381","108,229",https://www.topuniversities.com/node/297489
264,University of Notre Dame,United States,351,"1,176",66%,34%,30%,70%,#216 QS World University Rankings 2018,"1,170","12,054",https://www.topuniversities.com/node/294761
265,Sciences Po,France,341,"3,890",55%,45%,56%,44%,#220 QS World University Rankings 2018,"1,496","10,369",https://www.topuniversities.com/node/297573
266,National Cheng Kung University (NCKU),Taiwan,170,"2,432",38%,62%,42%,58%,#222 QS World University Rankings 2018,"2,000","21,088",https://www.topuniversities.com/node/294814
267,Georgetown University,United States,193,"2,770",70%,30%,55%,45%,#227 QS World University Rankings 2018,"1,859","15,690",https://www.topuniversities.com/node/294355
268,University Complutense Madrid,Spain,67,"9,697",29%,71%,17%,83%,#233 QS World University Rankings 2018,"4,647","72,654",https://www.topuniversities.com/node/294880
269,Rheinische Friedrich-Wilhelms-Universität Bonn,Germany,300,"4,522",53%,47%,29%,71%,#239 QS World University Rankings 2018,"3,670","35,619",https://www.topuniversities.com/node/294594
270,Université Paris-Sud,France,640,"4,421",68%,32%,47%,53%,#242 QS World University Rankings 2018,"3,754","26,945",https://www.topuniversities.com/node/297526
271,University of Massachusetts Amherst,United States,148,"1,921",54%,46%,15%,85%,#249 QS World University Rankings 2018,"1,654","25,111",https://www.topuniversities.com/node/294866
272,University of Miami,United States,77,"2,564",41%,59%,33%,67%,#252 QS World University Rankings 2018,"1,837","15,596",https://www.topuniversities.com/node/294859
273,North Carolina State University,United States,573,"4,120",66%,34%,24%,76%,#263 QS World University Rankings 2018,"2,562","27,748",https://www.topuniversities.com/node/294837
274,Université Paris 1 Panthéon-Sorbonne,France,143,"9,184",58%,42%,44%,56%,#269 QS World University Rankings 2018,"1,330","38,000",https://www.topuniversities.com/node/297554
275,University of East Anglia (UEA),United Kingdom,421,"3,604",45%,55%,23%,77%,#274 QS World University Rankings 2018,"1,409","13,899",https://www.topuniversities.com/node/297224
276,University of Turku,Finland,270,580,94%,6%,43%,57%,#276 QS World University Rankings 2018,"1,394","12,416",https://www.topuniversities.com/node/297227
277,Indiana University Bloomington,United States,766,"7,434",39%,61%,21%,79%,#304 QS World University Rankings 2018,"4,907","65,397",https://www.topuniversities.com/node/294235
278,Universidade Federal do Rio de Janeiro,Brazil,152,"1,184",59%,41%,24%,76%,#311 QS World University Rankings 2018,"3,988","55,109",https://www.topuniversities.com/node/297503
279,Kobe University,Japan,102,956,88%,12%,28%,72%,#351 QS World University Rankings 2018,"1,926","16,356",https://www.topuniversities.com/node/294136
280,La Trobe University,Australia,518,"8,071",39%,61%,20%,80%,#360 QS World University Rankings 2018,"1,253","24,600",https://www.topuniversities.com/node/294098
281,Universität Konstanz,Germany,223,"1,500",44%,54%,23%,78%,#385 QS World University Rankings 2018,"1,064","11,420",https://www.topuniversities.com/node/294127
282,Washington State University,United States,479,"1,899",46%,54%,15%,85%,#401-410 QS World University Rankings 2018,"1,977","26,853",https://www.topuniversities.com/node/297195
283,Ruhr-Universität Bochum,Germany,137,"5,821",41%,59%,32%,68%,#401-410 QS World University Rankings 2018,"1,100","42,427",https://www.topuniversities.com/node/297475
284,Vilnius University,Lithuania,84,484,79%,21%,37%,63%,#401-410 QS World University Rankings 2018,"2,003","15,756",https://www.topuniversities.com/node/297067
285,Kazakh National Research Technical University after K.I.Satpayev,Kazakhstan,27,256,8%,92%,14%,86%,#411-420 QS World University Rankings 2018,"2,084","11,325",https://www.topuniversities.com/node/295111
286,University of Warsaw,Poland,168,"2,712",53%,47%,48%,52%,#411-420 QS World University Rankings 2018,"3,522","42,844",https://www.topuniversities.com/node/297198
287,Aix-Marseille University,France,477,"9,206",50%,50%,37%,63%,#411-420 QS World University Rankings 2018,"3,930","66,007",https://www.topuniversities.com/node/294791
288,Universidad de Costa Rica,Costa Rica,,283,%,%,9%,97%,#411-420 QS World University Rankings 2018,"3,593","35,702",https://www.topuniversities.com/node/294681
289,Taras Shevchenko National University of Kyiv,Ukraine,17,755,26%,74%,30%,70%,#411-420 QS World University Rankings 2018,"2,951","23,354",https://www.topuniversities.com/node/294139
290,Brandeis University,United States,35,"1,400",48%,52%,32%,68%,#411-420 QS World University Rankings 2018,433,"5,328",https://www.topuniversities.com/node/294590
291,University of Delaware,United States,165,"2,400",56%,44%,15%,85%,#421-430 QS World University Rankings 2018,"1,146","21,258",https://www.topuniversities.com/node/294503
292,Swinburne University of Technology,Australia,360,"3,264",52%,48%,19%,81%,#421-430 QS World University Rankings 2018,821,"12,419",https://www.topuniversities.com/node/297071
293,University of Iowa,United States,114,"3,682",35%,65%,27%,73%,#421-430 QS World University Rankings 2018,"2,549","30,270",https://www.topuniversities.com/node/294215
294,Hitotsubashi University,Japan,60,745,70%,30%,31%,69%,#421-430 QS World University Rankings® 2014/15,543,"6,341",https://www.topuniversities.com/node/294259
295,University of Connecticut,United States,485,"2,797",65%,35%,26%,74%,#421-430 QS World University Rankings 2018,"2,290","24,607",https://www.topuniversities.com/node/294517
296,Pontificia Universidad Católica del Perú,Peru,51,569,91%,9%,24%,76%,#431-440 QS World University Rankings 2018,"1,522","22,370",https://www.topuniversities.com/node/294548
297,Bangor University,United Kingdom,116,"2,054",46%,54%,17%,83%,#441-450 QS World University Rankings 2018,567,"8,849",https://www.topuniversities.com/node/294614
298,Université Paris Descartes,France,139,"3,611",49%,51%,17%,35%,#441-450 QS World University Rankings 2018,"1,883","40,616",https://www.topuniversities.com/node/297544
299,Sogang University,South Korea,60,672,35%,65%,23%,77%,#441-450 QS World University Rankings 2018,957,"9,596",https://www.topuniversities.com/node/297290
300,Tulane University,United States,136,"1,243",80%,20%,38%,62%,#451-460 QS World University Rankings 2018,"1,561","10,995",https://www.topuniversities.com/node/297230
301,University of Saskatchewan,Canada,352,"3,034",45%,55%,18%,82%,#451-460 QS World University Rankings 2018,"1,408","16,124",https://www.topuniversities.com/node/296893
302,"The University of Tennessee, Knoxville",United States,64,"1,001",62%,38%,19%,81%,#451-460 QS World University Rankings 2018,"1,819","25,907",https://www.topuniversities.com/node/297258
303,University of New Mexico,United States,145,903,69%,31%,20%,80%,#461-470 QS World University Rankings 2018,"2,219","21,521",https://www.topuniversities.com/node/294790
304,University of Florence,Italy,137,"3,897",40%,60%,44%,56%,#461-470 QS World University Rankings 2018,"3,195","53,016",https://www.topuniversities.com/node/294412
305,Jagiellonian University,Poland,91,"2,506",65%,35%,57%,43%,#461-470 QS World University Rankings 2018,"3,901","41,492",https://www.topuniversities.com/node/294196
306,Universidad de Zaragoza,Spain,77,"2,070",21%,79%,12%,88%,#461-470 QS World University Rankings 2018,"3,833","30,168",https://www.topuniversities.com/node/297124
307,"University of Rome ""Tor Vergata""",Italy,89,"3,790",38%,59%,14%,86%,#461-470 QS World University Rankings 2018,"1,694","36,930",https://www.topuniversities.com/node/297487
308,Johannes Kepler University Linz,Austria,166,602,53%,47%,55%,45%,#471-480 QS World University Rankings 2018,680,"5,589",https://www.topuniversities.com/node/294049
309,American University,United States,46,"1,588",50%,50%,39%,61%,#471-480 QS World University Rankings 2018,"1,026","12,313",https://www.topuniversities.com/node/294637
310,Cairo University,Egypt,138,"8,371",20%,80%,5%,95%,#481-490 QS World University Rankings 2018,"11,873","183,830",https://www.topuniversities.com/node/294576
311,Kazakh National Pedagogical University named after Abay,Kazakhstan,138,483,42%,58%,18%,82%,#491-500 QS World University Rankings 2018,"1,408","8,508",https://www.topuniversities.com/node/293628
312,Chiba University,Japan,86,634,70%,30%,24%,76%,#501-550 QS World University Rankings 2018,"1,947","13,903",https://www.topuniversities.com/node/294537
313,Clark University,United States,16,822,62%,38%,31%,69%,#501-550 QS World University Rankings 2018,299,"3,239",https://www.topuniversities.com/node/297558
314,University of Cincinnati,United States,96,"2,733",63%,37%,25%,75%,#501-550 QS World University Rankings 2018,"2,415","29,306",https://www.topuniversities.com/node/294528
315,City University of New York,United States,398,"7,421",24%,76%,12%,88%,#501-550 QS World University Rankings 2018,"8,139","128,410",https://www.topuniversities.com/node/294508
316,University of Bordeaux,France,333,"4,607",64%,36%,46%,54%,#501-550 QS World University Rankings 2018,"2,833","47,235",https://www.topuniversities.com/node/296634
317,Syracuse University,United States,71,"3,972",54%,46%,26%,74%,#501-550 QS World University Rankings 2018,"1,346","20,092",https://www.topuniversities.com/node/297591
318,Drexel University,United States,308,"3,846",32%,68%,31%,69%,#501-550 QS World University Rankings 2018,"1,995","21,892",https://www.topuniversities.com/node/294495
319,University of Pretoria,South Africa,258,"4,211",48%,52%,19%,81%,#501-550 QS World University Rankings 2018,"1,625","43,971",https://www.topuniversities.com/node/297493
320,Pontifícia Universidade Católica do Rio de Janeiro,Brazil,62,678,46%,54%,17%,83%,#501-550 QS World University Rankings 2018,753,"15,425",https://www.topuniversities.com/node/297502
321,Aristotle University of Thessaloniki,Greece,11,"4,387",11%,89%,18%,82%,#501-550 QS World University Rankings 2018,"1,848","45,712",https://www.topuniversities.com/node/294652
322,Auezov South Kazakhstan State University (SKSU),Kazakhstan,217,"1,007",11%,89%,6%,94%,#501-550 QS World University Rankings 2018,"2,299","13,938",https://www.topuniversities.com/node/295113
323,Osaka City University,Japan,33,337,72%,28%,21%,79%,#551-600 QS World University Rankings 2018,982,"8,313",https://www.topuniversities.com/node/297633
324,Kumamoto University,Japan,60,393,85%,15%,21%,79%,#551-600 QS World University Rankings 2018,"1,315","10,235",https://www.topuniversities.com/node/294119
325,Masaryk University,Czech Republic,147,"6,577",58%,42%,52%,48%,#551-600 QS World University Rankings 2018,"1,655","28,860",https://www.topuniversities.com/node/297103
326,University of Bayreuth,Germany,127,"1,028",77%,23%,50%,50%,#551-600 QS World University Rankings 2018,830,"12,758",https://www.topuniversities.com/node/294607
327,Southern Federal University,Russia,27,"1,418",17%,83%,32%,68%,#551-600 QS World University Rankings 2018,"2,900","18,360",https://www.topuniversities.com/node/295118
328,University of Turin,Italy,149,"4,267",38%,62%,42%,58%,#551-600 QS World University Rankings 2018,"2,679","62,026",https://www.topuniversities.com/node/297229
329,College of William & Mary,United States,45,689,45%,55%,24%,76%,#551-600 QS World University Rankings 2018,761,"8,193",https://www.topuniversities.com/node/294524
330,University of Tampere,Finland,57,458,93%,7%,47%,53%,#551-600 QS World University Rankings 2018,663,"9,451",https://www.topuniversities.com/node/297269
331,University of Oregon,United States,60,"2,890",14%,86%,14%,86%,#551-600 QS World University Rankings 2018,"1,772","22,102",https://www.topuniversities.com/node/297643
332,Universidad Iberoamericana (UIA),Mexico,,,,,9%,91%,#601-650 QS World University Rankings 2018,914,"12,047",https://www.topuniversities.com/node/294249
333,Universidad Anahuac,Mexico,123,267,25%,75%,17%,83%,#601-650 QS World University Rankings 2018,"1,171","12,063",https://www.topuniversities.com/node/294636
334,University of Bradford,United Kingdom,119,"2,513",30%,70%,15%,85%,#601-650 QS World University Rankings 2018,595,"9,160",https://www.topuniversities.com/node/294591
335,The New School,United States,42,"3,159",34%,66%,31%,69%,#601-650 QS World University Rankings 2018,"1,009","9,047",https://www.topuniversities.com/node/297650
336,Universität Duisburg-Essen,Germany,181,"7,636",44%,56%,34%,66%,#601-650 QS World University Rankings 2018,"1,730","40,979",https://www.topuniversities.com/node/294436
337,Universidade de Santiago de Compostela,Spain,18,"1,154",60%,40%,18%,82%,#601-650 QS World University Rankings 2018,"1,723","24,681",https://www.topuniversities.com/node/297434
338,"University of Missouri, Columbia",United States,214,"1,996",57%,43%,18%,82%,#601-650 QS World University Rankings 2018,"2,473","32,257",https://www.topuniversities.com/node/294851
339,Ulster University,United Kingdom,450,"1,605",45%,55%,14%,86%,#601-650 QS World University Rankings 2018,"1,119","19,040",https://www.topuniversities.com/node/296383
340,Tallinn University of Technology,Estonia,106,"1,369",53%,47%,46%,54%,#601-650 QS World University Rankings 2018,848,"10,500",https://www.topuniversities.com/node/297270
341,Dublin Institute of Technology,Ireland,194,"2,620",25%,75%,12%,88%,#651-700 QS World University Rankings 2018,911,"14,734",https://www.topuniversities.com/node/294493
342,National and Kapodistrian University of Athens,Greece,19,"5,834",5%,95%,39%,61%,#651-700 QS World University Rankings 2018,"1,758","65,252",https://www.topuniversities.com/node/294623
343,Universidad Adolfo Ibàñez,Chile,55,381,30%,70%,17%,83%,#651-700 QS World University Rankings 2018,330,"10,472",https://www.topuniversities.com/node/294642
344,Universidad de Concepción,Chile,119,279,77%,23%,7%,93%,#651-700 QS World University Rankings 2018,"1,544","27,696",https://www.topuniversities.com/node/296834
345,Kuwait University,Kuwait,406,"5,038",5%,95%,3%,97%,#651-700 QS World University Rankings 2018,"1,747","37,095",https://www.topuniversities.com/node/293341
346,Gifu University,Japan,25,284,79%,21%,22%,78%,#651-700 QS World University Rankings 2018,904,"7,323",https://www.topuniversities.com/node/294325
347,Instituto Tecnológico Autónomo de México (ITAM),Mexico,68,231,35%,65%,12%,88%,#651-700 QS World University Rankings 2018,329,"5,688",https://www.topuniversities.com/node/297635
348,Louisiana State University,United States,84,"1,645",66%,34%,16%,84%,#651-700 QS World University Rankings 2018,"1,447","28,730",https://www.topuniversities.com/node/294004
349,Carleton University,Canada,134,"4,389",21%,79%,14%,86%,#651-700 QS World University Rankings 2018,"1,124","25,479",https://www.topuniversities.com/node/294556
350,Universidad Torcuato Di Tella,Argentina,9,116,15%,85%,26%,74%,#651-700 QS World University Rankings 2018,155,"1,957",https://www.topuniversities.com/node/297243
351,University of Ljubljana,Slovenia,73,"2,113",50%,45%,39%,61%,#651-700 QS World University Rankings 2018,"3,629","40,432",https://www.topuniversities.com/node/294040
352,Khazar University,Azerbaijan,49,316,34%,66%,13%,87%,#701-750 QS World University Rankings 2018,216,"2,333",https://www.topuniversities.com/node/293590
353,University of Denver,United States,26,821,43%,57%,42%,58%,#701-750 QS World University Rankings 2018,907,"9,536",https://www.topuniversities.com/node/294500
354,De La Salle University,Philippines,8,452,22%,78%,22%,78%,#701-750 QS World University Rankings 2018,926,"15,653",https://www.topuniversities.com/node/294504
355,International Islamic University Malaysia (IIUM),Malaysia,290,"5,115",51%,49%,20%,80%,#701-750 QS World University Rankings 2018,"1,673","24,525",https://www.topuniversities.com/node/297111
356,University of Bucharest,Romania,9,801,20%,80%,32%,68%,#701-750 QS World University Rankings 2018,"1,745","29,272",https://www.topuniversities.com/node/294579
357,University of Trieste,Italy,59,"1,358",46%,54%,43%,57%,#701-750 QS World University Rankings 2018,"1,340","15,728",https://www.topuniversities.com/node/297237
358,Universidad Nacional de Córdoba - UNC,Argentina,20,"1,946",12%,88%,3%,97%,#701-750 QS World University Rankings 2018,"4,981","105,668",https://www.topuniversities.com/node/296826
359,Airlangga University,Indonesia,21,337,10%,90%,24%,76%,#701-750 QS World University Rankings 2018,"2,194","32,246",https://www.topuniversities.com/node/294643
360,London Metropolitan University,United Kingdom,129,"3,882",15%,85%,16%,84%,#701-750 QS World University Rankings 2018,545,"9,507",https://www.topuniversities.com/node/294025
361,Ca' Foscari University of Venice,Italy,75,"1,123",37%,63%,32%,68%,#701-750 QS World University Rankings 2018,546,"21,387",https://www.topuniversities.com/node/297066
362,Plymouth University,United Kingdom,249,"2,447",27%,73%,9%,91%,#701-750 QS World University Rankings 2018,"1,300","18,235",https://www.topuniversities.com/node/297557
363,University of Dhaka,Bangladesh,20,116,50%,50%,20%,80%,#701-750 QS World University Rankings 2018,"1,992","32,320",https://www.topuniversities.com/node/294499
364,Universidade Federal de Santa Catarina,Brazil,74,581,65%,35%,35%,65%,#751-800 QS World University Rankings 2018,"2,254","39,006",https://www.topuniversities.com/node/293554
365,Universidad Diego Portales (UDP),Chile,102,461,34%,66%,13%,87%,#751-800 QS World University Rankings 2018,"1,198","17,085",https://www.topuniversities.com/node/294498
366,Universidad de La Sabana,Colombia,30,239,11%,89%,19%,81%,#751-800 QS World University Rankings 2018,691,"10,680",https://www.topuniversities.com/node/294100
367,Universidad Autónoma Metropolitana (UAM),Mexico,195,269,76%,24%,7%,93%,#751-800 QS World University Rankings 2018,"2,871","57,742",https://www.topuniversities.com/node/293412
368,Loyola University Chicago,United States,54,883,48%,52%,31%,69%,#751-800 QS World University Rankings 2018,"1,221","14,249",https://www.topuniversities.com/node/294002
369,Università degli Studi di Perugia,Italy,55,"1,258",38%,62%,44%,56%,#751-800 QS World University Rankings 2018,"1,053","23,732",https://www.topuniversities.com/node/297567
370,University of Colombo,Sri Lanka,,164,50%,50%,28%,72%,#751-800 QS World University Rankings 2018,"1,000","16,433",https://www.topuniversities.com/node/294522
371,Georgia State University,United States,61,"1,495",72%,28%,22%,78%,#751-800 QS World University Rankings 2018,"1,485","26,264",https://www.topuniversities.com/node/294343
372,Yokohama National University,Japan,47,695,71%,29%,25%,75%,#751-800 QS World University Rankings 2018,827,"9,884",https://www.topuniversities.com/node/297174
373,University of Salford,United Kingdom,110,"4,286",35%,65%,16%,84%,#751-800 QS World University Rankings 2018,985,"16,650",https://www.topuniversities.com/node/297473
374,Doshisha University,Japan,141,"1,109",44%,56%,8%,92%,#801-1000 QS World University Rankings 2018,"1,433","29,166",https://www.topuniversities.com/node/294496
375,University of Belgrade,Serbia,98,"4,604",45%,55%,31%,69%,#801-1000 QS World University Rankings 2018,"3,356","101,607",https://www.topuniversities.com/node/295204
376,Manchester Metropolitan University,United Kingdom,240,"4,022",20%,80%,12%,88%,#801-1000 QS World University Rankings 2018,"1,845","27,865",https://www.topuniversities.com/node/297540
377,Universidade Federal do Ceará (UFC),Brazil,11,151,57%,43%,16%,84%,#801-1000 QS World University Rankings 2018,"2,109","29,338",https://www.topuniversities.com/node/296870
378,Savitribai Phule Pune University,India,,146,100%,%,98%,2%,#801-1000 QS World University Rankings 2018,571,"5,401",https://www.topuniversities.com/node/297488
379,George Mason University,United States,81,"2,090",54%,46%,25%,75%,#801-1000 QS World University Rankings 2018,"1,833","25,984",https://www.topuniversities.com/node/297427
380,Universidad de Valparaíso (UV),Chile,33,49,37%,63%,7%,93%,#801-1000 QS World University Rankings 2018,899,"15,343",https://www.topuniversities.com/node/293464
381,Prince of Songkla University,Thailand,99,324,50%,50%,8%,92%,#801-1000 QS World University Rankings 2018,"2,335","41,715",https://www.topuniversities.com/node/297491
382,Université de Cergy-Pontoise,France,120,"2,286",52%,48%,45%,55%,#801-1000 QS World University Rankings 2018,973,"18,345",https://www.topuniversities.com/node/294780
383,Kent State University,United States,127,"2,586",52%,48%,19%,81%,#801-1000 QS World University Rankings 2018,"1,229","24,858",https://www.topuniversities.com/node/295215
384,Université Charles-de-Gaulle Lille 3,,168,"1,179",46%,54%,23%,77%,#801-1000 QS World University Rankings 2018,823,"18,067",https://www.topuniversities.com/node/294057
385,Kazakh Ablai Khan University of International Relations and World Languages,Kazakhstan,30,140,7%,93%,8%,92%,#801-1000 QS World University Rankings 2018,459,"5,036",https://www.topuniversities.com/node/293740
386,Khon Kaen University,Thailand,114,"1,022",34%,66%,24%,76%,#801-1000 QS World University Rankings 2018,"1,945","33,194",https://www.topuniversities.com/node/294143
387,Fu Jen Catholic University,Taiwan,50,"1,743",31%,69%,14%,86%,#801-1000 QS World University Rankings 2018,"1,483","23,153",https://www.topuniversities.com/node/294370
388,Athens University of Economics and Business,Greece,2,427,11%,89%,15%,85%,#801-1000 QS World University Rankings 2018,262,"9,959",https://www.topuniversities.com/node/294622
389,Auburn University,United States,67,"1,753",58%,42%,16%,84%,#801-1000 QS World University Rankings 2018,"1,323","25,151",https://www.topuniversities.com/node/294776
390,University of San Francisco,United States,17,"1,710",26%,74%,35%,65%,#801-1000 QS World University Rankings 2018,734,"10,041",https://www.topuniversities.com/node/297118
391,Universität Rostock,Germany,,895,%,%,70%,34%,#801-1000 QS World University Rankings 2018,"1,341","13,615",https://www.topuniversities.com/node/296569
392,Ritsumeikan University,Japan,353,"1,856",38%,62%,8%,92%,#801-1000 QS World University Rankings 2018,"2,552","35,529",https://www.topuniversities.com/node/297500
393,Diponegoro University,Indonesia,75,173,63%,37%,22%,78%,#801-1000 QS World University Rankings 2018,"2,038","43,941",https://www.topuniversities.com/node/294276
394,University of Siena,Italy,20,"1,114",57%,43%,51%,49%,#801-1000 QS World University Rankings 2018,812,"17,237",https://www.topuniversities.com/node/297347
395,Corvinus University of Budapest,Hungary,21,"1,346",25%,94%,33%,101%,#801-1000 QS World University Rankings 2018,426,"9,627",https://www.topuniversities.com/node/297408
396,Saitama University,Japan,50,423,67%,33%,16%,84%,#801-1000 QS World University Rankings 2018,649,"8,602",https://www.topuniversities.com/node/297476
397,Foothill and De Anza Colleges,United States,,,,,,,,,,https://www.topuniversities.com/node/296127
398,Fundación Universidad de Bogotá Jorge Tadeo Lozano,Colombia,19,38,39%,61%,16%,84%,,596,"10,009",https://www.topuniversities.com/node/293369
399,Tomsk State University of Control Systems and Radioelectronics,Russia,8,"1,286",20%,80%,28%,72%,,546,"5,635",https://www.topuniversities.com/node/296060
400,Holland Education Consortium,Netherlands,,,,,,,,,,https://www.topuniversities.com/node/297091
401,University of Idaho,United States,,,,,,,,,,https://www.topuniversities.com/node/294739
402,Karaganda State Technical University,Kazakhstan,17,635,29%,71%,7%,93%,,705,"6,938",https://www.topuniversities.com/node/293626
403,Università degli Studi di Salerno,Italy,,,,,,,,,,https://www.topuniversities.com/node/294881
404,Central European University,Hungary,184,924,98%,2%,98%,2%,,290,"1,213",https://www.topuniversities.com/node/294544
405,Federal state-financed academic institution of higher education N.P.Ogarev Mordovia State University,Russia,4,738,77%,23%,46%,54%,,"1,712","11,543",https://www.topuniversities.com/node/296043
406,Presidio Graduate School,United States,,,,,,,,,,https://www.topuniversities.com/node/295956
407,Tezpur University,India,,,,,,,,,,https://www.topuniversities.com/node/295532
408,Fundació Universitat Oberta de Catalunya,Spain,,,,,,,,,,https://www.topuniversities.com/node/294728
409,Irkutsk State Technical University,Russia,1,763,14%,86%,7%,93%,,"1,070","19,307",https://www.topuniversities.com/node/295996
410,IACA - International Anti-Corruption Academy,Austria,,,,,,,,,,https://www.topuniversities.com/node/351556
411,Sawyer Business School-USA,United States,,,,,,,,,,https://www.topuniversities.com/node/295423
412,National Dong Hwa University,Taiwan,12,21,96%,4%,36%,64%,,500,"9,342",https://www.topuniversities.com/node/294961
413,Kyiv National University of Trade and Economics,Ukraine,,,,,,,,,,https://www.topuniversities.com/node/293749
414,University of Macedonia,Greece,,,,,,,,,,https://www.topuniversities.com/node/295099
415,Northern (Arctic) Federal University named after M.V. Lomonosov,Russia,28,344,17%,83%,18%,82%,,"1,202","10,473",https://www.topuniversities.com/node/296997
416,"University of Economics in Bratislava, Slovakia",Slovakia,9,98,60%,40%,40%,60%,,612,"8,000",https://www.topuniversities.com/node/293819
417,CALDO Consoritum,Canada,,,,,,,,,,https://www.topuniversities.com/node/295980
418,Russian State University for the Humanities,Russia,8,468,29%,71%,20%,80%,,442,"9,165",https://www.topuniversities.com/node/296016
419,Pontificia Universidad Católica Madre y Maestra (PUCMM),Dominican Republic,79,"1,187",5%,95%,19%,81%,,701,"14,215",https://www.topuniversities.com/node/293376
420,ADA University,Azerbaijan,19,104,38%,63%,14%,86%,,76,"1,120",https://www.topuniversities.com/node/294183
421,Kangwon National University,South Korea,4,592,50%,50%,10%,90%,,"1,403","23,401",https://www.topuniversities.com/node/296742
422,"COLLEGE OF ARTS, CELTIC STUDIES & SOCIAL SCIENCES",Ireland,,,,,,,,,,https://www.topuniversities.com/node/296088
423,Leiden University College The Hague (LUC The Hague),Netherlands,,,,,,,,,,https://www.topuniversities.com/node/293798
424,École Supérieure d'Informatique du CESI (exia.cesi),France,,,,,,,,,,https://www.topuniversities.com/node/293237
425,Université de Tunis El Manar,Tunisia,7,360,51%,49%,29%,71%,,"2,247","35,400",https://www.topuniversities.com/node/293352
426,Hebron University,Palestinian Territory,3,,,,4%,96%,,298,"7,176",https://www.topuniversities.com/node/295312
427,WMG - Warwick Manufacturing Group,United Kingdom,,,,,,,,,,https://www.topuniversities.com/node/296181
428,Swiss Graduate School of Public Administration (IDHEAP),Switzerland,,,,,,,,,,https://www.topuniversities.com/node/296117
429,Palacký University in Olomouc,,183,"1,811",23%,77%,28%,72%,,"1,511","17,968",https://www.topuniversities.com/node/295889
430,UNIVERSIDAD DE HUELVA,Spain,,,,,,,,,,https://www.topuniversities.com/node/295080
431,Tomsk State University of Architecture and Building,Russia,,,,,,,,,,https://www.topuniversities.com/node/295683
432,Pepperdine University School of Public Policy,United States,,,,,,,,,,https://www.topuniversities.com/node/296289
433,Rostov State University of Economics,Russia,,,,,,,,,,https://www.topuniversities.com/node/295646
434,Rochester Institute of Technology (RIT),United States,,,,,,,,,,https://www.topuniversities.com/node/295201
435,The Bucharest University of Economic Studies,Romania,10,648,29%,71%,32%,68%,,818,"21,644",https://www.topuniversities.com/node/295659
436,Webster University - Thailand,Thailand,,,,,,,,,,https://www.topuniversities.com/node/293856
437,International University of Japan,Japan,,,,,,,,,,https://www.topuniversities.com/node/294193
438,Universidade Federal de Lavras,Brazil,80,355,28%,72%,22%,78%,,677,"9,752",https://www.topuniversities.com/node/293550
439,Altai State University,Russia,19,719,23%,77%,25%,75%,,"1,034","7,882",https://www.topuniversities.com/node/296470
440,Universitat Abat Oliba CEU,Spain,,,,,,,,,,https://www.topuniversities.com/node/295653
441,Suffolk University,United States,,,,,,,,,,https://www.topuniversities.com/node/297003
442,The Russian Foreign Trade Academy of the Ministry for Economic Development of the Russian Federation,Russia,,,,,,,,,,https://www.topuniversities.com/node/295944
443,"Rutgers, The State University of New Jersey, Camden",United States,,,,,,,,,,https://www.topuniversities.com/node/296028
444,Monterey Institute of International Studies,United States,,,,,,,,,,https://www.topuniversities.com/node/294847
445,"Alliance School of Business, Alliance University",India,,,,,,,,,,https://www.topuniversities.com/node/295435
446,Parsons School of Design at The New School,United States,,,,,,,,,,https://www.topuniversities.com/node/293910
447,Escuela Superior Politécnica del Litoral (ESPOL),Ecuador,46,33,6%,94%,4%,96%,,491,"10,478",https://www.topuniversities.com/node/293366
448,Shanghai International Studies University,China,140,"1,079",21%,79%,33%,67%,,"1,118","10,188",https://www.topuniversities.com/node/294995
449,American University in the Emirates,United Arab Emirates,114,709,7%,93%,9%,91%,,115,"2,444",https://www.topuniversities.com/node/295635
450,University of Tyumen,Russia,4,249,42%,58%,23%,77%,,829,"12,408",https://www.topuniversities.com/node/294174
451,University of Nicosia,Cyprus,,,,,,,,,,https://www.topuniversities.com/node/295969
452,Kazakh American Free University,Kazakhstan,,,,,,,,,,https://www.topuniversities.com/node/346668
453,Nova Southeastern University,United States,,,,,,,,,,https://www.topuniversities.com/node/294751
454,Paris School of Economics,France,,,,,,,,,,https://www.topuniversities.com/node/294102
455,Volga State University of Technology,Russia,,,,,,,,,,https://www.topuniversities.com/node/295792
456,"Moscow State University of Economics, Statistics and Informatics (MESI)",Russia,,,,,,,,,,https://www.topuniversities.com/node/296114
457,Camosun College,Canada,,,,,,,,,,https://www.topuniversities.com/node/295270
458,University of Management and Technology,Pakistan,,,,,,,,,,https://www.topuniversities.com/node/296142
459,University of Shanghai for Science and Technology,,,,,,,,,,,https://www.topuniversities.com/node/333162
460,Neapolis University Pafos,Cyprus,,,,,,,,,,https://www.topuniversities.com/node/295417
461,Jönköping University,Sweden,,,,,,,,,,https://www.topuniversities.com/node/293891
462,Azerbaijan State University of Economics,Azerbaijan,13,167,16%,84%,17%,83%,,923,"14,692",https://www.topuniversities.com/node/294114
463,George Mason School of Public Policy,United States,,,,,,,,,,https://www.topuniversities.com/node/296193
464,"École Supérieure de Commerce, ESC Saint-Etienne",France,,,,,,,,,,https://www.topuniversities.com/node/293232
465,Universidad de Holguín Oscar Lucero Moya,Cuba,,27,0%,0%,0%,0%,,"1,205","11,671",https://www.topuniversities.com/node/293441
466,Universidade de Caxias do Sul,Brazil,82,169,0%,100%,8%,92%,,746,"24,506",https://www.topuniversities.com/node/293521
467,Tamkang University,Taiwan,58,"1,613",9%,91%,14%,86%,,"1,026","27,060",https://www.topuniversities.com/node/294958
468,IESB,Brazil,,,,,,,,,,https://www.topuniversities.com/node/295487
469,Yasar University,Turkey,,,,,,,,,,https://www.topuniversities.com/node/295666
470,Silpakorn University,Thailand,52,46,59%,41%,10%,90%,,"1,216","24,209",https://www.topuniversities.com/node/294716
471,Indian School of Business,India,,,,,,,,,,https://www.topuniversities.com/node/295633
472,Universidade do Estado de Minas Gerais,Brazil,,,,,4%,96%,,774,"18,407",https://www.topuniversities.com/node/295988
473,Universidad Alberto Hurtado,,,,,,,,,,,https://www.topuniversities.com/node/296252
474,The National University of Ostroh Academy,Ukraine,15,19,79%,21%,17%,83%,,321,"2,160",https://www.topuniversities.com/node/293895
475,Across the Pond - Study in Britain,United States,,,,,,,,,,https://www.topuniversities.com/node/293654
476,University of Sarajevo,Bosnia and Herzegovina,156,960,0%,0%,20%,80%,,"1,626","25,646",https://www.topuniversities.com/node/293747
477,University of Kent in Brussels (Brussels School of International Studies),Belgium,,,,,,,,,,https://www.topuniversities.com/node/295962
478,The Catholic University of America,United States,,,,,,,,,,https://www.topuniversities.com/node/295823
479,The American University of Rome,Italy,,,,,,,,,,https://www.topuniversities.com/node/295681
480,UNIVERSIDADE ESTACIO DE SÁ,Brazil,,,,,,,,,,https://www.topuniversities.com/node/295403
481,Russian-Armenian (Slavonic) University,Armenia,8,664,22%,78%,24%,76%,,237,"2,600",https://www.topuniversities.com/node/295432
482,Claremont Graduate University,United States,,,,,,,,,,https://www.topuniversities.com/node/294526
483,Luiss Guido Carli University,Italy,,,,,,,,,,https://www.topuniversities.com/node/297060
484,"State Higher Educational Establishment ""National Mining University""",Ukraine,62,205,13%,87%,18%,82%,,895,"9,905",https://www.topuniversities.com/node/294396
485,Institute of International Education,Hungary,,,,,,,,,,https://www.topuniversities.com/node/349986
486,Business School Lausanne,Switzerland,,,,,,,,,,https://www.topuniversities.com/node/294580
487,Escuela Europea de Negocios,Spain,,,,,,,,,,https://www.topuniversities.com/node/296052
488,"Lee Kuan Yew School of Public Policy, National University of Singapore",Singapore,,,,,,,,,,https://www.topuniversities.com/node/295410
489,Wuhan University of Technology,China,45,"1,299",48%,52%,25%,75%,,"3,345","50,721",https://www.topuniversities.com/node/296816
490,Scuola Superiore Sant'Anna Pisa di Studi Universitari e di Perfezionamento,Italy,1,135,100%,%,76%,24%,,119,789,https://www.topuniversities.com/node/297078
491,Roosevelt University,United States,,,,,,,,,,https://www.topuniversities.com/node/295791
492,Florida Gulf Coast University,United States,,,,,,,,,,https://www.topuniversities.com/node/293143
493,Polzunov Altai State Technical University,Russia,4,445,9%,91%,26%,74%,,791,"9,211",https://www.topuniversities.com/node/295658
494,Ural Institute of Presidential Academy,Russia,,,,,,,,,,https://www.topuniversities.com/node/296006
495,ISCTE - University Institute of Lisbon,Portugal,,,,,,,,,,https://www.topuniversities.com/node/293665
496,Instituto Superior de Economia y Administración de Empresas,El Salvador,,,,,,,,,,https://www.topuniversities.com/node/293707
497,"ENSCBP, Bordeaux",France,,,,,,,,,,https://www.topuniversities.com/node/293246
498,Boston University Brussels,Belgium,,,,,,,,,,https://www.topuniversities.com/node/293640
499,KIMEP University,Kazakhstan,,,,,,,,,,https://www.topuniversities.com/node/295114
500,UNIVERSIDAD POR LA PAZ,Costa Rica,,,,,,,,,,https://www.topuniversities.com/node/295283
501,Universidad Especializada de las Americas UDELAS,Panama,,,,,,,,,,https://www.topuniversities.com/node/295519
502,Narxoz University,Kazakhstan,,,,,,,,,,https://www.topuniversities.com/node/293793
503,Universidad Alberto Hurtado,Chile,,,,,10%,90%,,359,"5,103",https://www.topuniversities.com/node/297112
504,Petrozavodsk State University,Russia,34,175,65%,35%,28%,72%,,659,"9,038",https://www.topuniversities.com/node/296474
505,Shenzhen University,China,67,857,2%,98%,14%,86%,,"3,016","39,695",https://www.topuniversities.com/node/293144
506,Sriwijaya University,Indonesia,,64,13%,88%,10%,90%,,"1,133","27,553",https://www.topuniversities.com/node/296938
507,Universidad Autónoma de Santo Domingo (UASD),Dominican Republic,,409,0%,0%,0%,100%,,"1,184","151,974",https://www.topuniversities.com/node/293404
508,Universidad Privada Dr. Rafael Belloso Chacín,Venezuela,28,"1,816",97%,3%,15%,85%,,644,"31,277",https://www.topuniversities.com/node/293414
509,American University of Paris (AUP),France,,,,,,,,,,https://www.topuniversities.com/node/294691
510,Yeditepe University,Turkey,,,,,,,,,,https://www.topuniversities.com/node/350518
511,Reshetnev Siberian State Aerospace University,Russia,4,221,48%,52%,34%,66%,,535,"8,134",https://www.topuniversities.com/node/295854
512,Universität Kassel,Germany,,,,,,,,,,https://www.topuniversities.com/node/296580
513,Vistula University,Poland,13,512,0%,85%,0%,0%,,236,"3,138",https://www.topuniversities.com/node/296056
514,Facultad de Economía y Negocios Universidad de Chile,Chile,,,,,,,,,,https://www.topuniversities.com/node/293127
515,Zaragoza Logistic Center,Spain,,,,,,,,,,https://www.topuniversities.com/node/297106
516,"Masagung Graduate School of Management, University of San Francisco",United States,,,,,,,,,,https://www.topuniversities.com/node/293129
517,Peter F. Drucker Graduate School,United States,,,,,,,,,,https://www.topuniversities.com/node/295935
518,Archimedes Foundation / Study in Estonia,Estonia,,,,,,,,,,https://www.topuniversities.com/node/295987
519,ParisTech,France,,,,,,,,,,https://www.topuniversities.com/node/293794
520,Regis University,United States,,,,,,,,,,https://www.topuniversities.com/node/297450
521,Università degli studi Guglielmo Marconi,Italy,,,,,,,,,,https://www.topuniversities.com/node/296920
522,Universidad CEU San Pablo,Spain,,,,,,,,,,https://www.topuniversities.com/node/294542
523,Shahid Beheshti University (SBU),Iran,7,214,57%,43%,57%,43%,,856,"16,791",https://www.topuniversities.com/node/296802
524,Almaty Management University,Kazakhstan,,,,,,,,,,https://www.topuniversities.com/node/293879
525,École Nationale Supérieure en Génie des Systèmes Industriels (ENSGSI),France,,,,,,,,,,https://www.topuniversities.com/node/293224
526,Oklahoma City University,United States,,,,,,,,,,https://www.topuniversities.com/node/296086
527,Emerson College,United States,,,,,,,,,,https://www.topuniversities.com/node/294473
528,Brunel Business School,United Kingdom,,,,,,,,,,https://www.topuniversities.com/node/296160
529,St. John's University,United States,,,,,,,,,,https://www.topuniversities.com/node/295826
530,Moscow State University of Education,Russia,,,,,,,,,,https://www.topuniversities.com/node/295454
531,Hertie School of Governance,Germany,,,,,,,,,,https://www.topuniversities.com/node/294262
532,Thunderbird School of Global Management,United States,,,,,,,,,,https://www.topuniversities.com/node/293638
533,Ball State University,United States,,,,,,,,,,https://www.topuniversities.com/node/297372
534,Universiti Brunei Darussalam (UBD),Brunei,251,618,59%,41%,16%,84%,,495,"2,993",https://www.topuniversities.com/node/295818
535,Tallinn University,Estonia,32,557,0%,0%,32%,68%,,398,"7,579",https://www.topuniversities.com/node/293796
536,Universidad de los Andes - Chile,Chile,34,176,28%,72%,20%,80%,,800,"9,284",https://www.topuniversities.com/node/293446
537,Pepperdine University,United States,,,,,,,,,,https://www.topuniversities.com/node/297568
538,State University of New York - SUNY Global Center,United States,,,,,,,,,,https://www.topuniversities.com/node/296027
539,CEU Business School,Hungary,,,,,,,,,,https://www.topuniversities.com/node/309701
540,Barcelona Graduate School of Economics,Spain,75,234,89%,0%,100%,0%,,156,263,https://www.topuniversities.com/node/297085
541,Kazan National Research Technological University,Russia,3,"1,618",8%,92%,26%,74%,,"1,469","13,928",https://www.topuniversities.com/node/295997
542,"École Supérieure de Commerce, ESC Chambery, Savoie",France,,,,,,,,,,https://www.topuniversities.com/node/293230
543,Allameh Tabataba'i University,Iran,,,,,,,,,,https://www.topuniversities.com/node/307767
