,Academic Reputation,Country,Employer Reputation,International Faculty,Name,Number of Internal Students,Overall Score,Percent International PostGrad,Percent International UnderGrad,Percent Post Grad Students,Percent Undergraduate Students,Rank,Total Academic Faculty,Total Number of Students,URL
0,90.1,United States,94.8,"1,679",Massachusetts Institute of Technology (MIT) ,"3,717",94,83%,17%,60%,40%,1,"2,982","11,067",https://www.topuniversities.com/universities/massachusetts-institute-technology-mit
1,87.6,United States,99.4,"2,042",Stanford University,"3,611",93.6,83%,17%,56%,44%,2,"4,285","15,878",https://www.topuniversities.com/universities/stanford-university
2,100,United States,93.2,425,Carnegie Mellon University,"6,385",91.9,71%,29%,51%,49%,3,"1,342","13,356",https://www.topuniversities.com/universities/carnegie-mellon-university
3,85.4,United States,98,"1,395","University of California, Berkeley (UCB)","6,086",89.9,39%,61%,27%,73%,4,"3,321","36,703",https://www.topuniversities.com/universities/university-california-berkeley-ucb
4,82.8,United Kingdom,90.7,"2,278",University of Cambridge,"6,699",88.9,64%,36%,37%,63%,5,"5,490","18,770",https://www.topuniversities.com/universities/university-cambridge
5,79.4,United States,95.2,"1,311",Harvard University,"5,266",88.4,85%,15%,69%,31%,6,"4,350","22,429",https://www.topuniversities.com/universities/harvard-university
6,80.6,United Kingdom,91.3,"2,964",University of Oxford,"7,353",87.8,74%,26%,44%,56%,7,"6,750","19,720",https://www.topuniversities.com/universities/university-oxford
7,80.5,United States,100,246,Princeton University,"1,793",85.6,65%,35%,34%,66%,8,"1,007","8,069",https://www.topuniversities.com/universities/princeton-university
8,79.9,Switzerland,94,"1,886",ETH Zurich - Swiss Federal Institute of Technology,"7,563",85.4,72%,28%,53%,47%,9,"2,477","19,815",https://www.topuniversities.com/universities/eth-zurich-swiss-federal-institute-technology
9,76.7,Singapore,89.6,"3,086",National University of Singapore (NUS),"8,917",84.2,48%,52%,18%,82%,=10,"5,106","32,728",https://www.topuniversities.com/universities/national-university-singapore-nus
10,79.3,Canada,94.3,"3,905",University of Toronto,"21,910",84.2,21%,79%,22%,78%,=10,"9,581","72,207",https://www.topuniversities.com/universities/university-toronto
11,78,United Kingdom,90.7,"2,071",Imperial College London,"8,746",83.7,53%,47%,43%,57%,12,"3,930","16,090",https://www.topuniversities.com/universities/imperial-college-london
12,76.7,United States,92.5,662,"University of California, Los Angeles (UCLA)","6,887",83.1,44%,56%,29%,71%,13,"2,859","40,114",https://www.topuniversities.com/universities/university-california-los-angeles-ucla
13,73.4,Australia,93.7,"1,477",The University of Melbourne,"18,030",82.3,54%,46%,47%,53%,14,"3,311","42,182",https://www.topuniversities.com/universities/university-melbourne
14,67.8,China,85.2,932,Tsinghua University,"4,072",82.2,49%,51%,59%,41%,15,"5,506","36,300",https://www.topuniversities.com/universities/tsinghua-university
15,73.8,China,83.3,"1,038",Peking University,"7,090",81.8,48%,52%,61%,39%,=16,"5,185","42,136",https://www.topuniversities.com/universities/peking-university
16,81.9,United States,98.3,550,University of Washington,"8,373",81.8,37%,63%,32%,68%,=16,"2,484","56,973",https://www.topuniversities.com/universities/university-washington
17,77.6,Japan,78.1,254,The University of Tokyo,"2,639",81.7,89%,11%,49%,51%,18,"4,514","27,279",https://www.topuniversities.com/universities/university-tokyo
18,72.4,"Hong Kong S.A.R., China",93.1,835,The Hong Kong University of Science and Technology,"2,921",81.4,48%,52%,15%,85%,19,"1,150","10,375",https://www.topuniversities.com/universities/hong-kong-university-science-technology
19,72.1,Singapore,93,"2,993","Nanyang Technological University, Singapore (NTU)","7,251",81.3,46%,54%,18%,82%,20,"4,338","25,738",https://www.topuniversities.com/universities/nanyang-technological-university-singapore-ntu
20,76.5,United States,96.7,970,Cornell University,"5,411",81.1,61%,39%,35%,65%,=21,"2,718","21,904",https://www.topuniversities.com/universities/cornell-university
21,82.2,United Kingdom,90,"1,553",The University of Edinburgh,"10,551",81.1,48%,52%,28%,72%,=21,"4,075","28,040",https://www.topuniversities.com/universities/university-edinburgh
22,69.8,Canada,94.4,"1,635",University of British Columbia,"11,388",80.8,24%,76%,16%,84%,23,"4,648","50,350",https://www.topuniversities.com/universities/university-british-columbia
23,77.6,Switzerland,90.2,"1,300",Ecole Polytechnique Fédérale de Lausanne (EPFL),"5,896",80.7,56%,44%,48%,52%,=24,"1,695","10,343",https://www.topuniversities.com/universities/ecole-polytechnique-f%C3%A9d%C3%A9rale-de-lausanne-epfl
24,71.6,"Hong Kong S.A.R., China",90.9,"2,085",The University of Hong Kong,"8,230",80.7,54%,46%,35%,65%,=24,"3,012","20,214",https://www.topuniversities.com/universities/university-hong-kong
25,72.7,United States,98.8,108,University of Texas at Austin,"4,744",80.6,62%,38%,22%,78%,26,"2,833","47,995",https://www.topuniversities.com/universities/university-texas-austin
26,78.3,United States,90.9,350,California Institute of Technology (Caltech),647,80.5,87%,13%,56%,44%,27,953,"2,255",https://www.topuniversities.com/universities/california-institute-technology-caltech
27,74.9,United States,91.6,75,Georgia Institute of Technology,"4,761",80.4,68%,32%,34%,66%,28,"1,133","21,082",https://www.topuniversities.com/universities/georgia-institute-technology
28,74.3,United States,93.5,913,Columbia University,"8,105",80.3,85%,15%,69%,31%,29,"6,189","25,045",https://www.topuniversities.com/universities/columbia-university
29,75.7,United States,95.9,259,University of Illinois at Urbana-Champaign,"9,483",80.2,47%,53%,25%,75%,30,"2,554","42,427",https://www.topuniversities.com/universities/university-illinois-urbana-champaign
30,73.8,Canada,92.6,473,University of Waterloo,"8,962",79.9,25%,75%,14%,86%,31,"1,689","35,541",https://www.topuniversities.com/universities/university-waterloo
31,75.2,United States,95.5,604,New York University (NYU),"11,593",79.7,64%,36%,43%,57%,32,"7,717","43,860",https://www.topuniversities.com/universities/new-york-university-nyu
32,73.7,South Korea,85.6,147,KAIST - Korea Advanced Institute of Science & Technology,584,79.5,67%,33%,62%,38%,33,"1,250","9,826",https://www.topuniversities.com/universities/kaist-korea-advanced-institute-science-technology
33,72.1,United States,88.3,"1,708",Yale University,"2,469",79.3,76%,24%,56%,44%,34,"4,940","12,402",https://www.topuniversities.com/universities/yale-university
34,71.4,"Hong Kong S.A.R., China",92.5,"1,074",The Chinese University of Hong Kong (CUHK),"4,824",79.2,35%,65%,15%,85%,35,"2,208","18,037",https://www.topuniversities.com/universities/chinese-university-hong-kong-cuhk
35,72.3,Australia,92.2,927,The Australian National University,"5,551",79.1,61%,39%,43%,57%,36,"1,600","14,442",https://www.topuniversities.com/universities/australian-national-university
36,74.1,United Kingdom,91.9,"2,554",UCL (University College London),"14,854",78.9,55%,45%,48%,52%,37,"6,345","31,080",https://www.topuniversities.com/universities/ucl-university-college-london
37,69.6,South Korea,86.3,433,Seoul National University,"2,331",78.2,47%,53%,42%,58%,38,"3,930","28,064",https://www.topuniversities.com/universities/seoul-national-university
38,71.9,United States,92.7,"1,383",University of Pennsylvania,"4,250",77.9,72%,28%,52%,48%,39,"5,499","20,639",https://www.topuniversities.com/universities/university-pennsylvania
39,72.3,Germany,84.2,"1,174",Technical University of Munich,"6,181",77.2,61%,39%,47%,53%,40,"5,850","38,726",https://www.topuniversities.com/universities/technical-university-munich
40,67.2,Taiwan,91.5,220,National Taiwan University (NTU),"3,152",76.7,45%,55%,46%,54%,41,"2,807","32,195",https://www.topuniversities.com/universities/national-taiwan-university-ntu
41,67.4,Australia,86,"1,612",The University of New South Wales (UNSW Sydney),"14,292",76.5,51%,49%,28%,72%,42,"2,924","39,784",https://www.topuniversities.com/universities/university-new-south-wales-unsw-sydney
42,67.3,Australia,86.6,"1,829",The University of Sydney,"17,030",76.4,58%,42%,38%,62%,43,"3,360","46,678",https://www.topuniversities.com/universities/university-sydney
43,70,United States,97.7,870,"University of California, San Diego (UCSD)","6,644",76.3,31%,69%,19%,81%,44,"3,694","32,237",https://www.topuniversities.com/universities/university-california-san-diego-ucsd
44,60.6,China,83,887,Shanghai Jiao Tong University,"2,858",75.7,33%,67%,54%,46%,45,"3,544","38,931",https://www.topuniversities.com/universities/shanghai-jiao-tong-university
45,63.7,United States,91.4,"1,920",University of Michigan,"7,527",75.3,64%,36%,34%,66%,46,"6,809","43,147",https://www.topuniversities.com/universities/university-michigan
46,73,United States,91.9,473,"University of Maryland, College Park","4,683",75,73%,27%,25%,75%,47,"3,920","35,504",https://www.topuniversities.com/universities/university-maryland-college-park
47,69.7,Russia,76.2,373,Lomonosov Moscow State University,"5,098",74.7,16%,84%,35%,65%,48,"6,709","30,233",https://www.topuniversities.com/universities/lomonosov-moscow-state-university
48,64.6,Italy,83.2,231,Politecnico di Milano,"5,593",74.6,73%,27%,41%,59%,49,"1,500","36,277",https://www.topuniversities.com/universities/politecnico-di-milano
49,68,United States,92.3,551,University of Southern California,"9,170",74.5,73%,27%,53%,47%,50,"3,124","38,749",https://www.topuniversities.com/universities/university-southern-california
50,60.8,Denmark,87.7,602,Aarhus University,"3,762",,73%,27%,48%,52%,51-100,"2,316","26,226",https://www.topuniversities.com/universities/aarhus-university
51,61.6,United States,90,379,Boston University,"7,041",,41%,59%,36%,64%,51-100,"3,157","25,662",https://www.topuniversities.com/universities/boston-university
52,61.2,"Hong Kong S.A.R., China",94,"1,027",City University of Hong Kong,"3,273",,66%,34%,30%,70%,51-100,"1,349","9,240",https://www.topuniversities.com/universities/city-university-hong-kong
53,60.7,Netherlands,84.9,701,Delft University of Technology,"4,634",,88%,12%,52%,48%,51-100,"1,669","16,527",https://www.topuniversities.com/universities/delft-university-technology
54,63.9,United States,92.3,226,Duke University,"2,864",,77%,23%,58%,42%,51-100,"2,938","15,320",https://www.topuniversities.com/universities/duke-university
55,62.7,France,87.3,75,"Ecole normale supérieure, Paris",374,,98%,2%,93%,7%,51-100,178,"1,907",https://www.topuniversities.com/universities/ecole-normale-sup%C3%A9rieure-paris
56,61.2,China,82.6,"1,178",Fudan University,"4,680",,37%,63%,50%,50%,51-100,"4,037","29,135",https://www.topuniversities.com/universities/fudan-university
57,64.9,India,79.8,19,Indian Institute of Technology Bombay (IITB),93,,88%,12%,56%,44%,51-100,876,"9,402",https://www.topuniversities.com/universities/indian-institute-technology-bombay-iitb
58,63.3,India,83.4,4,Indian Institute of Technology Delhi (IITD),80,,100%,%,48%,52%,51-100,466,"7,477",https://www.topuniversities.com/universities/indian-institute-technology-delhi-iitd
59,65.4,United States,87.1,"1,061",Johns Hopkins University,"4,105",,79%,21%,63%,37%,51-100,"4,462","16,146",https://www.topuniversities.com/universities/johns-hopkins-university
60,64.1,Belgium,88.7,784,KU Leuven,"6,926",,78%,22%,52%,48%,51-100,"2,515","45,538",https://www.topuniversities.com/universities/ku-leuven
61,65.4,United Kingdom,88.6,"1,513",King's College London,"9,451",,50%,50%,36%,64%,51-100,"3,650","23,780",https://www.topuniversities.com/universities/kings-college-london
62,62.4,Germany,85.3,410,"KIT, Karlsruhe Institute of Technology","4,809",,56%,44%,46%,54%,51-100,"1,827","26,081",https://www.topuniversities.com/universities/kit-karlsruhe-institute-technology
63,57.9,South Korea,84.2,339,Korea University,"3,638",,18%,82%,23%,77%,51-100,"3,745","25,892",https://www.topuniversities.com/universities/korea-university
64,64.5,Sweden,84.9,494,KTH Royal Institute of Technology,"1,937",,88%,12%,41%,59%,51-100,"1,500","12,658",https://www.topuniversities.com/universities/kth-royal-institute-technology
65,66,Japan,75.3,293,Kyoto University,"1,990",,89%,11%,42%,58%,51-100,"4,060","22,974",https://www.topuniversities.com/universities/kyoto-university
66,68.5,Germany,91,674,Ludwig-Maximilians-Universität München,"5,084",,44%,56%,36%,64%,51-100,"3,274","35,055",https://www.topuniversities.com/universities/ludwig-maximilians-universit%C3%A4t-m%C3%BCnchen
67,62.5,Canada,85.2,"1,220",McGill University,"9,540",,32%,68%,23%,77%,51-100,"3,646","28,837",https://www.topuniversities.com/universities/mcgill-university
68,62.2,Australia,82.5,"1,679",Monash University,"20,578",,43%,57%,25%,75%,51-100,"3,204","57,433",https://www.topuniversities.com/universities/monash-university
69,64,Taiwan,83.1,119,National Tsing Hua University,"1,187",,63%,37%,38%,62%,51-100,"1,020","13,890",https://www.topuniversities.com/universities/national-tsing-hua-university
70,57.1,United States,90.7,211,Pennsylvania State University,"7,081",,35%,65%,12%,88%,51-100,"3,509","45,612",https://www.topuniversities.com/universities/pennsylvania-state-university
71,62.8,South Korea,88.1,113,Pohang University of Science And Technology (POSTECH),126,,100%,%,56%,44%,51-100,664,"3,117",https://www.topuniversities.com/universities/pohang-university-science-technology-postech
72,57,Italy,83.5,9,Politecnico di Torino,"4,485",,44%,56%,36%,64%,51-100,840,"31,166",https://www.topuniversities.com/universities/politecnico-di-torino
73,63.8,United States,86.2,"1,334",Purdue University,"8,787",,41%,59%,23%,77%,51-100,"3,247","38,143",https://www.topuniversities.com/universities/purdue-university
74,62.1,Germany,81.7,449,RWTH Aachen University,"8,556",,65%,35%,50%,50%,51-100,"3,176","44,517",https://www.topuniversities.com/universities/rwth-aachen-university
75,58.8,Australia,84.1,"1,066",RMIT University,"8,674",,47%,53%,24%,76%,51-100,"1,915","32,667",https://www.topuniversities.com/universities/rmit-university
76,63.9,Italy,83.8,123,Sapienza University of Rome,"7,650",,47%,53%,50%,50%,51-100,"3,381","108,229",https://www.topuniversities.com/universities/sapienza-university-rome
77,55.7,South Korea,81.5,324,Sungkyunkwan University (SKKU),"2,818",,24%,76%,24%,76%,51-100,"3,556","23,921",https://www.topuniversities.com/universities/sungkyunkwan-university-skku
78,71,Israel,90.2,216,Technion - Israel Institute of Technology,735,,65%,35%,28%,72%,51-100,936,"13,132",https://www.topuniversities.com/universities/technion-israel-institute-technology
79,65.2,Germany,83.4,377,Technische Universität Berlin (TU Berlin),"4,494",,51%,49%,39%,61%,51-100,"2,562","22,176",https://www.topuniversities.com/universities/technische-universit%C3%A4t-berlin-tu-berlin
80,66,Austria,84.6,172,Vienna University of Technology,"5,199",,41%,59%,35%,65%,51-100,706,"17,479",https://www.topuniversities.com/universities/vienna-university-technology
81,58.5,"Hong Kong S.A.R., China",95.8,"1,275",The Hong Kong Polytechnic University,"5,251",,63%,37%,27%,73%,51-100,"2,447","20,972",https://www.topuniversities.com/universities/hong-kong-polytechnic-university
82,63,New Zealand,86.7,645,The University of Auckland,"8,568",,29%,71%,17%,83%,51-100,"2,047","29,641",https://www.topuniversities.com/universities/university-auckland
83,69.2,United Kingdom,87.5,"1,653",The University of Manchester,"13,514",,44%,56%,27%,73%,51-100,"4,910","36,670",https://www.topuniversities.com/universities/university-manchester
84,60.2,Australia,90.4,"1,870",The University of Queensland,"10,420",,44%,56%,22%,78%,51-100,"3,158","37,497",https://www.topuniversities.com/universities/university-queensland
85,64.1,Japan,74.4,191,Tokyo Institute of Technology,"1,071",,80%,20%,51%,49%,51-100,"1,563","9,832",https://www.topuniversities.com/universities/tokyo-institute-technology
86,62.4,Brazil,75.5,279,Universidade de São Paulo,"2,086",,83%,17%,46%,54%,51-100,"5,582","65,711",https://www.topuniversities.com/universities/universidade-de-s%C3%A3o-paulo
87,61.8,Brazil,79.4,109,Universidade Estadual de Campinas (Unicamp),966,,88%,12%,44%,56%,51-100,"1,968","26,572",https://www.topuniversities.com/universities/universidade-estadual-de-campinas-unicamp
88,59.8,Italy,86,153,Alma Mater Studiorum - University of Bologna,"4,195",,50%,50%,43%,57%,51-100,"2,990","63,399",https://www.topuniversities.com/universities/alma-mater-studiorum-university-bologna
89,67.5,Malaysia,83.6,655,Universiti Malaya (UM),"3,476",,75%,25%,46%,54%,51-100,"2,755","17,902",https://www.topuniversities.com/universities/universiti-malaya-um
90,67.7,Malaysia,80.3,288,Universiti Sains Malaysia (USM),"2,462",,71%,29%,33%,67%,51-100,"2,318","20,955",https://www.topuniversities.com/universities/universiti-sains-malaysia-usm
91,64.6,Malaysia,75.6,356,Universiti Teknologi Malaysia ,"3,046",,89%,11%,40%,60%,51-100,"2,613","17,419",https://www.topuniversities.com/universities/universiti-teknologi-malaysia
92,70.8,Netherlands,90.3,707,University of Amsterdam,"3,785",,66%,34%,37%,63%,51-100,"2,600","25,967",https://www.topuniversities.com/universities/university-amsterdam
93,65.7,United States,94.5,377,"University of California, Irvine","8,538",,21%,79%,16%,84%,51-100,"1,926","32,151",https://www.topuniversities.com/universities/university-california-irvine
94,68.8,United States,86.9,635,University of Chicago,"3,379",,76%,24%,57%,43%,51-100,"2,449","13,557",https://www.topuniversities.com/universities/university-chicago
95,66.2,United States,95.2,148,University of Massachusetts Amherst,"1,921",,54%,46%,15%,85%,51-100,"1,654","25,111",https://www.topuniversities.com/universities/university-massachusetts-amherst
96,60.4,China,82,155,University of Science and Technology of China,548,,96%,4%,54%,46%,51-100,"1,992","16,032",https://www.topuniversities.com/universities/university-science-technology-china
97,61.6,Australia,86.6,546,University of Technology Sydney,"7,769",,48%,52%,25%,75%,51-100,"1,328","24,207",https://www.topuniversities.com/universities/university-technology-sydney
98,60.4,United States,98.4,"1,151",University of Wisconsin-Madison,"4,920",,51%,49%,27%,73%,51-100,"5,722","38,985",https://www.topuniversities.com/universities/university-wisconsin-madison
99,54.6,South Korea,84.6,290,Yonsei University,"3,379",,15%,85%,24%,76%,51-100,"3,621","25,903",https://www.topuniversities.com/universities/yonsei-university
100,53.9,China,85.8,"1,913",Zhejiang University,"4,625",,40%,60%,51%,49%,51-100,"4,507","40,869",https://www.topuniversities.com/universities/zhejiang-university
101,58.8,United States,90,379,Brown University,"1,825",,49%,51%,29%,71%,101-150,"1,303","9,251",https://www.topuniversities.com/universities/brown-university
102,55.5,France,82.3,259,Ecole Polytechnique,924,,69%,31%,65%,35%,101-150,649,"3,126",https://www.topuniversities.com/universities/ecole-polytechnique
103,61.3,Netherlands,85.7,322,Eindhoven University of Technology,"1,275",,82%,18%,50%,50%,101-150,801,"7,636",https://www.topuniversities.com/universities/eindhoven-university-technology
104,53.3,South Korea,78.2,364,Hanyang University,"3,397",,25%,75%,9%,91%,101-150,"3,085","23,348",https://www.topuniversities.com/universities/hanyang-university
105,64.3,Germany,88.4,407,Humboldt-Universität zu Berlin,"4,805",,59%,41%,37%,63%,101-150,"1,966","33,198",https://www.topuniversities.com/universities/humboldt-universit%C3%A4t-zu-berlin
106,61.1,India,79.4,11,Indian Institute of Technology Madras (IITM),6,,83%,17%,61%,39%,101-150,673,"8,923",https://www.topuniversities.com/universities/indian-institute-technology-madras-iitm
107,54.8,United States,93.5,766,Indiana University Bloomington,"7,434",,39%,61%,21%,79%,101-150,"4,907","65,397",https://www.topuniversities.com/universities/indiana-university-bloomington
108,59.7,United Kingdom,95.1,435,Lancaster University,"4,464",,36%,64%,24%,76%,101-150,"1,245","12,300",https://www.topuniversities.com/universities/lancaster-university
109,63.9,United Kingdom,63.4,687,London School of Economics and Political Science (LSE),"6,748",,66%,34%,53%,47%,101-150,"1,088","9,760",https://www.topuniversities.com/universities/london-school-economics-political-science-lse
110,54.8,China,82.4,617,Nanjing University,"2,960",,45%,55%,55%,45%,101-150,"2,449","32,495",https://www.topuniversities.com/universities/nanjing-university
111,54.7,Taiwan,83.7,170,National Cheng Kung University (NCKU),"2,432",,38%,62%,42%,58%,101-150,"2,000","21,088",https://www.topuniversities.com/universities/national-cheng-kung-university-ncku
112,58.8,Taiwan,81.6,162,National Chiao Tung University,"1,854",,56%,44%,50%,50%,101-150,"1,086","10,376",https://www.topuniversities.com/universities/national-chiao-tung-university
113,53,Taiwan,87.6,82,National Taiwan University of Science and Technology (Taiwan Tech),965,,63%,37%,42%,58%,101-150,"1,121","8,029",https://www.topuniversities.com/universities/national-taiwan-university-science-technology-taiwan-tech
114,54.7,Greece,81.6,3,National Technical University of Athens,360,,%,%,6%,94%,101-150,501,"22,860",https://www.topuniversities.com/universities/national-technical-university-athens
115,54.7,United States,92.9,573,North Carolina State University,"4,120",,66%,34%,24%,76%,101-150,"2,562","27,748",https://www.topuniversities.com/universities/north-carolina-state-university
116,49.7,United States,89.1,"1,141",Northwestern University,"3,422",,79%,21%,55%,45%,101-150,"4,231","18,675",https://www.topuniversities.com/universities/northwestern-university
117,51.2,United States,91.8,"1,696",The Ohio State University,"6,874",,36%,64%,25%,75%,101-150,"5,911","43,156",https://www.topuniversities.com/universities/ohio-state-university
118,61.3,Japan,72,296,Osaka University,"2,106",,71%,29%,34%,66%,101-150,"2,814","22,760",https://www.topuniversities.com/universities/osaka-university
119,58.5,Spain,80.8,46,Politécnica de Madrid,"4,679",,30%,70%,18%,82%,101-150,"2,517","35,187",https://www.topuniversities.com/universities/polit%C3%A9cnica-de-madrid
120,56,Australia,86.3,722,Queensland University of Technology (QUT),"5,267",,43%,57%,14%,86%,101-150,"1,755","33,929",https://www.topuniversities.com/universities/queensland-university-technology-qut
121,58.6,United States,93.2,316,Rice University,"1,847",,66%,34%,42%,58%,101-150,969,"6,610",https://www.topuniversities.com/universities/rice-university
122,56.2,Canada,96.1,364,Simon Fraser University,"7,573",,18%,82%,13%,87%,101-150,974,"25,108",https://www.topuniversities.com/universities/simon-fraser-university
123,57.9,Germany,83.7,162,Technische Universität Darmstadt,"3,106",,57%,43%,42%,58%,101-150,779,"18,166",https://www.topuniversities.com/universities/technische-universit%C3%A4t-darmstadt
124,59.1,Israel,92.7,136,Tel Aviv University,"1,088",,63%,37%,38%,62%,101-150,"1,028","21,841",https://www.topuniversities.com/universities/tel-aviv-university
125,52.8,Australia,89.4,633,The University of Adelaide,"8,114",,39%,61%,23%,77%,101-150,"1,729","21,240",https://www.topuniversities.com/universities/university-adelaide
126,56.5,United Kingdom,85.3,890,The University of Warwick,"7,703",,49%,51%,31%,69%,101-150,"2,093","19,855",https://www.topuniversities.com/universities/university-warwick
127,61.7,Chile,87,127,Universidad de Chile,"2,134",,50%,50%,21%,79%,101-150,"2,256","38,848",https://www.topuniversities.com/universities/universidad-de-chile
128,64.9,Mexico,77.7,949,Universidad Nacional Autónoma de México  (UNAM),"2,173",,78%,22%,20%,80%,101-150,"15,073","141,939",https://www.topuniversities.com/universities/universidad-nacional-aut%C3%B3noma-de-m%C3%A9xico-unam
129,60.9,Italy,84.7,171,University of Milan,"3,260",,37%,63%,40%,60%,101-150,"2,454","56,425",https://www.topuniversities.com/universities/university-milan
130,63.5,Italy,86.6,148,University of Pisa,"2,092",,39%,61%,39%,61%,101-150,"2,517","51,510",https://www.topuniversities.com/universities/university-pisa
131,66.7,Germany,88.6,300,Universität des Saarlandes,"3,061",,%,%,%,%,101-150,"1,258","17,111",https://www.topuniversities.com/universities/universit%C3%A4t-des-saarlandes
132,60.6,Spain,85.3,120,Universitat Politècnica de Catalunya ,"2,659",,71%,29%,25%,75%,101-150,"2,334","21,126",https://www.topuniversities.com/universities/universitat-polit%C3%A8cnica-de-catalunya
133,55.4,Belgium,89.3,406,Université catholique de Louvain (UCL),"4,468",,53%,47%,51%,49%,101-150,"1,219","24,277",https://www.topuniversities.com/universities/universit%C3%A9-catholique-de-louvain-ucl
134,55.4,Canada,88.5,"1,037",Université de Montréal ,"9,688",,44%,56%,34%,66%,101-150,"2,961","39,112",https://www.topuniversities.com/universities/universit%C3%A9-de-montr%C3%A9al
135,62.4,Malaysia,71.7,435,Universiti Kebangsaan Malaysia (UKM),"2,681",,81%,19%,35%,65%,101-150,"2,460","18,094",https://www.topuniversities.com/universities/universiti-kebangsaan-malaysia-ukm
136,58.1,Malaysia,80.9,401,Universiti Putra Malaysia (UPM),"4,778",,81%,19%,45%,55%,101-150,"2,334","20,924",https://www.topuniversities.com/universities/universiti-putra-malaysia-upm
137,51.7,Ireland,89.9,627,University College Dublin,"3,876",,48%,52%,24%,76%,101-150,"1,604","19,833",https://www.topuniversities.com/universities/university-college-dublin
138,52.8,Canada,91,"1,294",University of Alberta,"8,203",,38%,62%,20%,80%,101-150,"3,561","31,765",https://www.topuniversities.com/universities/university-alberta
139,55.5,United Kingdom,86.5,"1,028",University of Birmingham,"7,795",,57%,43%,30%,70%,101-150,"2,962","28,660",https://www.topuniversities.com/universities/university-birmingham
140,56.7,United Kingdom,87.2,942,University of Bristol,"5,099",,47%,53%,21%,79%,101-150,"2,870","20,630",https://www.topuniversities.com/universities/university-bristol
141,54,United States,92.9,549,"University of California, Davis","4,529",,31%,69%,19%,81%,101-150,"3,843","34,244",https://www.topuniversities.com/universities/university-california-davis
142,60.4,Denmark,88.9,"2,336",University of Copenhagen,"3,683",,61%,39%,49%,51%,101-150,"7,483","32,119",https://www.topuniversities.com/universities/university-copenhagen
143,63.8,United Kingdom,92.9,956,University of Glasgow,"8,149",,50%,50%,28%,72%,101-150,"2,775","23,815",https://www.topuniversities.com/universities/university-glasgow
144,60.4,Finland,81.7,535,University of Helsinki,"1,234",,85%,15%,41%,59%,101-150,"2,645","22,419",https://www.topuniversities.com/universities/university-helsinki
145,55.8,Portugal,79.6,115,University of Lisbon ,"6,548",,71%,29%,40%,60%,101-150,"3,027","50,667",https://www.topuniversities.com/universities/university-lisbon
146,48.8,United States,92.7,195,University of Minnesota,"6,542",,39%,61%,24%,76%,101-150,"4,919","59,742",https://www.topuniversities.com/universities/university-minnesota
147,65.7,United States,92.2,524,"University of North Carolina, Chapel Hill","1,934",,52%,48%,30%,70%,101-150,"4,083","25,373",https://www.topuniversities.com/universities/university-north-carolina-chapel-hill
148,62.2,United Kingdom,86.2,"1,017",University of Southampton,"7,789",,53%,47%,28%,72%,101-150,"2,820","23,775",https://www.topuniversities.com/universities/university-southampton
149,57.8,Switzerland,87.7,"2,617",University of Zurich,"5,036",,71%,29%,48%,52%,101-150,"4,997","26,065",https://www.topuniversities.com/universities/university-zurich
150,61.2,Sweden,88.6,584,Uppsala University,"5,198",,72%,28%,30%,70%,101-150,"2,567","25,371",https://www.topuniversities.com/universities/uppsala-university
151,66.9,Netherlands,86.6,331,Vrije Universiteit Amsterdam,"1,805",,75%,25%,42%,58%,101-150,"2,095","23,278",https://www.topuniversities.com/universities/vrije-universiteit-amsterdam
152,56.7,Japan,69,492,Waseda University,"6,230",,47%,53%,17%,83%,101-150,"3,850","46,301",https://www.topuniversities.com/universities/waseda-university
153,51.5,Denmark,84.7,461,Aalborg University,"2,625",,71%,29%,43%,57%,151-200,"1,722","16,942",https://www.topuniversities.com/universities/aalborg-university
154,53.6,Finland,82.8,370,Aalto University,"1,831",,92%,8%,54%,46%,151-200,"1,257","12,147",https://www.topuniversities.com/universities/aalto-university
155,47.9,United States,88.2,588,Arizona State University,"9,722",,35%,65%,16%,84%,151-200,"2,578","47,503",https://www.topuniversities.com/universities/arizona-state-university
156,40.6,France,84.6,137,CentraleSupélec,"1,132",,81%,19%,74%,26%,151-200,529,"3,877",https://www.topuniversities.com/universities/centralesup%C3%A9lec
157,55.8,Sweden,83.5,336,Chalmers University of Technology,"1,465",,92%,8%,45%,55%,151-200,"1,077","9,257",https://www.topuniversities.com/universities/chalmers-university-technology
158,48.7,China,83.9,160,Harbin Institute of Technology,"1,408",,67%,33%,46%,54%,151-200,"3,157","29,931",https://www.topuniversities.com/universities/harbin-institute-technology
159,62.2,Israel,90.7,454,The Hebrew University of Jerusalem,"1,034",,60%,40%,43%,57%,151-200,"2,249","16,531",https://www.topuniversities.com/universities/hebrew-university-jerusalem
160,57.1,India,80.4,,Indian Institute of Science (IISc) Bangalore,47,,85%,15%,88%,12%,151-200,423,"4,071",https://www.topuniversities.com/universities/indian-institute-science-iisc-bangalore
161,58.8,India,78.3,4,Indian Institute of Technology Kanpur (IITK),34,,100%,%,48%,52%,151-200,416,"6,609",https://www.topuniversities.com/universities/indian-institute-technology-kanpur-iitk
162,57.1,India,81.4,24,Indian Institute of Technology Kharagpur (IIT-KGP),5,,%,100%,52%,48%,151-200,638,"11,026",https://www.topuniversities.com/universities/indian-institute-technology-kharagpur-iit-kgp
163,54.4,Mexico,79.1,140,Instituto Politécnico Nacional (IPN),170,,92%,%,7%,93%,151-200,"7,862","100,852",https://www.topuniversities.com/universities/instituto-polit%C3%A9cnico-nacional-ipn
164,58.6,Japan,69.3,261,Keio University,"2,178",,48%,52%,14%,86%,151-200,"3,905","33,500",https://www.topuniversities.com/universities/keio-university
165,57.5,Japan,71.6,246,Kyushu University,"1,787",,84%,16%,37%,63%,151-200,"2,858","18,660",https://www.topuniversities.com/universities/kyushu-university
166,55.1,Sweden,87.3,"1,002",Lund University,"6,408",,55%,45%,31%,69%,151-200,"3,031","27,786",https://www.topuniversities.com/universities/lund-university
167,49.9,United States,91.4,653,Michigan State University,"7,427",,29%,71%,19%,81%,151-200,"2,884","44,951",https://www.topuniversities.com/universities/michigan-state-university
168,52.3,Taiwan,85.1,61,National Sun Yat-sen University,428,,49%,51%,45%,55%,151-200,664,"8,345",https://www.topuniversities.com/universities/national-sun-yat-sen-university
169,64.5,Chile,67.8,198,Pontificia Universidad Católica de Chile (UC),991,,70%,30%,16%,84%,151-200,"2,260","27,003",https://www.topuniversities.com/universities/pontificia-universidad-cat%C3%B3lica-de-chile-uc
170,51.8,United Kingdom,85.6,801,Queen Mary University of London,"6,806",,41%,59%,25%,75%,151-200,"1,885","16,135",https://www.topuniversities.com/universities/queen-mary-university-london
171,47.1,Canada,87.6,309,Queen's University at Kingston,"2,589",,46%,54%,18%,82%,151-200,"1,161","23,065",https://www.topuniversities.com/universities/queens-university-kingston
172,55.8,Germany,88.4,300,Rheinische Friedrich-Wilhelms-Universität Bonn,"4,522",,53%,47%,29%,71%,151-200,"3,670","35,619",https://www.topuniversities.com/universities/rheinische-friedrich-wilhelms-universit%C3%A4t-bonn
173,54.4,Germany,82.3,756,Ruprecht-Karls-Universität Heidelberg,"5,298",,48%,52%,27%,73%,151-200,"3,908","28,852",https://www.topuniversities.com/universities/ruprecht-karls-universit%C3%A4t-heidelberg
174,60.4,Russia,64.9,98,Saint Petersburg State University,"2,600",,51%,49%,42%,58%,151-200,"4,076","21,596",https://www.topuniversities.com/universities/saint-petersburg-state-university
175,47,Denmark,82.7,966,Technical University of Denmark,"2,098",,82%,18%,43%,57%,151-200,"2,117","8,878",https://www.topuniversities.com/universities/technical-university-denmark
176,50.7,Germany,79.1,669,Technische Universität Dresden,"4,930",,86%,14%,76%,24%,151-200,"1,448","34,029",https://www.topuniversities.com/universities/technische-universit%C3%A4t-dresden
177,47.4,United States,86.7,206,Texas A&M University,"4,900",,89%,11%,21%,79%,151-200,"3,446","60,294",https://www.topuniversities.com/universities/texas-am-university
178,48.2,United Kingdom,88.1,"1,135",The University of Nottingham,"7,993",,42%,58%,22%,78%,151-200,"3,360","29,165",https://www.topuniversities.com/universities/university-nottingham
179,49.6,United Kingdom,88,938,The University of Sheffield,"8,745",,51%,49%,28%,72%,151-200,"3,065","25,430",https://www.topuniversities.com/universities/university-sheffield
180,47.7,Australia,82.7,809,The University of Western Australia,"4,575",,48%,52%,34%,66%,151-200,"1,420","18,531",https://www.topuniversities.com/universities/university-western-australia
181,52.8,Japan,77.1,264,Tohoku University,"1,604",,84%,16%,38%,62%,151-200,"3,411","17,827",https://www.topuniversities.com/universities/tohoku-university
182,57.3,Spain,82.5,323,Universidad Carlos III de Madrid (UC3M),488,,%,100%,20%,80%,151-200,"2,204","17,618",https://www.topuniversities.com/universities/universidad-carlos-iii-de-madrid-uc3m
183,53.6,Spain,83.2,67,University Complutense Madrid,"9,697",,29%,71%,17%,83%,151-200,"4,647","72,654",https://www.topuniversities.com/universities/university-complutense-madrid
184,59.4,Brazil,84.6,148,Universidade Federal de Minas Gerais      ,"1,162",,58%,42%,28%,72%,151-200,"3,258","48,388",https://www.topuniversities.com/universities/universidade-federal-de-minas-gerais
185,57.5,Spain,81,108,Universitat de Barcelona,"6,134",,39%,61%,18%,82%,151-200,"3,863","46,002",https://www.topuniversities.com/universities/universitat-de-barcelona
186,48.2,Germany,83.3,137,Universität Stuttgart,"4,876",,59%,41%,40%,60%,151-200,923,"24,391",https://www.topuniversities.com/universities/universit%C3%A4t-stuttgart
187,55.5,Austria,84.2,"1,400",University of Vienna,"14,468",,44%,56%,40%,60%,151-200,"3,411","45,967",https://www.topuniversities.com/universities/university-vienna
188,57.7,United States,91.8,267,"University of California, Santa Barbara (UCSB)","2,128",,32%,68%,12%,88%,151-200,"1,449","23,149",https://www.topuniversities.com/universities/university-california-santa-barbara-ucsb
189,52.6,New Zealand,75.1,316,University of Canterbury,"2,338",,38%,62%,18%,82%,151-200,698,"11,324",https://www.topuniversities.com/universities/university-canterbury
190,54.4,Switzerland,91.5,"1,029",University of Geneva,"6,104",,61%,39%,48%,52%,151-200,"1,752","15,844",https://www.topuniversities.com/universities/university-geneva
191,52.1,United States,89.1,342,"University of Illinois, Chicago (UIC)","5,148",,57%,43%,35%,65%,151-200,"2,284","26,046",https://www.topuniversities.com/universities/university-illinois-chicago-uic
192,53.7,Norway,91.1,711,University of Oslo,"3,667",,62%,38%,49%,51%,151-200,"2,509","24,304",https://www.topuniversities.com/universities/university-oslo
193,58.7,New Zealand,63.6,759,University of Otago,"3,871",,29%,71%,17%,83%,151-200,"1,266","18,532",https://www.topuniversities.com/universities/university-otago
194,49.7,United States,96.3,487,University of Virginia,"1,899",,61%,39%,29%,71%,151-200,"2,509","21,560",https://www.topuniversities.com/universities/university-virginia
195,63,United Kingdom,80.2,636,University of York,"3,364",,53%,47%,22%,78%,151-200,"1,833","15,999",https://www.topuniversities.com/universities/university-york
196,55.4,Netherlands,87.7,653,Utrecht University,"2,771",,70%,30%,39%,61%,151-200,"3,067","31,754",https://www.topuniversities.com/universities/utrecht-university
197,56.3,New Zealand,74.7,503,Victoria University of Wellington,"3,280",,34%,66%,21%,79%,151-200,985,"17,085",https://www.topuniversities.com/universities/victoria-university-wellington
198,53.8,United States,89.9,241,Virginia Polytechnic Institute and State University,"3,509",,56%,44%,20%,80%,151-200,"2,436","33,041",https://www.topuniversities.com/universities/virginia-polytechnic-institute-state-university
199,46.3,China,76,739,Wuhan University,"3,709",,39%,61%,44%,56%,151-200,"3,700","50,007",https://www.topuniversities.com/universities/wuhan-university
200,47.4,China,85.2,452,Xi’an Jiaotong University,"2,378",,33%,67%,49%,51%,151-200,"3,483","33,604",https://www.topuniversities.com/universities/xi%E2%80%99-jiaotong-university
201,53.8,China,76.3,92,Beijing Institute of Technology,"1,607",,45%,55%,43%,57%,201-250,"2,229","25,996",https://www.topuniversities.com/universities/beijing-institute-technology
202,49.1,United Kingdom,83.2,705,Cardiff University,"6,090",,47%,53%,22%,78%,201-250,"2,755","24,565",https://www.topuniversities.com/universities/cardiff-university
203,43.7,Australia,85.6,"1,225",Curtin University,"5,284",,40%,60%,17%,83%,201-250,"1,917","25,604",https://www.topuniversities.com/universities/curtin-university
204,51.7,Czech Republic,75,57,Czech Technical University in Prague,"3,137",,33%,67%,38%,62%,201-250,"1,597","20,408",https://www.topuniversities.com/universities/czech-technical-university-prague
205,46.4,Australia,87.1,631,Deakin University,"7,166",,48%,52%,21%,79%,201-250,"1,598","36,940",https://www.topuniversities.com/universities/deakin-university
206,56.6,Germany,73.9,305,Freie Universitaet Berlin,"5,735",,54%,46%,38%,62%,201-250,"1,375","32,912",https://www.topuniversities.com/universities/freie-universitaet-berlin
207,43,China,84.1,264,Huazhong University of Science and Technology,"2,833",,54%,46%,44%,56%,201-250,"3,753","56,034",https://www.topuniversities.com/universities/huazhong-university-science-technology
208,48.4,United States,94.1,43,Illinois Institute of Technology,"3,623",,79%,21%,59%,41%,201-250,410,"6,961",https://www.topuniversities.com/universities/illinois-institute-technology
209,50.8,Austria,83.3,166,Johannes Kepler University Linz,602,,53%,47%,55%,45%,201-250,680,"5,589",https://www.topuniversities.com/universities/johannes-kepler-university-linz
210,43.2,Saudi Arabia,81.9,665,King Fahd University of Petroleum & Minerals,989,,55%,45%,14%,86%,201-250,"1,062","6,040",https://www.topuniversities.com/universities/king-fahd-university-petroleum-minerals
211,41.2,Saudi Arabia,82.2,"2,155",King Saud University,"2,765",,21%,79%,7%,93%,201-250,"4,970","31,635",https://www.topuniversities.com/universities/king-saud-university
212,44.3,South Korea,84.9,193,Kyung Hee University,"3,033",,32%,68%,14%,86%,201-250,"3,267","25,356",https://www.topuniversities.com/universities/kyung-hee-university
213,50.5,Australia,76.8,413,Macquarie University,"5,550",,48%,52%,23%,77%,201-250,"1,517","22,765",https://www.topuniversities.com/universities/macquarie-university
214,44.4,Canada,86.2,"1,170",McMaster University,"3,548",,31%,69%,17%,83%,201-250,"3,231","23,702",https://www.topuniversities.com/universities/mcmaster-university
215,47.2,Greece,85.2,19,National and Kapodistrian University of Athens,"5,834",,5%,95%,39%,61%,201-250,"1,758","65,252",https://www.topuniversities.com/universities/national-kapodistrian-university-athens
216,51.2,Taiwan,82.3,78,National Central University,"1,049",,50%,50%,45%,55%,201-250,943,"11,060",https://www.topuniversities.com/universities/national-central-university
217,48.7,Ireland,79.6,594,National University of Ireland Galway,"2,793",,22%,78%,15%,85%,201-250,"1,746","13,291",https://www.topuniversities.com/universities/national-university-ireland-galway
218,48.2,United Kingdom,91,835,Newcastle University,"5,717",,51%,49%,24%,76%,201-250,"2,428","21,673",https://www.topuniversities.com/universities/newcastle-university
219,46.2,United States,88.6,409,Northeastern University,"6,813",,55%,45%,32%,68%,201-250,"1,544","19,976",https://www.topuniversities.com/universities/northeastern-university
220,49.9,Norway,82.7,507,Norwegian University of Science And Technology,"1,988",,106%,11%,77%,23%,201-250,"1,952","20,841",https://www.topuniversities.com/universities/norwegian-university-science-technology
221,50.8,United States,94.3,490,Rutgers University - New Brunswick,"5,171",,43%,57%,23%,77%,201-250,"4,041","45,214",https://www.topuniversities.com/universities/rutgers-university-new-brunswick
222,49.5,China,76.7,465,Shanghai University,732,,56%,44%,38%,62%,201-250,"3,523","33,834",https://www.topuniversities.com/universities/shanghai-university
223,47.1,Singapore,85,372,Singapore Management University,"1,796",,45%,55%,13%,87%,201-250,603,"8,637",https://www.topuniversities.com/universities/singapore-management-university
224,45.4,China,83,670,Sun Yat-sen University,"2,921",,26%,74%,32%,68%,201-250,"4,956","49,362",https://www.topuniversities.com/universities/sun-yat-sen-university
225,48.5,Australia,86.5,360,Swinburne University of Technology,"3,264",,52%,48%,19%,81%,201-250,821,"12,419",https://www.topuniversities.com/universities/swinburne-university-technology
226,52.7,Germany,78.6,178,TU Dortmund University,"2,660",,39%,61%,24%,76%,201-250,"1,889","29,914",https://www.topuniversities.com/universities/tu-dortmund-university
227,47.1,Austria,84.3,,Graz University of Technology,"1,807",,%,%,%,%,201-250,"1,187","12,050",https://www.topuniversities.com/universities/graz-university-technology
228,61.1,Mexico,63.4,821,Instituto Tecnológico y de Estudios Superiores de Monterrey,"1,412",,58%,42%,17%,83%,201-250,"1,822","13,376",https://www.topuniversities.com/universities/instituto-tecnol%C3%B3gico-y-de-estudios-superiores-de-monterrey
229,50.1,,80.9,,TELECOM ParisTech,,,,,,,201-250,,,https://www.topuniversities.com/universities/telecom-paristech
230,43.6,Ireland,78.8,544,"Trinity College Dublin, The University of Dublin","4,311",,33%,67%,23%,77%,201-250,"1,249","14,961",https://www.topuniversities.com/universities/trinity-college-dublin-university-dublin
231,53.9,Argentina,64.5,"3,165",Universidad de Buenos Aires (UBA),"27,109",,8%,92%,7%,93%,201-250,"16,421","122,301",https://www.topuniversities.com/universities/universidad-de-buenos-aires-uba
232,59.4,Brazil,75.6,152,Universidade Federal do Rio de Janeiro,"1,184",,59%,41%,24%,76%,201-250,"3,988","55,109",https://www.topuniversities.com/universities/universidade-federal-do-rio-de-janeiro
233,59.2,Brazil,79,46,Universidade Federal do Rio Grande Do Sul ,609,,100%,21%,22%,78%,201-250,"2,576","42,735",https://www.topuniversities.com/universities/universidade-federal-do-rio-grande-do-sul
234,46.4,Italy,83.7,31,Università di Padova,"2,693",,48%,52%,42%,58%,201-250,"2,038","61,801",https://www.topuniversities.com/universities/universit%C3%A0%C2%A0di-padova
235,55.2,Italy,85.5,153,University of Trento,"1,116",,62%,38%,47%,53%,201-250,931,"16,881",https://www.topuniversities.com/universities/university-trento
236,52.2,Germany,88.5,413,Albert-Ludwigs-Universitaet Freiburg,"3,897",,51%,49%,43%,57%,201-250,"1,966","23,214",https://www.topuniversities.com/universities/albert-ludwigs-universitaet-freiburg
237,56.9,France,81,253,Université Pierre et Marie Curie (UPMC),"4,213",,64%,36%,48%,52%,201-250,"2,273","24,305",https://www.topuniversities.com/universities/universit%C3%A9-pierre-et-marie-curie-upmc
238,48.2,Ireland,78,459,University College Cork,"2,171",,41%,59%,21%,79%,201-250,"1,206","15,933",https://www.topuniversities.com/universities/university-college-cork
239,50.8,United States,84.2,266,The University of Arizona,"3,561",,42%,58%,20%,80%,201-250,"2,906","38,379",https://www.topuniversities.com/universities/university-arizona
240,47,Canada,84.8,809,University of Calgary,"5,980",,38%,62%,19%,81%,201-250,"2,689","30,195",https://www.topuniversities.com/universities/university-calgary
241,47.9,United States,88.6,566,University of Colorado Boulder,"2,679",,27%,73%,13%,87%,201-250,"3,685","30,219",https://www.topuniversities.com/universities/university-colorado-boulder
242,51.9,Netherlands,89,"1,137",University of Groningen,"10,780",,50%,50%,36%,64%,201-250,"3,351","27,549",https://www.topuniversities.com/universities/university-groningen
243,47.6,Australia,86.3,499,"The University of Newcastle, Australia (UON)","3,032",,58%,42%,9%,91%,201-250,"1,058","13,012",https://www.topuniversities.com/universities/university-newcastle-australia-uon
244,55.2,United States,89,572,University of Pittsburgh,"2,937",,77%,23%,31%,69%,201-250,"4,982","26,393",https://www.topuniversities.com/universities/university-pittsburgh
245,51.2,Portugal,77.8,61,University of Porto,"1,543",,78%,22%,28%,72%,201-250,"1,750","27,966",https://www.topuniversities.com/universities/university-porto
246,48.9,Australia,84.3,"1,177",University of South Australia,"3,634",,30%,70%,13%,87%,201-250,"1,435","17,388",https://www.topuniversities.com/universities/university-south-australia
247,51,Canada,89.4,246,University of Victoria,"3,103",,30%,70%,16%,84%,201-250,818,"19,087",https://www.topuniversities.com/universities/university-victoria
248,58,New Zealand,69.2,234,University of Waikato,"2,358",,30%,70%,18%,82%,201-250,565,"9,474",https://www.topuniversities.com/universities/university-waikato
249,51.9,Australia,81.8,551,University of Wollongong,"4,730",,59%,41%,24%,76%,201-250,"1,301","18,476",https://www.topuniversities.com/universities/university-wollongong
250,62.3,Israel,88,2,Weizmann Institute of Science,41,,%,%,92%,%,201-250,205,906,https://www.topuniversities.com/universities/weizmann-institute-science
251,43.6,Canada,88,702,The University of Western Ontario,"4,826",,34%,66%,19%,81%,201-250,"1,546","29,037",https://www.topuniversities.com/universities/university-western-ontario
252,56.3,New Zealand,65.8,512,Auckland University of Technology (AUT),"7,736",,26%,74%,19%,81%,251-300,"1,134","18,160",https://www.topuniversities.com/universities/auckland-university-technology-aut
253,60.6,Russia,30.5,16,Bauman Moscow State Technical University,"1,452",,38%,62%,57%,43%,251-300,"4,897","20,328",https://www.topuniversities.com/universities/bauman-moscow-state-technical-university
254,45.1,China,77.8,56,Beihang University (former BUAA),"1,495",,57%,43%,39%,61%,251-300,"2,541","46,241",https://www.topuniversities.com/universities/beihang-university-former-buaa
255,46.4,China,73.3,248,Beijing Normal University ,"1,586",,%,%,58%,42%,251-300,"1,734","20,252",https://www.topuniversities.com/universities/beijing-normal-university
256,48.1,China,68.3,79,Beijing University of Technology,453,,29%,71%,33%,67%,251-300,"1,601","20,958",https://www.topuniversities.com/universities/beijing-university-technology
257,43,Turkey,86.3,43,Bogaziçi Üniversitesi,"1,015",,14%,86%,24%,76%,251-300,447,"11,967",https://www.topuniversities.com/universities/bogazi%C3%A7i-%C3%BCniversitesi
258,42.1,United Kingdom,92.5,349,Brunel University London,"4,735",,37%,63%,21%,79%,251-300,845,"11,795",https://www.topuniversities.com/universities/brunel-university-london
259,58.1,Czech Republic,74,404,Charles University,"8,112",,78%,22%,64%,36%,251-300,"4,618","50,495",https://www.topuniversities.com/universities/charles-university
260,54.6,Thailand,65.7,219,Chulalongkorn University,645,,84%,16%,34%,66%,251-300,"2,841","38,734",https://www.topuniversities.com/universities/chulalongkorn-university
261,43.6,Canada,83.5,361,Concordia University,"8,729",,45%,55%,20%,80%,251-300,"1,329","31,324",https://www.topuniversities.com/universities/concordia-university
262,47.5,United States,79.6,27,Dartmouth College,945,,62%,38%,32%,68%,251-300,939,"6,224",https://www.topuniversities.com/universities/dartmouth-college
263,47.3,Ireland,72.8,306,Dublin City University,"2,263",,32%,68%,15%,85%,251-300,"1,080","12,008",https://www.topuniversities.com/universities/dublin-city-university
264,42,Saudi Arabia,86.2,"1,858",King Abdulaziz University (KAU),"6,985",,31%,69%,16%,84%,251-300,"4,134","33,310",https://www.topuniversities.com/universities/king-abdulaziz-university-kau
265,49.8,Netherlands,81.6,581,Leiden University,"3,488",,63%,37%,39%,61%,251-300,"2,324","26,513",https://www.topuniversities.com/universities/leiden-university
266,47.9,Sweden,87.5,370,Linköping University,"1,564",,65%,35%,37%,63%,251-300,"2,310","18,148",https://www.topuniversities.com/universities/link%C3%B6ping-university
267,45.7,Turkey,78.8,68,Middle East Technical University,"1,474",,33%,67%,31%,69%,251-300,"1,123","27,295",https://www.topuniversities.com/universities/middle-east-technical-university
268,53.4,Russia,49.4,129,Moscow Institute of Physics and Technology (MIPT / Moscow Phystech),786,,44%,44%,36%,60%,251-300,"1,144","5,922",https://www.topuniversities.com/universities/moscow-institute-physics-technology-mipt-moscow-phystech
269,51.1,Malaysia,69.6,90,Multimedia University (MMU),"2,062",,30%,70%,8%,92%,251-300,612,"10,189",https://www.topuniversities.com/universities/multimedia-university-mmu
270,54.5,Japan,68.1,206,Nagoya University,"1,547",,80%,20%,38%,62%,251-300,"2,665","15,838",https://www.topuniversities.com/universities/nagoya-university
271,46.3,Taiwan,81.5,11,National Chung Hsing University,710,,36%,64%,39%,61%,251-300,822,"14,252",https://www.topuniversities.com/universities/national-chung-hsing-university
272,51.6,Pakistan,72.6,26,National University of Sciences And Technology (NUST) Islamabad,298,,1%,99%,30%,70%,251-300,"1,377","10,056",https://www.topuniversities.com/universities/national-university-sciences-technology-nust-islamabad
273,60.4,Russia,41,45,Novosibirsk State University,"1,342",,25%,75%,26%,74%,251-300,"1,038","7,204",https://www.topuniversities.com/universities/novosibirsk-state-university
274,61.6,Brazil,65.2,62,Pontifícia Universidade Católica do Rio de Janeiro,678,,46%,54%,17%,83%,251-300,753,"15,425",https://www.topuniversities.com/universities/pontif%C3%ADcia-universidade-cat%C3%B3lica-do-rio-de-janeiro
275,43.6,United Kingdom,82.1,767,Queen's University Belfast,"5,715",,22%,78%,19%,81%,251-300,"1,720","17,831",https://www.topuniversities.com/universities/queens-university-belfast
276,46.5,United States,87.5,97,Rensselaer Polytechnic Institute,"1,137",,46%,54%,15%,85%,251-300,588,"6,834",https://www.topuniversities.com/universities/rensselaer-polytechnic-institute
277,56.2,United Kingdom,74,308,Royal Holloway University of London,"3,509",,37%,63%,24%,76%,251-300,717,"9,060",https://www.topuniversities.com/universities/royal-holloway-university-london
278,44.5,South Korea,72.6,60,Sogang University,672,,35%,65%,23%,77%,251-300,957,"9,596",https://www.topuniversities.com/universities/sogang-university
279,52.9,Sweden,78.7,646,Stockholm University,"2,636",,50%,50%,24%,76%,251-300,"2,154","28,281",https://www.topuniversities.com/universities/stockholm-university
280,47.9,Spain,91.9,77,University of Granada,"5,626",,21%,79%,10%,90%,251-300,"3,230","55,736",https://www.topuniversities.com/universities/university-granada
281,39.8,Italy,85.6,12,University of Naples - Federico II,369,,12%,88%,18%,82%,251-300,"2,359","79,894",https://www.topuniversities.com/universities/university-naples-federico-ii
282,46.7,Canada,82.5,255,Université du Québec,"3,271",,%,%,19%,81%,251-300,"1,711","46,514",https://www.topuniversities.com/universities/universit%C3%A9-du-qu%C3%A9bec
283,52.3,France,76.4,244,Université Grenoble-Alpes,"5,308",,63%,37%,37%,63%,251-300,"2,374","40,758",https://www.topuniversities.com/universities/universit%C3%A9-grenoble-alpes
284,48.2,Belgium,82.2,286,Universite libre de Bruxelles,"7,539",,53%,47%,48%,52%,251-300,810,"23,021",https://www.topuniversities.com/universities/universite-libre-de-bruxelles
285,48.7,France,81.3,640,Université Paris-Sud,"4,421",,68%,32%,47%,53%,251-300,"3,754","26,945",https://www.topuniversities.com/universities/universit%C3%A9-paris-sud
286,54.4,Malaysia,65.1,76,Universiti Teknologi MARA - UiTM,116,,100%,%,16%,84%,251-300,"3,111","42,376",https://www.topuniversities.com/universities/universiti-teknologi-mara-uitm
287,51.7,Malaysia,73.8,138,Universiti Teknologi Petronas (Petronas),"1,008",,57%,43%,17%,83%,251-300,458,"5,938",https://www.topuniversities.com/universities/universiti-teknologi-petronas-petronas
288,40.1,United States,92.7,193,"University of California, Riverside","1,657",,55%,45%,13%,87%,251-300,"1,186","21,066",https://www.topuniversities.com/universities/university-california-riverside
289,49.7,United States,91.9,89,"University of California, Santa Cruz",938,,39%,61%,9%,91%,251-300,928,"17,550",https://www.topuniversities.com/universities/university-california-santa-cruz
290,48.8,Portugal,81.2,69,University of Coimbra,"3,623",,56%,44%,58%,42%,251-300,"1,407","21,214",https://www.topuniversities.com/universities/university-coimbra
291,45.5,United States,90,504,University of Florida,"4,597",,88%,12%,31%,69%,251-300,"5,419","45,485",https://www.topuniversities.com/universities/university-florida
292,43.8,Belgium,85.5,482,Ghent University,"3,766",,80%,20%,45%,55%,251-300,"2,520","35,968",https://www.topuniversities.com/universities/ghent-university
293,46.9,United Kingdom,83.8,870,University of Leeds,"7,534",,57%,43%,25%,75%,251-300,"3,025","29,645",https://www.topuniversities.com/universities/university-leeds
294,49.3,United Kingdom,84.1,717,University of Liverpool,"7,502",,27%,73%,16%,84%,251-300,"2,390","22,065",https://www.topuniversities.com/universities/university-liverpool
295,44.2,Canada,85,497,University of Ottawa,"6,181",,34%,66%,23%,77%,251-300,"1,586","35,003",https://www.topuniversities.com/universities/university-ottawa
296,48.3,United Kingdom,84.8,410,University of Surrey,"5,749",,34%,66%,19%,81%,251-300,"1,050","14,637",https://www.topuniversities.com/universities/university-surrey
297,56.1,Poland,77.9,168,University of Warsaw ,"2,712",,53%,47%,48%,52%,251-300,"3,522","42,844",https://www.topuniversities.com/universities/university-warsaw
298,47.5,United States,87.6,470,Vanderbilt University,"1,671",,55%,45%,43%,57%,251-300,"4,220","12,037",https://www.topuniversities.com/universities/vanderbilt-university
299,48.8,Belgium,80,515,Vrije Universiteit Brussel (VUB),"1,853",,81%,19%,53%,47%,251-300,"1,792","9,284",https://www.topuniversities.com/universities/vrije-universiteit-brussel-vub
300,45.5,Canada,83.4,328,York University,"8,932",,12%,88%,8%,92%,251-300,"2,357","40,325",https://www.topuniversities.com/universities/york-university
301,41.1,Greece,82.1,11,Aristotle University of Thessaloniki,"4,387",,11%,89%,18%,82%,301-350,"1,848","45,712",https://www.topuniversities.com/universities/aristotle-university-thessaloniki
302,44.8,China,77.4,37,Beijing Jiaotong University,"1,175",,39%,61%,40%,60%,301-350,"1,928","26,580",https://www.topuniversities.com/universities/beijing-jiaotong-university
303,39.8,China,76.8,66,Beijing University of Posts and Telecommunications,196,,58%,42%,62%,38%,301-350,"1,709","8,633",https://www.topuniversities.com/universities/beijing-university-posts-telecommunications
304,48.6,Israel,86.2,305,Ben Gurion University of The Negev,"2,632",,37%,63%,29%,71%,301-350,"1,095","17,072",https://www.topuniversities.com/universities/ben-gurion-university-negev
305,47.2,Czech Republic,72.6,92,Brno University of Technology,"3,995",,33%,67%,40%,60%,301-350,"1,322","20,343",https://www.topuniversities.com/universities/brno-university-technology
306,51,Hungary,72.8,13,Budapest University of Technology and Economics,807,,34%,66%,25%,75%,301-350,"1,375","19,499",https://www.topuniversities.com/universities/budapest-university-technology-economics
307,45.2,United Kingdom,73.4,372,"City, University of London","6,958",,44%,56%,35%,65%,301-350,863,"13,808",https://www.topuniversities.com/universities/city-university-london
308,49.2,Germany,76.9,796,Eberhard Karls Universität Tübingen,"3,860",,57%,43%,56%,44%,301-350,"3,844","27,366",https://www.topuniversities.com/universities/eberhard-karls-universit%C3%A4t-t%C3%BCbingen
309,48.7,Germany,77.6,641,University of Göttingen,"3,736",,62%,38%,33%,67%,301-350,"3,678","30,402",https://www.topuniversities.com/universities/university-g%C3%B6ttingen
310,49.4,Japan,66.3,210,Hokkaido University,"1,347",,87%,13%,34%,66%,301-350,"2,605","17,552",https://www.topuniversities.com/universities/hokkaido-university
311,42.4,"Hong Kong S.A.R., China",84,413,Hong Kong Baptist University,"2,518",,68%,32%,25%,75%,301-350,827,"9,206",https://www.topuniversities.com/universities/hong-kong-baptist-university
312,49.2,India,81,4,Indian Institute of Technology Roorkee (IITR),95,,100%,%,46%,54%,301-350,496,"8,240",https://www.topuniversities.com/universities/indian-institute-technology-roorkee-iitr
313,52.5,,84.4,,Indian Statistical Institute,,,,,,,301-350,,,https://www.topuniversities.com/universities/indian-statistical-institute
314,40.7,United States,89.6,278,Iowa State University,"3,561",,46%,54%,13%,87%,301-350,"2,193","33,306",https://www.topuniversities.com/universities/iowa-state-university
315,43.3,Turkey,77.9,53,Istanbul Technical University,"1,652",,50%,50%,40%,60%,301-350,"2,410","38,387",https://www.topuniversities.com/universities/istanbul-technical-university
316,42.2,Saudi Arabia,83.9,130,King Abdullah University of Science & Technology,633,,100%,%,100%,%,301-350,133,901,https://www.topuniversities.com/universities/king-abdullah-university-science-technology
317,43.6,South Korea,73.2,87,Kyungpook National University,927,,48%,52%,17%,83%,301-350,"2,082","28,583",https://www.topuniversities.com/universities/kyungpook-national-university
318,44.6,Australia,79.8,518,La Trobe University,"8,071",,39%,61%,20%,80%,301-350,"1,253","24,600",https://www.topuniversities.com/universities/la-trobe-university
319,44.8,United Kingdom,81.8,376,Loughborough University,"3,222",,56%,44%,19%,81%,301-350,"1,315","15,335",https://www.topuniversities.com/universities/loughborough-university
320,47.7,Taiwan,69.7,47,National Chengchi University,"1,556",,42%,58%,26%,74%,301-350,862,"11,323",https://www.topuniversities.com/universities/national-chengchi-university
321,44.5,Taiwan,83.3,82,National Taipei University of Technology,761,,40%,60%,42%,58%,301-350,781,"8,072",https://www.topuniversities.com/universities/national-taipei-university-technology
322,46.3,United Kingdom,63.1,212,Oxford Brookes University,"3,574",,35%,65%,19%,81%,301-350,890,"13,550",https://www.topuniversities.com/universities/oxford-brookes-university
323,45,China,76.8,115,Renmin (People's) University of China,"1,231",,26%,74%,53%,47%,301-350,"2,273","25,882",https://www.topuniversities.com/universities/renmin-peoples-university-china
324,42.6,Finland,79,100,Tampere University of Technology ,563,,94%,6%,48%,52%,301-350,705,"5,718",https://www.topuniversities.com/universities/tampere-university-technology
325,47.1,Spain,81,100,Universitat Politècnica de València,"2,519",,53%,47%,26%,74%,301-350,"3,132","20,881",https://www.topuniversities.com/universities/universitat-polit%C3%A8cnica-de-val%C3%A8ncia
326,59.9,Brazil,77.8,19,Universidade Federal de Pernambuco (UFPE),249,,78%,22%,34%,66%,301-350,"2,609","37,557",https://www.topuniversities.com/universities/universidade-federal-de-pernambuco-ufpe
327,48.5,Italy,80.1,13,University of Genoa,"2,879",,32%,68%,38%,62%,301-350,"1,294","31,222",https://www.topuniversities.com/universities/university-genoa
328,44.5,Italy,83.8,89,"University of Rome ""Tor Vergata""","3,790",,38%,59%,14%,86%,301-350,"1,694","36,930",https://www.topuniversities.com/universities/university-rome-tor-vergata
329,44,Germany,80.7,120,Friedrich-Alexander-Universität Erlangen-Nürnberg,"4,462",,57%,43%,42%,58%,301-350,"1,058","38,111",https://www.topuniversities.com/universities/friedrich-alexander-universit%C3%A4t-erlangen-n%C3%BCrnberg
330,46.3,Germany,82.9,469,Universität Hamburg,"4,391",,62%,38%,52%,48%,301-350,"4,257","38,182",https://www.topuniversities.com/universities/universit%C3%A4t-hamburg
331,42.4,Germany,85.9,134,Universität  Leipzig,"3,510",,%,%,%,%,301-350,"2,475","28,907",https://www.topuniversities.com/universities/universit%C3%A4t-leipzig
332,58.2,France,77.4,219,Université Paris Diderot - Paris 7,"5,155",,53%,27%,50%,52%,301-350,"2,097","27,624",https://www.topuniversities.com/universities/universit%C3%A9-paris-diderot-paris-7
333,41.5,Belgium,82.6,628,University of Antwerp,"2,563",,55%,45%,40%,60%,301-350,"2,644","15,841",https://www.topuniversities.com/universities/university-antwerp
334,48.6,Norway,85.6,484,University of Bergen,767,,79%,21%,57%,43%,301-350,"1,513","10,671",https://www.topuniversities.com/universities/university-bergen
335,45.5,Switzerland,79.2,661,University of Bern,"1,618",,81%,19%,51%,49%,301-350,"1,172","10,758",https://www.topuniversities.com/universities/university-bern
336,49.3,United Kingdom,82.9,484,University of Essex,"5,600",,33%,67%,22%,78%,301-350,982,"12,720",https://www.topuniversities.com/universities/university-essex
337,47,United Kingdom,80.3,624,University of Kent,"5,115",,32%,68%,16%,84%,301-350,"1,495","17,755",https://www.topuniversities.com/universities/university-kent
338,44.3,Italy,74.7,39,University of Milano-Bicocca ,"1,994",,29%,71%,36%,64%,301-350,"1,205","33,945",https://www.topuniversities.com/universities/university-milano-bicocca
339,36.6,United States,87.5,351,University of Notre Dame,"1,176",,66%,34%,30%,70%,301-350,"1,170","12,054",https://www.topuniversities.com/universities/university-notre-dame
340,47.9,United Kingdom,76.8,485,University of St Andrews,"4,030",,30%,70%,21%,79%,301-350,"1,140","8,800",https://www.topuniversities.com/universities/university-st-andrews
341,40.8,United States,91.2,64,"The University of Tennessee, Knoxville","1,001",,62%,38%,19%,81%,301-350,"1,819","25,907",https://www.topuniversities.com/universities/university-tennessee-knoxville
342,47.7,United States,83.6,116,University of Texas Dallas,"5,145",,91%,9%,34%,66%,301-350,"1,032","20,767",https://www.topuniversities.com/universities/university-texas-dallas
343,54,Japan,70.3,174,University of Tsukuba,"2,149",,79%,21%,40%,60%,301-350,"2,128","16,637",https://www.topuniversities.com/universities/university-tsukuba
344,48.2,Netherlands,87.6,299,University of Twente,"2,235",,48%,52%,43%,57%,301-350,910,"9,332",https://www.topuniversities.com/universities/university-twente
345,48,United States,92.5,296,University of Utah,"2,213",,47%,53%,26%,74%,301-350,"3,467","25,380",https://www.topuniversities.com/universities/university-utah
346,49.3,Poland,70.2,23,Warsaw University of Technology,"1,507",,49%,48%,34%,66%,301-350,"2,349","34,915",https://www.topuniversities.com/universities/warsaw-university-technology
347,49,United States,85.5,784,Washington University in St. Louis,"2,706",,80%,20%,48%,52%,301-350,"2,699","13,474",https://www.topuniversities.com/universities/washington-university-st-louis
348,47.4,Germany,82,487,Westfälische Wilhelms-Universität Münster ,"2,809",,61%,39%,53%,47%,301-350,"4,202","42,715",https://www.topuniversities.com/universities/westf%C3%A4lische-wilhelms-universit%C3%A4t-m%C3%BCnster
349,45.8,China,82.1,22,Xidian University,266,,17%,83%,35%,65%,301-350,"1,724","32,466",https://www.topuniversities.com/universities/xidian-university
350,41.1,Greece,70.9,2,Athens University of Economics and Business,427,,11%,89%,15%,85%,351-400,262,"9,959",https://www.topuniversities.com/universities/athens-university-economics-business
351,52.2,Indonesia,49,222,Bandung Institute of Technology (ITB),242,,45%,55%,22%,78%,351-400,"1,665","15,660",https://www.topuniversities.com/universities/bandung-institute-technology-itb
352,42.2,Turkey,75.4,163,Bilkent University,775,,25%,75%,14%,86%,351-400,712,"10,639",https://www.topuniversities.com/universities/bilkent-university
353,39.8,Egypt,77.8,138,Cairo University,"8,371",,20%,80%,5%,95%,351-400,"11,873","183,830",https://www.topuniversities.com/universities/cairo-university
354,39.2,Canada,84,134,Carleton University,"4,389",,21%,79%,14%,86%,351-400,"1,124","25,479",https://www.topuniversities.com/universities/carleton-university
355,42.2,South Korea,71.8,313,Chung-Ang University (CAU),"2,785",,32%,68%,18%,82%,351-400,"2,919","19,291",https://www.topuniversities.com/universities/chung-ang-university-cau
356,40.9,United States,82.7,398,City University of New York,"7,421",,24%,76%,12%,88%,351-400,"8,139","128,410",https://www.topuniversities.com/universities/city-university-new-york
357,41.8,Pakistan,74.5,27,COMSATS Institute of Information Technology ,121,,31%,69%,14%,86%,351-400,"2,741","29,811",https://www.topuniversities.com/universities/comsats-institute-information-technology
358,37.5,United Kingdom,80.3,246,Cranfield University,"2,056",,100%,%,100%,%,351-400,650,"2,750",https://www.topuniversities.com/universities/cranfield-university
359,39.9,United Kingdom,80.2,586,Durham University,"4,690",,48%,52%,22%,78%,351-400,"1,539","16,745",https://www.topuniversities.com/universities/durham-university
360,42.9,United States,82.2,121,Florida State University,"1,614",,77%,23%,18%,82%,351-400,"2,022","36,701",https://www.topuniversities.com/universities/florida-state-university
361,47,United States,83,81,George Mason University,"2,090",,54%,46%,25%,75%,351-400,"1,833","25,984",https://www.topuniversities.com/universities/george-mason-university
362,40.6,United States,79.8,261,George Washington University,"3,814",,67%,33%,53%,47%,351-400,"1,708","22,884",https://www.topuniversities.com/universities/george-washington-university
363,43.1,United States,68.9,193,Georgetown University,"2,770",,70%,30%,55%,45%,351-400,"1,859","15,690",https://www.topuniversities.com/universities/georgetown-university
364,48.5,United Kingdom,61.8,185,"Goldsmiths, University of London","2,652",,44%,56%,29%,71%,351-400,590,"7,595",https://www.topuniversities.com/universities/goldsmiths-university-london
365,49.2,,68.8,,Institut polytechnique de Grenoble - Grenoble Institute of Technology,,,,,,,351-400,,,https://www.topuniversities.com/universities/institut-polytechnique-de-grenoble-grenoble-institute-technology
366,40.9,United Kingdom,79.9,307,Heriot-Watt University,"3,529",,54%,46%,27%,73%,351-400,795,"9,170",https://www.topuniversities.com/universities/heriot-watt-university
367,53.4,Russia,61.8,88,ITMO University,"1,578",,53%,47%,47%,53%,351-400,"1,235","10,369",https://www.topuniversities.com/universities/itmo-university
368,39.2,United Kingdom,73.8,235,"Kingston University, London","5,837",,26%,74%,17%,83%,351-400,950,"16,950",https://www.topuniversities.com/universities/kingston-university-london
369,45.6,Netherlands,67.4,502,Maastricht University ,"8,234",,33%,67%,37%,63%,351-400,"1,277","16,385",https://www.topuniversities.com/universities/maastricht-university
370,46.6,New Zealand,66.2,516,Massey University,"4,801",,41%,59%,27%,73%,351-400,"1,275","17,263",https://www.topuniversities.com/universities/massey-university
371,40.6,Taiwan,82.2,7,National Chung Cheng University,460,,24%,76%,37%,63%,351-400,602,"10,616",https://www.topuniversities.com/universities/national-chung-cheng-university
372,43.9,Russia,58.8,219,"National Research University Higher School of Economics (HSE, Moscow)","1,861",,41%,59%,26%,74%,351-400,"4,390","26,408",https://www.topuniversities.com/universities/national-research-university-higher-school-economics-hse-moscow
373,49.7,Taiwan,71.3,99,National Taiwan Normal University,"2,269",,34%,66%,36%,64%,351-400,"1,245","8,341",https://www.topuniversities.com/universities/national-taiwan-normal-university
374,37.2,South Korea,76,106,Pusan National University,"1,595",,39%,61%,25%,75%,351-400,"2,203","24,822",https://www.topuniversities.com/universities/pusan-national-university
375,49,Netherlands,85.4,411,Radboud University,"3,133",,38%,62%,38%,62%,351-400,"2,325","20,958",https://www.topuniversities.com/universities/radboud-university
376,43.7,Germany,80.7,137,Ruhr-Universität Bochum,"5,821",,41%,59%,32%,68%,351-400,"1,100","42,427",https://www.topuniversities.com/universities/ruhr-universit%C3%A4t-bochum
377,34.6,China,79.3,193,Shandong University,"1,342",,29%,107%,30%,70%,351-400,"4,176","56,280",https://www.topuniversities.com/universities/shandong-university
378,39.2,China,84.7,168,Southeast University,"1,402",,45%,55%,48%,52%,351-400,"2,771","32,919",https://www.topuniversities.com/universities/southeast-university
379,55.8,United States,88.7,126,"Stony Brook University, State University of New York","6,436",,36%,64%,27%,73%,351-400,"2,147","24,026",https://www.topuniversities.com/universities/stony-brook-university-state-university-new-york
380,45.4,United States,81.5,71,Syracuse University,"3,972",,54%,46%,26%,74%,351-400,"1,346","20,092",https://www.topuniversities.com/universities/syracuse-university
381,37.9,Germany,81.5,,Technische Universität Braunschweig,"2,774",,58%,42%,43%,57%,351-400,"2,348","19,827",https://www.topuniversities.com/universities/technische-universit%C3%A4t-braunschweig
382,43.9,,84.2,,The Open University,,,,,,,351-400,,,https://www.topuniversities.com/universities/open-university
383,41.2,Spain,83.7,37,Universidad de Sevilla,"2,814",,39%,61%,14%,86%,351-400,"3,612","58,606",https://www.topuniversities.com/universities/universidad-de-sevilla
384,45.4,Chile,78.9,53,Universidad Técnica Federico Santa María (USM),180,,24%,76%,7%,93%,351-400,616,"13,014",https://www.topuniversities.com/universities/universidad-t%C3%A9cnica-federico-santa-mar%C3%ADa-usm
385,47.5,Brazil,74.6,74,Universidade Federal de Santa Catarina ,581,,65%,35%,35%,65%,351-400,"2,254","39,006",https://www.topuniversities.com/universities/universidade-federal-de-santa-catarina
386,42.3,Italy,78,149,University of Turin,"4,267",,38%,62%,42%,58%,351-400,"2,679","62,026",https://www.topuniversities.com/universities/university-turin
387,42.8,Germany,85.6,181,Universität Duisburg-Essen,"7,636",,44%,56%,34%,66%,351-400,"1,730","40,979",https://www.topuniversities.com/universities/universit%C3%A4t-duisburg-essen
388,45.7,Germany,68.5,288,Universität Frankfurt am Main,"6,562",,31%,69%,27%,73%,351-400,"3,430","45,427",https://www.topuniversities.com/universities/universit%C3%A4t-frankfurt-am-main
389,48.2,France,70.3,125,Université Paris Dauphine,"2,039",,52%,48%,55%,45%,351-400,697,"8,068",https://www.topuniversities.com/universities/universit%C3%A9-paris-dauphine
390,40.2,United States,87.7,472,University at Buffalo SUNY,"5,604",,49%,51%,31%,69%,351-400,"1,440","27,631",https://www.topuniversities.com/universities/university-buffalo-suny
391,44.1,United Kingdom,73.6,508,University of Aberdeen,"4,246",,36%,64%,23%,77%,351-400,"1,310","12,005",https://www.topuniversities.com/universities/university-aberdeen
392,44.9,United Kingdom,75,440,University of Bath,"4,213",,37%,63%,19%,81%,351-400,"1,165","14,370",https://www.topuniversities.com/universities/university-bath
393,42.8,South Africa,69.1,379,University of Cape Town,"3,325",,30%,70%,18%,82%,351-400,"1,733","19,593",https://www.topuniversities.com/universities/university-cape-town
394,52.2,,84.8,,University of Luxembourg,,,,,,,351-400,,,https://www.topuniversities.com/universities/university-luxembourg
395,44.2,Finland,83.9,149,University of Oulu,539,,91%,9%,42%,58%,351-400,"1,105","10,287",https://www.topuniversities.com/universities/university-oulu
396,50.8,United States,83,488,University of Rochester,"2,805",,55%,45%,38%,62%,351-400,"2,569","9,636",https://www.topuniversities.com/universities/university-rochester
397,41.4,United Kingdom,84.6,467,University of Strathclyde,"4,220",,56%,44%,27%,73%,351-400,"1,430","17,425",https://www.topuniversities.com/universities/university-strathclyde
398,33.3,Australia,93.8,149,Victoria University,"3,434",,30%,70%,14%,86%,351-400,866,"15,059",https://www.topuniversities.com/universities/victoria-university
399,39.2,United States,82.6,479,Washington State University,"1,899",,46%,54%,15%,85%,351-400,"1,977","26,853",https://www.topuniversities.com/universities/washington-state-university
400,45.5,,72.7,,Wroclaw University of Technology,,,,,,,351-400,,,https://www.topuniversities.com/universities/wroclaw-university-technology
401,34.9,,77.4,,Academy of Sciences of the Czech Republic,,,,,,,401-450,,,https://www.topuniversities.com/universities/academy-sciences-czech-republic
402,38.8,,75.7,,Anna University,,,,,,,401-450,,,https://www.topuniversities.com/universities/anna-university
403,50.7,Israel,81.2,233,Bar-Ilan University,"1,000",,30%,70%,52%,48%,401-450,902,"16,681",https://www.topuniversities.com/universities/bar-ilan-university
404,35.1,United States,80.9,45,College of William & Mary,689,,45%,55%,24%,76%,401-450,761,"8,193",https://www.topuniversities.com/universities/college-william-mary
405,39.5,Canada,75,627,Dalhousie University,"3,439",,32%,68%,23%,77%,401-450,"1,007","15,177",https://www.topuniversities.com/universities/dalhousie-university
406,35.3,China,84,142,Dalian University of Technology,"1,007",,51%,49%,37%,63%,401-450,"2,456","40,421",https://www.topuniversities.com/universities/dalian-university-technology
407,45.5,France,72.9,38,Ecole Normale Supérieure de Cachan,260,,97%,3%,85%,15%,401-450,299,"2,015",https://www.topuniversities.com/universities/ecole-normale-sup%C3%A9rieure-de-cachan
408,48.1,France,66.1,91,École Normale Supérieure de Lyon,221,,94%,6%,86%,14%,401-450,382,"2,020",https://www.topuniversities.com/universities/%C3%A9cole-normale-sup%C3%A9rieure-de-lyon
409,39,South Korea,65.6,148,Ewha Womans University,"2,768",,16%,84%,23%,77%,401-450,"2,509","17,190",https://www.topuniversities.com/universities/ewha-womans-university
410,36.4,Taiwan,80.1,22,Feng Chia University,"1,460",,8%,92%,11%,89%,401-450,849,"18,795",https://www.topuniversities.com/universities/feng-chia-university
411,47.6,India,70.1,3,Indian Institute of Technology Guwahati (IITG),50,,94%,6%,52%,48%,401-450,412,"5,473",https://www.topuniversities.com/universities/indian-institute-technology-guwahati-iitg
412,46,Malaysia,66,290,International Islamic University Malaysia (IIUM),"5,115",,51%,49%,20%,80%,401-450,"1,673","24,525",https://www.topuniversities.com/universities/international-islamic-university-malaysia-iium
413,39.8,India,87.2,,Jadavpur University,43,,33%,67%,32%,68%,401-450,767,"9,569",https://www.topuniversities.com/universities/jadavpur-university
414,39.6,China,74.3,611,Jilin University,"1,381",,32%,68%,34%,66%,401-450,"6,994","65,300",https://www.topuniversities.com/universities/jilin-university
415,46.3,Japan,61.9,102,Kobe University,956,,88%,12%,28%,72%,401-450,"1,926","16,356",https://www.topuniversities.com/universities/kobe-university
416,37.6,South Korea,72.7,178,Konkuk University,"1,719",,27%,73%,13%,87%,401-450,"2,566","22,790",https://www.topuniversities.com/universities/konkuk-university
417,53.6,Pakistan,50.7,11,Lahore University of Management Sciences (LUMS),6,,17%,83%,16%,84%,401-450,276,"4,091",https://www.topuniversities.com/universities/lahore-university-management-sciences-lums
418,52.5,Russia,43.2,210,Peter the Great Saint-Petersburg Polytechnic University,"3,282",,24%,76%,24%,76%,401-450,"2,978","17,571",https://www.topuniversities.com/universities/peter-great-saint-petersburg-polytechnic-university
419,43.2,Brazil,82.6,14,Pontifícia Universidade Católica do Rio Grande do Sul (PUCRS),163,,28%,72%,10%,90%,401-450,886,"21,339",https://www.topuniversities.com/universities/pontif%C3%ADcia-universidade-cat%C3%B3lica-do-rio-grande-do-sul-pucrs
420,48.2,Pakistan,67.5,8,Quaid-i-Azam University,39,,103%,10%,52%,48%,401-450,401,"13,724",https://www.topuniversities.com/universities/quaid-i-azam-university
421,35.9,South Korea,68.1,77,Sejong University ,994,,42%,58%,12%,88%,401-450,918,"11,882",https://www.topuniversities.com/universities/sejong-university
422,33.2,China,79,19,South China University of Technology,"1,883",,%,%,42%,58%,401-450,"2,644","41,373",https://www.topuniversities.com/universities/south-china-university-technology
423,40.4,United States,80.8,45,Stevens Institute of Technology,"2,231",,94%,6%,46%,54%,401-450,315,"5,811",https://www.topuniversities.com/universities/stevens-institute-technology
424,29.8,China,80,888,Tongji University,"3,880",,43%,57%,52%,48%,401-450,"2,708","35,809",https://www.topuniversities.com/universities/tongji-university
425,50.4,Colombia,57.9,148,Universidad de los Andes,293,,33%,67%,17%,83%,401-450,"1,089","16,665",https://www.topuniversities.com/universities/universidad-de-los-andes
426,38,Italy,83.7,137,University of Florence,"3,897",,40%,60%,44%,56%,401-450,"3,195","53,016",https://www.topuniversities.com/universities/university-florence
427,40.2,Italy,73.9,54,Università degli Studi di Pavia,"1,652",,52%,48%,49%,51%,401-450,"1,141","23,927",https://www.topuniversities.com/universities/universit%C3%A0-degli-studi-di-pavia
428,42.4,Italy,76.2,46,Università degli studi Roma Tre,"1,566",,23%,77%,24%,76%,401-450,817,"34,863",https://www.topuniversities.com/universities/universit%C3%A0-degli-studi-roma-tre
429,45.4,Germany,78,138,Universität Bielefeld,"1,845",,55%,45%,42%,58%,401-450,"1,433","24,255",https://www.topuniversities.com/universities/universit%C3%A4t-bielefeld
430,42.6,Germany,80.4,180,Universität Bremen,"1,786",,47%,53%,28%,72%,401-450,"1,381","18,080",https://www.topuniversities.com/universities/universit%C3%A4t-bremen
431,41.6,Austria,80.7,665,Universität Innsbruck,"5,744",,44%,56%,46%,54%,401-450,"1,571","14,648",https://www.topuniversities.com/universities/universit%C3%A4t-innsbruck
432,40.8,Germany,78,223,Universität Konstanz,"1,500",,44%,54%,23%,78%,401-450,"1,064","11,420",https://www.topuniversities.com/universities/universit%C3%A4t-konstanz
433,45.7,France,73,309,Université Nice Sophia Antipolis,"6,177",,58%,42%,41%,59%,401-450,"1,333","29,547",https://www.topuniversities.com/universities/universit%C3%A9-nice-sophia-antipolis
434,44.9,France,51.1,143,Université Paris 1 Panthéon-Sorbonne ,"9,184",,58%,42%,44%,56%,401-450,"1,330","38,000",https://www.topuniversities.com/universities/universit%C3%A9-paris-1-panth%C3%A9on-sorbonne
435,48.9,France,72.2,132,Université Paul Sabatier Toulouse III,"4,049",,41%,59%,40%,60%,401-450,"2,383","28,766",https://www.topuniversities.com/universities/universit%C3%A9-paul-sabatier-toulouse-iii
436,45.9,,85.5,,USI Università della Svizzera italiana / USI University of Lugano,,,,,,,401-450,,,https://www.topuniversities.com/universities/usi-universit%C3%A0-della-svizzera-italiana-usi-university-lugano
437,37.3,United States,84.4,485,University of Connecticut,"2,797",,65%,35%,26%,74%,401-450,"2,290","24,607",https://www.topuniversities.com/universities/university-connecticut
438,42,India,60.3,17,University of Delhi,183,,95%,5%,96%,4%,401-450,"1,205","23,218",https://www.topuniversities.com/universities/university-delhi
439,32.7,United States,87.1,64,University of Houston,"3,510",,64%,36%,20%,80%,401-450,"1,500","32,750",https://www.topuniversities.com/universities/university-houston
440,35.4,Ireland,67.5,351,University of Limerick,"1,134",,49%,51%,18%,82%,401-450,891,"11,628",https://www.topuniversities.com/universities/university-limerick
441,40.9,United States,75.8,20,University of Massachusetts - Boston ,520,,74%,26%,18%,82%,401-450,840,"12,337",https://www.topuniversities.com/universities/university-massachusetts-boston
442,39.9,United States,82.8,145,University of New Mexico,903,,69%,31%,20%,80%,401-450,"2,219","21,521",https://www.topuniversities.com/universities/university-new-mexico
443,35,Greece,80.7,6,University of Patras,841,,12%,88%,15%,85%,401-450,800,"26,044",https://www.topuniversities.com/universities/university-patras
444,38.5,South Africa,74.7,258,University of Pretoria,"4,211",,48%,52%,19%,81%,401-450,"1,625","43,971",https://www.topuniversities.com/universities/university-pretoria
445,44.1,United Kingdom,69.2,422,University of Reading,"4,077",,50%,50%,26%,74%,401-450,"1,280","13,330",https://www.topuniversities.com/universities/university-reading
446,49.4,United Kingdom,68.7,452,University of Sussex,"5,152",,39%,61%,25%,75%,401-450,"1,215","14,245",https://www.topuniversities.com/universities/university-sussex
447,43.6,Estonia,70.2,119,University of Tartu,832,,87%,13%,48%,52%,401-450,"1,402","10,071",https://www.topuniversities.com/universities/university-tartu
448,39.3,Australia,77,996, Western Sydney University,"4,689",,34%,66%,13%,87%,401-450,"1,666","32,458",https://www.topuniversities.com/universities/western-sydney-university
449,44.3,,56.9,,WU (Vienna University of Economics and Business),,,,,,,401-450,,,https://www.topuniversities.com/universities/wu-vienna-university-economics-business
450,37.6,Poland,74.8,,AGH University of Science and Technology,465,,11%,%,10%,%,451-500,"1,823","26,882",https://www.topuniversities.com/universities/agh-university-science-technology
451,38.2,South Korea,74,55,Ajou University ,561,,66%,34%,22%,78%,451-500,"1,255","11,510",https://www.topuniversities.com/universities/ajou-university
452,37.3,Lebanon,67.8,455,American University of Beirut (AUB),"1,770",,14%,86%,18%,82%,451-500,996,"8,239",https://www.topuniversities.com/universities/american-university-beirut-aub
453,45.1,Thailand,59,102,"Asian Institute of Technology, Thailand","1,650",,66%,34%,75%,25%,451-500,157,"2,289",https://www.topuniversities.com/universities/asian-institute-technology-thailand
454,36.9,United Kingdom,72.7,256,"Birkbeck, University of London","2,702",,38%,62%,35%,65%,451-500,620,"6,870",https://www.topuniversities.com/universities/birkbeck-university-london
455,33.4,United States,81.1,18,Brigham Young University,"1,111",,20%,80%,8%,92%,451-500,"1,492","30,718",https://www.topuniversities.com/universities/brigham-young-university
456,39.2,South Korea,69.5,108,Chonbuk National University,825,,64%,36%,17%,83%,451-500,"2,248","20,790",https://www.topuniversities.com/universities/chonbuk-national-university
457,31.5,United States,79.1,350,Colorado State University,"1,656",,45%,55%,13%,87%,451-500,"2,967","25,902",https://www.topuniversities.com/universities/colorado-state-university
458,41.8,Ireland,52.4,194,Dublin Institute of Technology,"2,620",,25%,75%,12%,88%,451-500,911,"14,734",https://www.topuniversities.com/universities/dublin-institute-technology
459,37.7,United States,77.2,484,Emory University,"2,154",,45%,55%,47%,53%,451-500,"2,560","12,852",https://www.topuniversities.com/universities/emory-university
460,49.5,Hungary,62.2,33,Eötvös Lorànd University   ,"1,675",,48%,52%,42%,58%,451-500,"1,540","22,933",https://www.topuniversities.com/universities/e%C3%B6tv%C3%B6s-lor%C3%A0nd-university
461,32.8,Australia,77.7,809,Griffith University,"6,004",,33%,67%,15%,85%,451-500,"1,882","31,772",https://www.topuniversities.com/universities/griffith-university
462,41,South Korea,74.2,11,Gwangju Institute of Science and Technology (GIST),109,,99%,1%,67%,33%,451-500,169,"1,837",https://www.topuniversities.com/universities/gwangju-institute-science-technology-gist
463,36.4,Turkey,68.4,89,Koc University ,320,,74%,26%,18%,82%,451-500,521,"5,181",https://www.topuniversities.com/universities/koc-university
464,34,Germany,80.7,32,Leibniz Universität Hannover,"3,020",,48%,52%,31%,69%,451-500,533,"26,081",https://www.topuniversities.com/universities/leibniz-universit%C3%A4t-hannover
465,40.1,,77.1,,Lulea University,,,,,,,451-500,,,https://www.topuniversities.com/universities/lulea-university
466,37.2,China,78.2,38,Nanjing University of Aeronautics and Astronautics,911,,28%,72%,34%,66%,451-500,"2,096","27,268",https://www.topuniversities.com/universities/nanjing-university-aeronautics-astronautics
467,38.5,China,80.8,45,Nanjing University of Science and Technology,774,,33%,67%,37%,63%,451-500,"2,165","27,759",https://www.topuniversities.com/universities/nanjing-university-science-technology
468,39.7,China,75.8,209,Northeastern University (China),861,,36%,64%,35%,65%,451-500,"2,307","30,817",https://www.topuniversities.com/universities/northeastern-university-china
469,23.6,Canada,87.6,,Ryerson University,"1,109",,20%,80%,6%,94%,451-500,866,"32,575",https://www.topuniversities.com/universities/ryerson-university
470,35.6,Turkey,70.2,65,Sabanci University,369,,44%,56%,17%,83%,451-500,347,"3,715",https://www.topuniversities.com/universities/sabanci-university
471,36.9,United States,87.9,92,Temple University,"2,743",,41%,59%,23%,77%,451-500,"2,697","33,865",https://www.topuniversities.com/universities/temple-university
472,37.1,United States,73.6,292,Tufts University,"1,267",,62%,38%,50%,50%,451-500,"1,282","10,468",https://www.topuniversities.com/universities/tufts-university
473,46.5,Mexico,58.5,90,Universidad Autónoma de Nuevo León,86,,20%,80%,6%,94%,451-500,"4,027","92,562",https://www.topuniversities.com/universities/universidad-aut%C3%B3noma-de-nuevo-le%C3%B3n
474,46.1,Mexico,64,31,Universidad de Guadalajara (UDG),420,,61%,39%,5%,95%,451-500,"5,773","120,298",https://www.topuniversities.com/universities/universidad-de-guadalajara-udg
475,38.1,Spain,57.9,91,University of Navarra,"1,921",,62%,38%,27%,73%,451-500,"1,015","10,450",https://www.topuniversities.com/universities/university-navarra
476,44.2,Brazil,67.2,119,UNESP,891,,62%,38%,33%,67%,451-500,"3,315","42,201",https://www.topuniversities.com/universities/unesp
477,46.4,Brazil,61.8,22,Universidade Federal de São Carlos (UFSCAR),217,,74%,26%,23%,87%,451-500,"1,278","12,970",https://www.topuniversities.com/universities/universidade-federal-de-s%C3%A3o-carlos-ufscar
478,42.8,France,78.7,333,University of Bordeaux,"4,607",,64%,36%,46%,54%,451-500,"2,833","47,235",https://www.topuniversities.com/universities/university-bordeaux
479,35.3,France,80.1,148,Université de Montpellier ,"5,860",,51%,49%,42%,58%,451-500,"2,107","40,480",https://www.topuniversities.com/universities/universit%C3%A9-de-montpellier
480,34.3,France,83.3,354,Université de Strasbourg,"7,522",,53%,47%,43%,57%,451-500,"2,349","43,319",https://www.topuniversities.com/universities/universit%C3%A9-de-strasbourg
481,31.2,France,78.5,119,"Université Lille 1, Sciences et Technologies","4,071",,56%,44%,38%,62%,451-500,"1,189","20,115",https://www.topuniversities.com/universities/universit%C3%A9-lille-1-sciences-et-technologies
482,47.9,France,70.6,139,Université Paris Descartes,"3,611",,49%,51%,17%,35%,451-500,"1,883","40,616",https://www.topuniversities.com/universities/universit%C3%A9-paris-descartes
483,52.6,Malaysia,54.6,21,Universiti Tenaga Nasional (UNITEN),575,,33%,67%,8%,92%,451-500,417,"8,231",https://www.topuniversities.com/universities/universiti-tenaga-nasional-uniten
484,41.2,Malaysia,59.7,91,Universiti Tunku Abdul Rahman (UTAR),194,,35%,65%,2%,98%,451-500,"1,115","20,490",https://www.topuniversities.com/universities/universiti-tunku-abdul-rahman-utar
485,48.9,Malaysia,49.2,136,Universiti Utara Malaysia (UUM),"2,641",,57%,43%,21%,79%,451-500,"1,106","13,594",https://www.topuniversities.com/universities/universiti-utara-malaysia-uum
486,41.3,Switzerland,73.9,684,University of Basel,"3,441",,64%,36%,49%,51%,451-500,"1,057","12,852",https://www.topuniversities.com/universities/university-basel
487,35.3,United States,82.3,133,University of Central Florida,"1,324",,62%,38%,11%,89%,451-500,"1,866","48,364",https://www.topuniversities.com/universities/university-central-florida
488,34.8,China,77.1,35,University of Electronic Science and Technology of China,29,,10%,90%,35%,65%,451-500,"1,905","31,315",https://www.topuniversities.com/universities/university-electronic-science-technology-china
489,32.9,United Kingdom,70.3,597,The University of Exeter,"5,504",,33%,67%,18%,82%,451-500,"1,756","20,749",https://www.topuniversities.com/universities/university-exeter
490,48.1,,72.6,,University of Haifa,,,,,,,451-500,,,https://www.topuniversities.com/universities/university-haifa
491,39,United States,74,284,University of Kansas,"2,070",,55%,45%,27%,73%,451-500,"3,324","24,133",https://www.topuniversities.com/universities/university-kansas
492,40.9,United Kingdom,73.4,450,University of Leicester,"4,080",,45%,55%,22%,78%,451-500,"1,391","13,745",https://www.topuniversities.com/universities/university-leicester
493,41.1,Slovenia,80.7,73,University of Ljubljana,"2,113",,50%,45%,39%,61%,451-500,"3,629","40,432",https://www.topuniversities.com/universities/university-ljubljana
494,44.6,United States,85.4,50,"University of Maryland, Baltimore County",936,,53%,47%,14%,86%,451-500,778,"11,738",https://www.topuniversities.com/universities/university-maryland-baltimore-county
495,31.4,United States,78,77,University of Miami,"2,564",,41%,59%,33%,67%,451-500,"1,837","15,596",https://www.topuniversities.com/universities/university-miami
496,33,United States,90.2,575,University of Nebraska-Lincoln,"3,525",,32%,68%,15%,85%,451-500,"1,953","28,415",https://www.topuniversities.com/universities/university-nebraska-lincoln
497,38.6,China,75.7,40,University of Science and Technology Beijing,863,,51%,49%,45%,55%,451-500,"1,548","24,049",https://www.topuniversities.com/universities/university-science-technology-beijing
498,38.1,United States,83.7,375,University of South Florida,"4,347",,41%,59%,22%,78%,451-500,"2,040","33,413",https://www.topuniversities.com/universities/university-south-florida
499,36.3,United States,83.4,72,Worcester Polytechnic Institute,"1,156",,57%,43%,24%,76%,451-500,452,"5,413",https://www.topuniversities.com/universities/worcester-polytechnic-institute
500,35.7,China,79.9,164,Xiamen University,"1,769",,33%,67%,45%,55%,451-500,"2,692","35,118",https://www.topuniversities.com/universities/xiamen-university
